gene_id,experiment_id,log2fc,padj
CCNA_R0094,quintero_wt-highK_vs_wt-lowK,-0.193960880080559,0.490621346627939
CCNA_00001,quintero_wt-highK_vs_wt-lowK,-0.0918239964527257,0.632126923788619
CCNA_00002,quintero_wt-highK_vs_wt-lowK,-0.0454943735751617,0.819127710717987
CCNA_00003,quintero_wt-highK_vs_wt-lowK,0.106477699518845,0.569434837711954
CCNA_00004,quintero_wt-highK_vs_wt-lowK,0.16676239587406,0.422254240251176
CCNA_00005,quintero_wt-highK_vs_wt-lowK,0.169826601240288,0.314022911301583
CCNA_00006,quintero_wt-highK_vs_wt-lowK,0.561323600140134,7.85439525832759e-4
CCNA_R0095,quintero_wt-highK_vs_wt-lowK,0.723332841315693,1.34155786548397e-4
CCNA_00007,quintero_wt-highK_vs_wt-lowK,0.97293638921902,1.03712317434778e-7
CCNA_00008,quintero_wt-highK_vs_wt-lowK,0.182788608037862,0.255282274520553
CCNA_00009,quintero_wt-highK_vs_wt-lowK,-0.0748815031977209,0.778625604845313
CCNA_00010,quintero_wt-highK_vs_wt-lowK,0.99060560839001,1.55391387007195e-8
CCNA_00011,quintero_wt-highK_vs_wt-lowK,1.10325462692116,3.4186442963165e-10
CCNA_00012,quintero_wt-highK_vs_wt-lowK,0.13111050020875,0.440712512483579
CCNA_R0096,quintero_wt-highK_vs_wt-lowK,0,0
CCNA_00013,quintero_wt-highK_vs_wt-lowK,0.035900109531537903,0.849422289621813
CCNA_00014,quintero_wt-highK_vs_wt-lowK,0.316654285443968,0.0737411386996227
CCNA_00015,quintero_wt-highK_vs_wt-lowK,0.217555004740602,0.31967587710688
CCNA_00016,quintero_wt-highK_vs_wt-lowK,0.523547624337708,0.0417835510286339
CCNA_00017,quintero_wt-highK_vs_wt-lowK,0.21982609889767,0.590559457733262
CCNA_00018,quintero_wt-highK_vs_wt-lowK,-0.126653224631277,0.546839368065999
CCNA_00019,quintero_wt-highK_vs_wt-lowK,-0.00183536680185561,0.993536155032775
CCNA_00020,quintero_wt-highK_vs_wt-lowK,-0.18394638682419,0.347182576526825
CCNA_03911,quintero_wt-highK_vs_wt-lowK,-1.08578086715571,2.11070900869697e-6
CCNA_00021,quintero_wt-highK_vs_wt-lowK,-1.26022306910413,2.40440581485647e-9
CCNA_00022,quintero_wt-highK_vs_wt-lowK,-1.29293637151172,2.63586275095232e-8
CCNA_00023,quintero_wt-highK_vs_wt-lowK,-0.473155646858522,0.0477936662936155
CCNA_00024,quintero_wt-highK_vs_wt-lowK,-0.239159688557617,0.188089484385801
CCNA_00025,quintero_wt-highK_vs_wt-lowK,-0.0093486819169868,0.965884876028724
CCNA_00026,quintero_wt-highK_vs_wt-lowK,0.0463402151756187,0.824326426501065
CCNA_00027,quintero_wt-highK_vs_wt-lowK,1.77544537889164,1.22201467080536e-16
CCNA_R0097,quintero_wt-highK_vs_wt-lowK,1.4509272008561,0.00279618133441646
CCNA_00028,quintero_wt-highK_vs_wt-lowK,1.76613304180338,1.21852696345468e-11
CCNA_00029,quintero_wt-highK_vs_wt-lowK,0.325297668166693,0.0811750152649538
CCNA_00030,quintero_wt-highK_vs_wt-lowK,-0.119066259137011,0.526989677341951
CCNA_00031,quintero_wt-highK_vs_wt-lowK,0.192076993431064,0.34944921510061
CCNA_00032,quintero_wt-highK_vs_wt-lowK,0.0456450686300355,0.839641759738038
CCNA_03912,quintero_wt-highK_vs_wt-lowK,-0.215661583633629,0.314405380394763
CCNA_00033,quintero_wt-highK_vs_wt-lowK,0.553442455978866,2.5575778412734e-4
CCNA_00034,quintero_wt-highK_vs_wt-lowK,1.17015468891467,5.83700705377142e-10
CCNA_00035,quintero_wt-highK_vs_wt-lowK,1.10480787212994,7.29673210485266e-11
CCNA_00036,quintero_wt-highK_vs_wt-lowK,0.964357738009241,7.57104262785123e-9
CCNA_00037,quintero_wt-highK_vs_wt-lowK,-0.669257341776199,0.00125694707497347
CCNA_00038,quintero_wt-highK_vs_wt-lowK,0.148552173356839,0.417562296550398
CCNA_00039,quintero_wt-highK_vs_wt-lowK,-0.0487683755988344,0.805997956607698
CCNA_00040,quintero_wt-highK_vs_wt-lowK,-0.21806806576591,0.210275037822918
CCNA_00041,quintero_wt-highK_vs_wt-lowK,0.804043030837381,8.63891039851453e-6
CCNA_R0098,quintero_wt-highK_vs_wt-lowK,0.790897552401358,0.00135078870056765
CCNA_00042,quintero_wt-highK_vs_wt-lowK,1.12087909876438,3.55808363909684e-12
CCNA_00043,quintero_wt-highK_vs_wt-lowK,0.730915199609888,1.57497329639421e-5
CCNA_00044,quintero_wt-highK_vs_wt-lowK,1.1025636848251,8.84297755987724e-11
CCNA_00045,quintero_wt-highK_vs_wt-lowK,0.962332576821647,5.55819271719938e-8
CCNA_00046,quintero_wt-highK_vs_wt-lowK,0.561328798749732,5.00913083746064e-4
CCNA_00047,quintero_wt-highK_vs_wt-lowK,0.879754825852953,1.72664883523093e-6
CCNA_00048,quintero_wt-highK_vs_wt-lowK,0.6820252896146,0.00170362090805729
CCNA_00049,quintero_wt-highK_vs_wt-lowK,-0.0117772755402008,0.973406435701516
CCNA_00050,quintero_wt-highK_vs_wt-lowK,0.0107889486605157,0.956513398195861
CCNA_00051,quintero_wt-highK_vs_wt-lowK,-0.0478285415896237,0.798463024153566
CCNA_00052,quintero_wt-highK_vs_wt-lowK,0.914308694964665,5.26174461625622e-8
CCNA_00053,quintero_wt-highK_vs_wt-lowK,0.872528325046578,5.39974215491684e-7
CCNA_00054,quintero_wt-highK_vs_wt-lowK,0.673954488693174,5.94390543549165e-5
CCNA_00055,quintero_wt-highK_vs_wt-lowK,-0.171466279996004,0.38661493664856
CCNA_00056,quintero_wt-highK_vs_wt-lowK,0.447412445286049,0.0604262699380864
CCNA_00057,quintero_wt-highK_vs_wt-lowK,0.685635028926343,4.30337746363275e-5
CCNA_00058,quintero_wt-highK_vs_wt-lowK,0.523163799101453,0.00106895344463784
CCNA_00059,quintero_wt-highK_vs_wt-lowK,0.755344114884203,5.99860074937223e-7
CCNA_00060,quintero_wt-highK_vs_wt-lowK,0.453729532519941,0.00705689023713844
CCNA_00061,quintero_wt-highK_vs_wt-lowK,-1.52217102408256,1.65797011413878e-11
CCNA_00062,quintero_wt-highK_vs_wt-lowK,0.583192342386695,6.72738753099919e-4
CCNA_03913,quintero_wt-highK_vs_wt-lowK,0.881175560601471,1.41577244565808e-4
CCNA_00063,quintero_wt-highK_vs_wt-lowK,0.619866105915928,1.48838292473872e-4
CCNA_00064,quintero_wt-highK_vs_wt-lowK,-1.4625675701891,9.84311451267083e-9
CCNA_03914,quintero_wt-highK_vs_wt-lowK,0.361996648203354,0.450147833348646
CCNA_00065,quintero_wt-highK_vs_wt-lowK,0.111404180892464,0.526989677341951
CCNA_00066,quintero_wt-highK_vs_wt-lowK,0.749945444725391,1.03993828783243e-5
CCNA_00067,quintero_wt-highK_vs_wt-lowK,0.419518060514083,0.0684020618727525
CCNA_00068,quintero_wt-highK_vs_wt-lowK,0.525511181039695,0.0022326270758553
CCNA_00069,quintero_wt-highK_vs_wt-lowK,0.541395830705986,0.00577809462457852
CCNA_00070,quintero_wt-highK_vs_wt-lowK,0.374969004343657,0.0683744809315087
CCNA_00071,quintero_wt-highK_vs_wt-lowK,0.475276762502558,0.0545665766405453
CCNA_00072,quintero_wt-highK_vs_wt-lowK,-0.646754439748268,8.9446745931402e-5
CCNA_00073,quintero_wt-highK_vs_wt-lowK,-0.240116285734684,0.14177982084378
CCNA_R0001,quintero_wt-highK_vs_wt-lowK,1.07838259119349,5.18045394782479e-10
CCNA_00074,quintero_wt-highK_vs_wt-lowK,-0.0867733191082126,0.655796916766917
CCNA_00075,quintero_wt-highK_vs_wt-lowK,-0.490447411698122,0.00112944514157372
CCNA_00076,quintero_wt-highK_vs_wt-lowK,-1.01743967858654,2.3773948019308e-9
CCNA_00077,quintero_wt-highK_vs_wt-lowK,-0.611211719866545,1.48270165892649e-4
CCNA_00078,quintero_wt-highK_vs_wt-lowK,-0.636625279322059,2.6706497062557e-4
CCNA_00079,quintero_wt-highK_vs_wt-lowK,-1.03335164380395,1.24781434913478e-7
CCNA_00080,quintero_wt-highK_vs_wt-lowK,-0.370992453264843,0.0566378156503701
CCNA_00081,quintero_wt-highK_vs_wt-lowK,-0.421378859114744,0.0280113710898432
CCNA_00082,quintero_wt-highK_vs_wt-lowK,0.845767785267636,3.24223900514433e-6
CCNA_00083,quintero_wt-highK_vs_wt-lowK,0.461016170885746,0.00529001066867823
CCNA_00084,quintero_wt-highK_vs_wt-lowK,1.6056391717691,1.61090786674933e-15
CCNA_00085,quintero_wt-highK_vs_wt-lowK,1.13772566294363,6.22881086262849e-10
CCNA_00086,quintero_wt-highK_vs_wt-lowK,-0.287708314223334,0.0614554260635833
CCNA_R0002,quintero_wt-highK_vs_wt-lowK,-0.0254426082908485,0.949560156736388
CCNA_00087,quintero_wt-highK_vs_wt-lowK,-0.429311151863827,0.0175541858731107
CCNA_00088,quintero_wt-highK_vs_wt-lowK,-0.457912871044144,0.00272228594479551
CCNA_00089,quintero_wt-highK_vs_wt-lowK,0.0469446270606113,0.805997956607698
CCNA_00090,quintero_wt-highK_vs_wt-lowK,0.269303817949868,0.180612307641564
CCNA_00091,quintero_wt-highK_vs_wt-lowK,-0.0142024003389616,0.952300751024265
CCNA_00092,quintero_wt-highK_vs_wt-lowK,-0.839545019307823,4.50489190919112e-7
CCNA_00093,quintero_wt-highK_vs_wt-lowK,0.317053846143504,0.0796622141456878
CCNA_00094,quintero_wt-highK_vs_wt-lowK,0.12862741765247,0.480366402475359
CCNA_00095,quintero_wt-highK_vs_wt-lowK,-0.821674323113071,7.8580732474077e-6
CCNA_00096,quintero_wt-highK_vs_wt-lowK,0.374706018393572,0.0588085344279725
CCNA_00097,quintero_wt-highK_vs_wt-lowK,0.542207993383291,0.0167405886326207
CCNA_00098,quintero_wt-highK_vs_wt-lowK,0.174017308954699,0.485685000257896
CCNA_00099,quintero_wt-highK_vs_wt-lowK,-0.0342691969435836,0.859831869589069
CCNA_00100,quintero_wt-highK_vs_wt-lowK,0.262491578357237,0.130151160888634
CCNA_00101,quintero_wt-highK_vs_wt-lowK,0.671117551512257,5.67986701180693e-5
CCNA_00102,quintero_wt-highK_vs_wt-lowK,0.23579101629048,0.278992971180328
CCNA_00103,quintero_wt-highK_vs_wt-lowK,-0.453705344766399,0.00389031227649387
CCNA_00104,quintero_wt-highK_vs_wt-lowK,0.636764890606107,4.92201508946997e-4
CCNA_00105,quintero_wt-highK_vs_wt-lowK,-0.176356030454583,0.334694058153942
CCNA_00106,quintero_wt-highK_vs_wt-lowK,0.437662141490655,0.00930064882692057
CCNA_00107,quintero_wt-highK_vs_wt-lowK,0.0173925235361256,0.946274810834412
CCNA_00108,quintero_wt-highK_vs_wt-lowK,0.121516439217037,0.524752032328833
CCNA_00109,quintero_wt-highK_vs_wt-lowK,0.275391773060705,0.126999782603405
CCNA_00110,quintero_wt-highK_vs_wt-lowK,0.566358516616967,9.98057710795582e-4
CCNA_00111,quintero_wt-highK_vs_wt-lowK,-0.753075074814743,1.59281349550185e-6
CCNA_00112,quintero_wt-highK_vs_wt-lowK,-0.505342226362868,0.00256551053466444
CCNA_00113,quintero_wt-highK_vs_wt-lowK,-0.074333727820308,0.817070038171401
CCNA_00114,quintero_wt-highK_vs_wt-lowK,0.00213129413167717,0.99506721614877
CCNA_00115,quintero_wt-highK_vs_wt-lowK,0.394474936346341,0.0270036954940221
CCNA_R0099,quintero_wt-highK_vs_wt-lowK,0,0
CCNA_00116,quintero_wt-highK_vs_wt-lowK,0.273132767957043,0.0892274572530012
CCNA_00117,quintero_wt-highK_vs_wt-lowK,0.392447926268181,0.0249718521391417
CCNA_00118,quintero_wt-highK_vs_wt-lowK,-0.100730325449653,0.580179292844772
CCNA_00119,quintero_wt-highK_vs_wt-lowK,-0.593289693029679,0.00341900855942934
CCNA_00120,quintero_wt-highK_vs_wt-lowK,-0.404022201060902,0.088831059060054507
CCNA_00121,quintero_wt-highK_vs_wt-lowK,-0.44896978940788,0.0320725602316535
CCNA_00122,quintero_wt-highK_vs_wt-lowK,-0.720938223737886,9.10985376138112e-4
CCNA_00123,quintero_wt-highK_vs_wt-lowK,-0.371332785746721,0.0197384399320813
CCNA_00124,quintero_wt-highK_vs_wt-lowK,-1.41141062694018,5.13825993811906e-11
CCNA_00125,quintero_wt-highK_vs_wt-lowK,0.200213046836766,0.28773905379942
CCNA_00126,quintero_wt-highK_vs_wt-lowK,-0.676287913986305,1.89154017359242e-5
CCNA_00127,quintero_wt-highK_vs_wt-lowK,-2.0122128542123,2.6778272057022e-10
CCNA_00128,quintero_wt-highK_vs_wt-lowK,0.976541012002644,1.27196574282515e-6
CCNA_00129,quintero_wt-highK_vs_wt-lowK,0.754019878197381,3.28264815196166e-5
CCNA_00130,quintero_wt-highK_vs_wt-lowK,0.662888678595001,1.41577244565808e-4
CCNA_00131,quintero_wt-highK_vs_wt-lowK,0.163818328313801,0.376633048572133
CCNA_00132,quintero_wt-highK_vs_wt-lowK,-0.266984169162052,0.107546336249523
CCNA_00133,quintero_wt-highK_vs_wt-lowK,0.132549992865412,0.450665263966084
CCNA_00134,quintero_wt-highK_vs_wt-lowK,-0.259966586841705,0.122163380267919
CCNA_00135,quintero_wt-highK_vs_wt-lowK,-0.501379512501787,0.00202950808281689
CCNA_00136,quintero_wt-highK_vs_wt-lowK,0.0833623279380586,0.676477058745129
CCNA_00137,quintero_wt-highK_vs_wt-lowK,0.115427006397559,0.515999271520289
CCNA_00138,quintero_wt-highK_vs_wt-lowK,1.15677614643143,1.60855355918506e-5
CCNA_00139,quintero_wt-highK_vs_wt-lowK,-0.35075835019993,0.0397813677333301
CCNA_00140,quintero_wt-highK_vs_wt-lowK,0.238106674506876,0.168356699047612
CCNA_00141,quintero_wt-highK_vs_wt-lowK,-0.287171929179175,0.148146947429082
CCNA_00142,quintero_wt-highK_vs_wt-lowK,-0.516017151513033,0.0141209680548776
CCNA_00143,quintero_wt-highK_vs_wt-lowK,-0.237733848949236,0.237687001527042
CCNA_00144,quintero_wt-highK_vs_wt-lowK,0.0587799281984727,0.762792804521062
CCNA_00145,quintero_wt-highK_vs_wt-lowK,-0.091043593681334,0.655914465914762
CCNA_00146,quintero_wt-highK_vs_wt-lowK,0.373198589965062,0.0290164237851591
CCNA_00147,quintero_wt-highK_vs_wt-lowK,-0.24881131272454,0.430665112740164
CCNA_00148,quintero_wt-highK_vs_wt-lowK,-0.0602565178371442,0.774270465002249
CCNA_00149,quintero_wt-highK_vs_wt-lowK,-8.64326236862238e-4,0.997485200305051
CCNA_00150,quintero_wt-highK_vs_wt-lowK,-0.198905735983429,0.285070756146341
CCNA_00151,quintero_wt-highK_vs_wt-lowK,0.737657873321803,8.5483316380874e-4
CCNA_00152,quintero_wt-highK_vs_wt-lowK,-0.15610718552468,0.370605978210803
CCNA_00153,quintero_wt-highK_vs_wt-lowK,0.2758136701051,0.0897805411109689
CCNA_00154,quintero_wt-highK_vs_wt-lowK,1.02322164227493,1.41478287030835e-5
CCNA_00155,quintero_wt-highK_vs_wt-lowK,0.214566070017572,0.180612307641564
CCNA_00156,quintero_wt-highK_vs_wt-lowK,-0.114064413010134,0.663636541386527
CCNA_00157,quintero_wt-highK_vs_wt-lowK,0.0360380230301857,0.852308828836633
CCNA_R0100,quintero_wt-highK_vs_wt-lowK,-0.540953229751478,0.135460571389115
CCNA_00158,quintero_wt-highK_vs_wt-lowK,0.584736098557279,2.01544870538224e-4
CCNA_00159,quintero_wt-highK_vs_wt-lowK,0.392265132815417,0.017573370707155
CCNA_00160,quintero_wt-highK_vs_wt-lowK,0.178939365380363,0.360192888220102
CCNA_00161,quintero_wt-highK_vs_wt-lowK,-0.0882391106971975,0.624612881948794
CCNA_00162,quintero_wt-highK_vs_wt-lowK,0.150785251481159,0.42406505127634
CCNA_00163,quintero_wt-highK_vs_wt-lowK,0.334891258100324,0.0647623749197738
CCNA_00164,quintero_wt-highK_vs_wt-lowK,0.50709987045407,0.00507758724129927
CCNA_00165,quintero_wt-highK_vs_wt-lowK,-0.388523042202998,0.0293267873545078
CCNA_03915,quintero_wt-highK_vs_wt-lowK,0.354242071744656,0.143308109694488
CCNA_00166,quintero_wt-highK_vs_wt-lowK,-0.438410163008002,0.00632940576280463
CCNA_00167,quintero_wt-highK_vs_wt-lowK,-0.451392787212395,0.0339199558916162
CCNA_00168,quintero_wt-highK_vs_wt-lowK,-0.385297441931065,0.0175541858731107
CCNA_00169,quintero_wt-highK_vs_wt-lowK,0.386619659517816,0.0348821238858955
CCNA_00170,quintero_wt-highK_vs_wt-lowK,0.509600269311277,0.00319176106471427
CCNA_00171,quintero_wt-highK_vs_wt-lowK,-0.355664823335205,0.252158852259004
CCNA_00172,quintero_wt-highK_vs_wt-lowK,-0.119628896611829,0.581419073884092
CCNA_00173,quintero_wt-highK_vs_wt-lowK,-0.167827828637749,0.450665263966084
CCNA_00174,quintero_wt-highK_vs_wt-lowK,0.182446876124789,0.512691853237697
CCNA_00175,quintero_wt-highK_vs_wt-lowK,-0.393950659593932,0.0334507718642428
CCNA_00176,quintero_wt-highK_vs_wt-lowK,-0.0538068484385087,0.87643878473132
CCNA_00177,quintero_wt-highK_vs_wt-lowK,0.0214959183664679,0.974703038395085
CCNA_00178,quintero_wt-highK_vs_wt-lowK,0.439623063121845,0.1651154667626
CCNA_00179,quintero_wt-highK_vs_wt-lowK,0.238263160653931,0.332469752707213
CCNA_00180,quintero_wt-highK_vs_wt-lowK,0.460652746269111,0.0179788267374987
CCNA_00181,quintero_wt-highK_vs_wt-lowK,-0.0686851812596572,0.816980338878571
CCNA_00182,quintero_wt-highK_vs_wt-lowK,0.405706823865129,0.0610774624073834
CCNA_00183,quintero_wt-highK_vs_wt-lowK,0.359443760580218,0.0904969272222477
CCNA_00184,quintero_wt-highK_vs_wt-lowK,1.02696345647945,0.00431488660147092
CCNA_00185,quintero_wt-highK_vs_wt-lowK,0.993477012551793,5.33060783903807e-4
CCNA_R0003,quintero_wt-highK_vs_wt-lowK,1.04793031672702,3.27513655029653e-6
CCNA_00186,quintero_wt-highK_vs_wt-lowK,0.0366549604250863,0.868309558234434
CCNA_00187,quintero_wt-highK_vs_wt-lowK,-0.111313900263543,0.612908871054665
CCNA_00188,quintero_wt-highK_vs_wt-lowK,0.502071859141,0.00136812642684982
CCNA_00189,quintero_wt-highK_vs_wt-lowK,0.470669855404513,0.00304086276165279
CCNA_00190,quintero_wt-highK_vs_wt-lowK,0.619764624483032,0.00205183836265502
CCNA_00191,quintero_wt-highK_vs_wt-lowK,-0.674419928169087,0.00120517795212504
CCNA_00192,quintero_wt-highK_vs_wt-lowK,-0.959774627950678,8.13965749549809e-7
CCNA_00193,quintero_wt-highK_vs_wt-lowK,0.815293412052928,2.08073674854806e-4
CCNA_00194,quintero_wt-highK_vs_wt-lowK,0.820268007840368,6.71891460330648e-6
CCNA_00195,quintero_wt-highK_vs_wt-lowK,0.786499407897172,1.15326409363076e-5
CCNA_00196,quintero_wt-highK_vs_wt-lowK,0.688303558457553,5.67986701180693e-5
CCNA_R0004,quintero_wt-highK_vs_wt-lowK,-0.645174486462841,0.134335488330494
CCNA_00197,quintero_wt-highK_vs_wt-lowK,0.99615538404719,2.46651374150402e-7
CCNA_00198,quintero_wt-highK_vs_wt-lowK,1.00144512884601,9.43595716635559e-8
CCNA_00199,quintero_wt-highK_vs_wt-lowK,-0.185605888207337,0.285988085540588
CCNA_00200,quintero_wt-highK_vs_wt-lowK,-0.738178689024913,5.85148360736703e-4
CCNA_00201,quintero_wt-highK_vs_wt-lowK,-0.424628854969184,0.0270770560973696
CCNA_00202,quintero_wt-highK_vs_wt-lowK,0.277277876623188,0.100473842406303
CCNA_00203,quintero_wt-highK_vs_wt-lowK,0.0153012200227247,0.945987898384039
CCNA_00204,quintero_wt-highK_vs_wt-lowK,0.0305349725761572,0.873746835922195
CCNA_00205,quintero_wt-highK_vs_wt-lowK,0.082672509647871,0.6958895862733
CCNA_03916,quintero_wt-highK_vs_wt-lowK,-0.557144027346966,0.19055738290756
CCNA_00206,quintero_wt-highK_vs_wt-lowK,-0.425061416196231,0.017722449661162
CCNA_00207,quintero_wt-highK_vs_wt-lowK,-0.325500159684986,0.0718054776055191
CCNA_00208,quintero_wt-highK_vs_wt-lowK,0.362019803409164,0.144222823317648
CCNA_00209,quintero_wt-highK_vs_wt-lowK,0.164349944556165,0.403125561447739
CCNA_00210,quintero_wt-highK_vs_wt-lowK,0.0803642678230406,0.68843309308871
CCNA_00211,quintero_wt-highK_vs_wt-lowK,0.884445054246088,1.88918806986593e-6
CCNA_00212,quintero_wt-highK_vs_wt-lowK,1.00292460058838,1.91160527901956e-8
CCNA_00213,quintero_wt-highK_vs_wt-lowK,0.706460929767445,4.90950718647887e-4
CCNA_00214,quintero_wt-highK_vs_wt-lowK,-0.183995943367508,0.763051454305177
CCNA_R0101,quintero_wt-highK_vs_wt-lowK,0.270801544288139,0.416023387284393
CCNA_00215,quintero_wt-highK_vs_wt-lowK,1.08496813986228,9.03844432183745e-9
CCNA_00216,quintero_wt-highK_vs_wt-lowK,-0.808713726155913,7.70946349897078e-4
CCNA_00217,quintero_wt-highK_vs_wt-lowK,-0.305132987201844,0.079885505923729
CCNA_00218,quintero_wt-highK_vs_wt-lowK,0.727932171450668,6.78034298377859e-5
CCNA_00220,quintero_wt-highK_vs_wt-lowK,0.734096172590735,0.00385264815277355
CCNA_00221,quintero_wt-highK_vs_wt-lowK,0.0139323813419537,0.946800930954788
CCNA_00222,quintero_wt-highK_vs_wt-lowK,0.35829188986769,0.0325724324841082
CCNA_00223,quintero_wt-highK_vs_wt-lowK,0.529598513527932,0.00389295136025204
CCNA_00224,quintero_wt-highK_vs_wt-lowK,0.0953285046985107,0.60372129554464
CCNA_00225,quintero_wt-highK_vs_wt-lowK,-0.107648328614956,0.794025982336223
CCNA_00226,quintero_wt-highK_vs_wt-lowK,0.424031221952845,0.151455395633958
CCNA_00227,quintero_wt-highK_vs_wt-lowK,0.37333821106509,0.0477936662936155
CCNA_00228,quintero_wt-highK_vs_wt-lowK,0.169506035697095,0.350959671386348
CCNA_00229,quintero_wt-highK_vs_wt-lowK,-0.141434334955,0.525332572700879
CCNA_00230,quintero_wt-highK_vs_wt-lowK,0.119548270682533,0.534633616098941
CCNA_00231,quintero_wt-highK_vs_wt-lowK,0.118522482165955,0.546401854265239
CCNA_00232,quintero_wt-highK_vs_wt-lowK,-0.201863534363657,0.300436525402303
CCNA_00233,quintero_wt-highK_vs_wt-lowK,-0.349974966299008,0.0377406813208537
CCNA_00234,quintero_wt-highK_vs_wt-lowK,-0.303853005550127,0.0794913129221153
CCNA_00235,quintero_wt-highK_vs_wt-lowK,-0.00713915429468369,0.981225880531218
CCNA_00236,quintero_wt-highK_vs_wt-lowK,0.0153380780359109,0.938727972838514
CCNA_00237,quintero_wt-highK_vs_wt-lowK,0.0935505693575806,0.621525831953402
CCNA_00238,quintero_wt-highK_vs_wt-lowK,0.362352303993935,0.0174017059901958
CCNA_00239,quintero_wt-highK_vs_wt-lowK,0.421886268312253,0.0350576674965614
CCNA_00240,quintero_wt-highK_vs_wt-lowK,0.131066847538648,0.552627875533959
CCNA_00241,quintero_wt-highK_vs_wt-lowK,0.0790984591439095,0.68906020905609
CCNA_03917,quintero_wt-highK_vs_wt-lowK,-0.379851605171826,0.039845099338625
CCNA_00243,quintero_wt-highK_vs_wt-lowK,0.693782890640935,8.19227120855742e-5
CCNA_00244,quintero_wt-highK_vs_wt-lowK,-0.580437701306057,0.0177093025447951
CCNA_00245,quintero_wt-highK_vs_wt-lowK,0.332389486817689,0.0884348837643725
CCNA_00246,quintero_wt-highK_vs_wt-lowK,-0.530664137960146,0.00185009736229748
CCNA_00247,quintero_wt-highK_vs_wt-lowK,-1.31572471000861,1.4672182100537301e-13
CCNA_00248,quintero_wt-highK_vs_wt-lowK,-1.3919823975967,3.05461661894442e-11
CCNA_00249,quintero_wt-highK_vs_wt-lowK,0.137544624485746,0.440862364287912
CCNA_00250,quintero_wt-highK_vs_wt-lowK,-0.368292806190281,0.015980447322007
CCNA_00251,quintero_wt-highK_vs_wt-lowK,0.150461338164852,0.449849882875323
CCNA_00252,quintero_wt-highK_vs_wt-lowK,-0.0650602533117134,0.721654972429337
CCNA_00253,quintero_wt-highK_vs_wt-lowK,0.843041713782682,1.4269759045824e-5
CCNA_00254,quintero_wt-highK_vs_wt-lowK,0.854367963136801,5.69048543440633e-6
CCNA_00255,quintero_wt-highK_vs_wt-lowK,0.566658157722129,0.00103664567386991
CCNA_00256,quintero_wt-highK_vs_wt-lowK,0.412230760653986,0.00963477091241861
CCNA_00257,quintero_wt-highK_vs_wt-lowK,0.682947799453372,6.95300000292581e-4
CCNA_00259,quintero_wt-highK_vs_wt-lowK,-0.401516787321193,0.0285558178037821
CCNA_00260,quintero_wt-highK_vs_wt-lowK,-0.0831182089069058,0.71705924230055
CCNA_00261,quintero_wt-highK_vs_wt-lowK,-0.994894062762575,1.01168454802931e-6
CCNA_00262,quintero_wt-highK_vs_wt-lowK,-0.550291488651838,0.00113569143923198
CCNA_00263,quintero_wt-highK_vs_wt-lowK,-1.45518311164389,3.00981709825385e-15
CCNA_00264,quintero_wt-highK_vs_wt-lowK,0.10723362608338,0.554959737780852
CCNA_00265,quintero_wt-highK_vs_wt-lowK,-0.0273805864866987,0.888868421712466
CCNA_00266,quintero_wt-highK_vs_wt-lowK,-0.0327598694067343,0.884647751046934
CCNA_00267,quintero_wt-highK_vs_wt-lowK,0.160006804217769,0.352875770383225
CCNA_R0005,quintero_wt-highK_vs_wt-lowK,0.458416388462871,0.133068912555765
CCNA_00268,quintero_wt-highK_vs_wt-lowK,-0.0179443433153795,0.926529288032986
CCNA_00269,quintero_wt-highK_vs_wt-lowK,0.00730329095028843,0.972590586614718
CCNA_00270,quintero_wt-highK_vs_wt-lowK,-0.0607739850154801,0.741858285759517
CCNA_00271,quintero_wt-highK_vs_wt-lowK,0.325021355924337,0.120731019508457
CCNA_00272,quintero_wt-highK_vs_wt-lowK,-0.0215256645794932,0.910619421633395
CCNA_00273,quintero_wt-highK_vs_wt-lowK,0.691970700762736,1.69733719531665e-5
CCNA_00274,quintero_wt-highK_vs_wt-lowK,-0.646669823200736,0.0144204090986907
CCNA_00275,quintero_wt-highK_vs_wt-lowK,-1.18978590115342,7.6912626604998e-6
CCNA_00276,quintero_wt-highK_vs_wt-lowK,0.0344483487736935,0.882552985882906
CCNA_00277,quintero_wt-highK_vs_wt-lowK,0.573816905478607,5.59912134597937e-4
CCNA_00278,quintero_wt-highK_vs_wt-lowK,0.276400146915446,0.13117084729528
CCNA_00279,quintero_wt-highK_vs_wt-lowK,-2.1031819803516,1.00552614619258e-4
CCNA_00280,quintero_wt-highK_vs_wt-lowK,0.144072535674851,0.51896993514318
CCNA_00281,quintero_wt-highK_vs_wt-lowK,0.685008658273228,0.0010454320413909
CCNA_00282,quintero_wt-highK_vs_wt-lowK,-1.23114732611009,2.93840361225237e-11
CCNA_00283,quintero_wt-highK_vs_wt-lowK,0.286528351448737,0.0658665200723945
CCNA_00284,quintero_wt-highK_vs_wt-lowK,1.11353161413903,9.86294703739709e-8
CCNA_00285,quintero_wt-highK_vs_wt-lowK,0.79221936591831,2.67714848860519e-5
CCNA_00286,quintero_wt-highK_vs_wt-lowK,-0.773774294625899,2.82437536182383e-5
CCNA_00287,quintero_wt-highK_vs_wt-lowK,-0.334272420639759,0.0503595720425489
CCNA_00288,quintero_wt-highK_vs_wt-lowK,0.982559349744902,2.2445636165742e-5
CCNA_00289,quintero_wt-highK_vs_wt-lowK,1.2588683888223,1.3468645171628e-8
CCNA_00290,quintero_wt-highK_vs_wt-lowK,0.357278425955537,0.0280113710898432
CCNA_00291,quintero_wt-highK_vs_wt-lowK,-0.13974904943459,0.406738455161477
CCNA_00292,quintero_wt-highK_vs_wt-lowK,0.779535391405435,4.72955262410665e-5
CCNA_00293,quintero_wt-highK_vs_wt-lowK,0.714565157006354,0.00103105092282298
CCNA_00294,quintero_wt-highK_vs_wt-lowK,0.724657455772873,2.14410120310842e-4
CCNA_00295,quintero_wt-highK_vs_wt-lowK,0.710870619804132,5.50317193479744e-4
CCNA_00296,quintero_wt-highK_vs_wt-lowK,0.403068169085795,0.0667449934807116
CCNA_00297,quintero_wt-highK_vs_wt-lowK,0.0997698902554779,0.707601113657195
CCNA_00298,quintero_wt-highK_vs_wt-lowK,-0.0908074557723052,0.787189617875407
CCNA_00299,quintero_wt-highK_vs_wt-lowK,0.784844797555621,1.68156738807775e-5
CCNA_00300,quintero_wt-highK_vs_wt-lowK,0.155265874023413,0.450665263966084
CCNA_00301,quintero_wt-highK_vs_wt-lowK,-0.931444375613697,1.9118930106427901e-07
CCNA_00302,quintero_wt-highK_vs_wt-lowK,-0.319106111131465,0.0429328652593256
CCNA_00303,quintero_wt-highK_vs_wt-lowK,0.398826808887025,0.0373831385418713
CCNA_00304,quintero_wt-highK_vs_wt-lowK,0.280219326677979,0.190041833205562
CCNA_00305,quintero_wt-highK_vs_wt-lowK,0.0446774969637821,0.809633159300641
CCNA_00306,quintero_wt-highK_vs_wt-lowK,0.200887479883943,0.305618630947148
CCNA_00307,quintero_wt-highK_vs_wt-lowK,0.0350448640427534,0.854772867828455
CCNA_00308,quintero_wt-highK_vs_wt-lowK,0.240687545508498,0.234769789696264
CCNA_R0102,quintero_wt-highK_vs_wt-lowK,0.653964562982137,0.300436525402303
CCNA_00309,quintero_wt-highK_vs_wt-lowK,0.358862539084304,0.0463852336775061
CCNA_00310,quintero_wt-highK_vs_wt-lowK,0.410776967439361,0.0365620047991276
CCNA_00311,quintero_wt-highK_vs_wt-lowK,0.296954000772402,0.0889968309818238
CCNA_00312,quintero_wt-highK_vs_wt-lowK,0.0236336177927653,0.91356073115316
CCNA_00313,quintero_wt-highK_vs_wt-lowK,-0.259010749221002,0.111563937418965
CCNA_00314,quintero_wt-highK_vs_wt-lowK,0.503673454083432,0.0311963741945668
CCNA_00315,quintero_wt-highK_vs_wt-lowK,0.59518317768128,0.00112149841360924
CCNA_00316,quintero_wt-highK_vs_wt-lowK,0.745121135767428,6.08205286183835e-6
CCNA_00317,quintero_wt-highK_vs_wt-lowK,0.519063739749041,0.001272566643368
CCNA_00318,quintero_wt-highK_vs_wt-lowK,-0.212312274532487,0.204722090884214
CCNA_00319,quintero_wt-highK_vs_wt-lowK,0.28655724358108,0.101897196124377
CCNA_00320,quintero_wt-highK_vs_wt-lowK,1.53991844121824,2.39278588930443e-25
CCNA_00321,quintero_wt-highK_vs_wt-lowK,0.989367252611173,3.07649978346827e-5
CCNA_00322,quintero_wt-highK_vs_wt-lowK,0.500575053582907,0.0139167615774168
CCNA_00323,quintero_wt-highK_vs_wt-lowK,0.551683707710867,0.00170722799585495
CCNA_00324,quintero_wt-highK_vs_wt-lowK,0.197408128160259,0.270791439218643
CCNA_00326,quintero_wt-highK_vs_wt-lowK,0.649177516205135,3.01747187972678e-4
CCNA_R0103,quintero_wt-highK_vs_wt-lowK,0.46563500774526,0.225113367384342
CCNA_00327,quintero_wt-highK_vs_wt-lowK,-0.041998916599767,0.837115265268259
CCNA_00328,quintero_wt-highK_vs_wt-lowK,-0.186104240447181,0.282209290287993
CCNA_00329,quintero_wt-highK_vs_wt-lowK,-0.114182639984022,0.581296707104684
CCNA_00330,quintero_wt-highK_vs_wt-lowK,-0.100377307063473,0.660291581056277
CCNA_00331,quintero_wt-highK_vs_wt-lowK,-0.890544053792431,5.73340104658774e-5
CCNA_00332,quintero_wt-highK_vs_wt-lowK,-0.121530808285971,0.589705862597018
CCNA_00333,quintero_wt-highK_vs_wt-lowK,0.102196425984367,0.658785008390656
CCNA_00334,quintero_wt-highK_vs_wt-lowK,-0.239854667703298,0.365879202796639
CCNA_00335,quintero_wt-highK_vs_wt-lowK,-0.855024563111702,0.00296868792914109
CCNA_00336,quintero_wt-highK_vs_wt-lowK,-0.992433208064029,4.90781934158229e-4
CCNA_00337,quintero_wt-highK_vs_wt-lowK,0.338557260380372,0.0925825546444874
CCNA_R0200,quintero_wt-highK_vs_wt-lowK,0,0
CCNA_00338,quintero_wt-highK_vs_wt-lowK,-1.15640790828367,1.66924245227927e-10
CCNA_00339,quintero_wt-highK_vs_wt-lowK,-1.17660624233156,3.94712907918177e-13
CCNA_00340,quintero_wt-highK_vs_wt-lowK,0.833367832128898,1.42988874864882e-5
CCNA_00341,quintero_wt-highK_vs_wt-lowK,0.921997844727726,2.78612676442322e-6
CCNA_00342,quintero_wt-highK_vs_wt-lowK,0.823231192281645,6.72332243705943e-7
CCNA_00343,quintero_wt-highK_vs_wt-lowK,0.551460267989245,0.00188074820827804
CCNA_00344,quintero_wt-highK_vs_wt-lowK,0.391305679291529,0.0687583668937424
CCNA_00345,quintero_wt-highK_vs_wt-lowK,-0.512214332022371,0.00419375902961459
CCNA_00346,quintero_wt-highK_vs_wt-lowK,0.918703885327357,2.83514300230673e-7
CCNA_00347,quintero_wt-highK_vs_wt-lowK,0.853761710752328,0.0806829479412192
CCNA_R0104,quintero_wt-highK_vs_wt-lowK,0.0741119213726426,0.821340636430062
CCNA_00348,quintero_wt-highK_vs_wt-lowK,-0.327362940333476,0.039117213955239503
CCNA_00349,quintero_wt-highK_vs_wt-lowK,0.167668995476444,0.408008535013326
CCNA_00350,quintero_wt-highK_vs_wt-lowK,0.0522007840118492,0.803088932064771
CCNA_00351,quintero_wt-highK_vs_wt-lowK,0.619104168951448,0.00296745284272983
CCNA_00352,quintero_wt-highK_vs_wt-lowK,0.62863393267654,8.26808447954147e-4
CCNA_00353,quintero_wt-highK_vs_wt-lowK,-0.12636555942807,0.573840010713551
CCNA_00354,quintero_wt-highK_vs_wt-lowK,-0.113630509400026,0.516925012311679
CCNA_00355,quintero_wt-highK_vs_wt-lowK,0.277512380694756,0.126289354013366
CCNA_R0105,quintero_wt-highK_vs_wt-lowK,0.719310402391063,0.191745116321664
CCNA_00356,quintero_wt-highK_vs_wt-lowK,-0.20168271958582,0.2748079497264
CCNA_00357,quintero_wt-highK_vs_wt-lowK,-0.263747919391106,0.12068173075807
CCNA_00358,quintero_wt-highK_vs_wt-lowK,-1.01422942719624,2.52109360261569e-7
CCNA_00359,quintero_wt-highK_vs_wt-lowK,-0.602820614053623,4.03047615768677e-4
CCNA_00360,quintero_wt-highK_vs_wt-lowK,-0.195058406817505,0.249669765417083
CCNA_00361,quintero_wt-highK_vs_wt-lowK,-0.425761482762801,0.0156900264493224
CCNA_00362,quintero_wt-highK_vs_wt-lowK,-0.110364914461815,0.582168557059712
CCNA_00363,quintero_wt-highK_vs_wt-lowK,-0.135303386757596,0.470314297304044
CCNA_00364,quintero_wt-highK_vs_wt-lowK,0.974192677390066,7.35670463246911e-7
CCNA_00365,quintero_wt-highK_vs_wt-lowK,0.766752277813402,2.71612661577913e-4
CCNA_00366,quintero_wt-highK_vs_wt-lowK,0.123404807604423,0.50636282680266
CCNA_00367,quintero_wt-highK_vs_wt-lowK,0.157253909687156,0.372204970564278
CCNA_00368,quintero_wt-highK_vs_wt-lowK,0.183757722587135,0.285844296584014
CCNA_00369,quintero_wt-highK_vs_wt-lowK,-0.135979598849477,0.434066751628394
CCNA_03918,quintero_wt-highK_vs_wt-lowK,0.690795818895492,0.0284039506408362
CCNA_00370,quintero_wt-highK_vs_wt-lowK,0.997271400967379,8.31741411820677e-7
CCNA_00371,quintero_wt-highK_vs_wt-lowK,0.975857827566077,1.53304137452599e-6
CCNA_00372,quintero_wt-highK_vs_wt-lowK,1.1284925114757,1.28176640618499e-10
CCNA_00373,quintero_wt-highK_vs_wt-lowK,1.00977927130993,1.40791348762199e-7
CCNA_00374,quintero_wt-highK_vs_wt-lowK,1.08218505042838,6.90211180156194e-12
CCNA_00375,quintero_wt-highK_vs_wt-lowK,0.758100927569973,4.46078066126777e-4
CCNA_00376,quintero_wt-highK_vs_wt-lowK,0.717913102051754,2.93908498211757e-5
CCNA_00377,quintero_wt-highK_vs_wt-lowK,0.338436782923112,0.0493597209136137
CCNA_00378,quintero_wt-highK_vs_wt-lowK,0.428250323216549,0.0104471583731629
CCNA_00379,quintero_wt-highK_vs_wt-lowK,0.264581207588535,0.135222234491978
CCNA_R0106,quintero_wt-highK_vs_wt-lowK,0.542000195221799,0.006556411774785
CCNA_00380,quintero_wt-highK_vs_wt-lowK,-0.445616129403646,0.0362870691337269
CCNA_00381,quintero_wt-highK_vs_wt-lowK,0.676621636310269,1.61695155750135e-4
CCNA_00382,quintero_wt-highK_vs_wt-lowK,0.344169828524908,0.0470922420831652
CCNA_00383,quintero_wt-highK_vs_wt-lowK,0.264757716804313,0.154156921585004
CCNA_00384,quintero_wt-highK_vs_wt-lowK,-0.245237164430675,0.196330720959225
CCNA_00385,quintero_wt-highK_vs_wt-lowK,-0.131423307435866,0.482625307373177
CCNA_00386,quintero_wt-highK_vs_wt-lowK,-0.173188380891178,0.499093267237727
CCNA_00387,quintero_wt-highK_vs_wt-lowK,0.362067818238974,0.0551664885737036
CCNA_00388,quintero_wt-highK_vs_wt-lowK,0.251383494984688,0.172261176391962
CCNA_00389,quintero_wt-highK_vs_wt-lowK,0.522727372075256,0.00678566919700519
CCNA_00390,quintero_wt-highK_vs_wt-lowK,-0.936466562799313,4.68487796207684e-5
CCNA_00391,quintero_wt-highK_vs_wt-lowK,-0.899050636773948,6.82563926257447e-5
CCNA_00392,quintero_wt-highK_vs_wt-lowK,0.20729723857669,0.216740195275109
CCNA_R0201,quintero_wt-highK_vs_wt-lowK,0.621387077975742,0.241399425288546
CCNA_00393,quintero_wt-highK_vs_wt-lowK,-0.235324811910007,0.204897589048416
CCNA_00394,quintero_wt-highK_vs_wt-lowK,-0.86339180852911,3.43280781610056e-7
CCNA_00395,quintero_wt-highK_vs_wt-lowK,-0.551940710204344,0.00399718159068816
CCNA_00396,quintero_wt-highK_vs_wt-lowK,-0.598619381880085,3.45821296921911e-4
CCNA_00397,quintero_wt-highK_vs_wt-lowK,-0.221916757858489,0.187375091272485
CCNA_00398,quintero_wt-highK_vs_wt-lowK,0.153817683533266,0.382983295674748
CCNA_00399,quintero_wt-highK_vs_wt-lowK,-0.571499695876317,4.07097455221523e-4
CCNA_00400,quintero_wt-highK_vs_wt-lowK,-0.0323768981206593,0.890620829295974
CCNA_00401,quintero_wt-highK_vs_wt-lowK,-0.593113046914606,0.00171417111317055
CCNA_00402,quintero_wt-highK_vs_wt-lowK,-0.494909520600046,0.0273661356511675
CCNA_00403,quintero_wt-highK_vs_wt-lowK,-1.3493747137622,7.85027553560382e-13
CCNA_00404,quintero_wt-highK_vs_wt-lowK,-0.878797962909948,2.48408271773739e-5
CCNA_00405,quintero_wt-highK_vs_wt-lowK,-1.2956356055926,3.71220307783034e-9
CCNA_R0107,quintero_wt-highK_vs_wt-lowK,-0.0869399861485061,0.908854440511554
CCNA_00406,quintero_wt-highK_vs_wt-lowK,-0.508531551759265,0.0078023936115383
CCNA_00407,quintero_wt-highK_vs_wt-lowK,-0.0724569789596611,0.771276429086418
CCNA_00408,quintero_wt-highK_vs_wt-lowK,0.366387439127203,0.0640922337593031
CCNA_00409,quintero_wt-highK_vs_wt-lowK,1.45305292859867,1.1868402269465101e-08
CCNA_00410,quintero_wt-highK_vs_wt-lowK,1.04200278181076,8.77819614679082e-6
CCNA_00411,quintero_wt-highK_vs_wt-lowK,0.505259596152936,0.00567669719967644
CCNA_00412,quintero_wt-highK_vs_wt-lowK,0.597340507440396,4.05906833751338e-4
CCNA_00413,quintero_wt-highK_vs_wt-lowK,0.348953290742226,0.0696505915688601
CCNA_00414,quintero_wt-highK_vs_wt-lowK,0.514769661517593,0.00412601220635745
CCNA_00415,quintero_wt-highK_vs_wt-lowK,-0.429210391793242,0.111151383078388
CCNA_00416,quintero_wt-highK_vs_wt-lowK,-1.86524012272013,5.90412082809256e-9
CCNA_00417,quintero_wt-highK_vs_wt-lowK,-1.30465740347834,3.89033221158132e-5
CCNA_00419,quintero_wt-highK_vs_wt-lowK,-0.965915618212738,7.11775276937611e-9
CCNA_00420,quintero_wt-highK_vs_wt-lowK,0.17466837616256,0.437214487837034
CCNA_00421,quintero_wt-highK_vs_wt-lowK,0.10650916692207,0.577818024569462
CCNA_00422,quintero_wt-highK_vs_wt-lowK,0.42867449201945,0.00666243402155851
CCNA_03919,quintero_wt-highK_vs_wt-lowK,0.166138635904235,0.670096473967114
CCNA_00423,quintero_wt-highK_vs_wt-lowK,-0.0658507849603346,0.815381965282681
CCNA_00424,quintero_wt-highK_vs_wt-lowK,-1.21396490096745,5.53411337416437e-8
CCNA_00425,quintero_wt-highK_vs_wt-lowK,-0.213286092933797,0.330863330697019
CCNA_00426,quintero_wt-highK_vs_wt-lowK,-0.794702032783346,6.53115155096017e-4
CCNA_00427,quintero_wt-highK_vs_wt-lowK,-0.358714299276305,0.0926776903823262
CCNA_00428,quintero_wt-highK_vs_wt-lowK,-0.259207353098316,0.208183676337625
CCNA_00429,quintero_wt-highK_vs_wt-lowK,0.524074635472489,0.193832142375717
CCNA_00430,quintero_wt-highK_vs_wt-lowK,0.0644870678371275,0.86635713330622
CCNA_00431,quintero_wt-highK_vs_wt-lowK,-0.458357998968652,0.201538453495234
CCNA_00432,quintero_wt-highK_vs_wt-lowK,-0.968106840266342,0.00129576265604585
CCNA_00433,quintero_wt-highK_vs_wt-lowK,-1.34701977790475,0.00227686923200665
CCNA_00434,quintero_wt-highK_vs_wt-lowK,-1.14242035932239,0.00203988623449117
CCNA_00435,quintero_wt-highK_vs_wt-lowK,-0.267293758196808,0.101897196124377
CCNA_00436,quintero_wt-highK_vs_wt-lowK,-0.789819026636099,8.55191481448604e-6
CCNA_00437,quintero_wt-highK_vs_wt-lowK,-1.90068666986454,3.59299052287563e-22
CCNA_00438,quintero_wt-highK_vs_wt-lowK,0.490729797640237,0.00147558302862691
CCNA_00439,quintero_wt-highK_vs_wt-lowK,-0.1515021606078,0.407963010713991
CCNA_00440,quintero_wt-highK_vs_wt-lowK,-0.0242180626424271,0.900784624175011
CCNA_00441,quintero_wt-highK_vs_wt-lowK,-0.0187433665385077,0.926529288032986
CCNA_00442,quintero_wt-highK_vs_wt-lowK,-0.116940733440338,0.52890827172086
CCNA_00443,quintero_wt-highK_vs_wt-lowK,0.130968183928328,0.51896993514318
CCNA_00444,quintero_wt-highK_vs_wt-lowK,0.0534626469664297,0.794376884479438
CCNA_00445,quintero_wt-highK_vs_wt-lowK,0.394323840870828,0.0279283264081094
CCNA_00446,quintero_wt-highK_vs_wt-lowK,0.50548288874853,0.00406717342070942
CCNA_00447,quintero_wt-highK_vs_wt-lowK,0.431159100111796,0.019921979556422
CCNA_00448,quintero_wt-highK_vs_wt-lowK,0.47846659594647,0.0168677453601622
CCNA_00449,quintero_wt-highK_vs_wt-lowK,0.638299611455252,0.00131925491895183
CCNA_00450,quintero_wt-highK_vs_wt-lowK,0.366096855469343,0.0403024742780097
CCNA_00451,quintero_wt-highK_vs_wt-lowK,-0.390709875551022,0.0239924720294492
CCNA_00452,quintero_wt-highK_vs_wt-lowK,0.0325617541989431,0.878197399287154
CCNA_00453,quintero_wt-highK_vs_wt-lowK,-0.0776686566809246,0.714269737913585
CCNA_00454,quintero_wt-highK_vs_wt-lowK,0.00360245987055321,0.990602634169292
CCNA_03920,quintero_wt-highK_vs_wt-lowK,0.0596494908672126,0.859831869589069
CCNA_00455,quintero_wt-highK_vs_wt-lowK,-0.090333790132119,0.639092056311332
CCNA_R0006,quintero_wt-highK_vs_wt-lowK,0.144165576074265,0.812111853024266
CCNA_00456,quintero_wt-highK_vs_wt-lowK,-0.676844612481767,2.12430541804571e-5
CCNA_00457,quintero_wt-highK_vs_wt-lowK,-1.09826498823609,0.0513701284431536
CCNA_00458,quintero_wt-highK_vs_wt-lowK,-0.0840113914054409,0.761211909535292
CCNA_00459,quintero_wt-highK_vs_wt-lowK,-0.703987892919092,0.00141078913951047
CCNA_R0108,quintero_wt-highK_vs_wt-lowK,0.325593530956108,0.299847781872367
CCNA_00460,quintero_wt-highK_vs_wt-lowK,0.545237820081344,0.0346300191288044
CCNA_03921,quintero_wt-highK_vs_wt-lowK,0.217409555057756,0.23650878932698
CCNA_03998,quintero_wt-highK_vs_wt-lowK,-0.190774207471508,0.285988085540588
CCNA_00464,quintero_wt-highK_vs_wt-lowK,0.583430121915636,0.00267427719172516
CCNA_00465,quintero_wt-highK_vs_wt-lowK,0.400160371120775,0.0234729488302356
CCNA_00466,quintero_wt-highK_vs_wt-lowK,0.405524996431318,0.0163198703140848
CCNA_00467,quintero_wt-highK_vs_wt-lowK,0.436757077076407,0.00799025008962603
CCNA_00468,quintero_wt-highK_vs_wt-lowK,0.537465672236882,0.00591228615671531
CCNA_00469,quintero_wt-highK_vs_wt-lowK,0.153096203875622,0.391582580527019
CCNA_03922,quintero_wt-highK_vs_wt-lowK,0.0203350026653379,0.921777981119557
CCNA_00470,quintero_wt-highK_vs_wt-lowK,0.567965930536976,0.00171901987685731
CCNA_00471,quintero_wt-highK_vs_wt-lowK,0.77342036391905,1.48758173780795e-5
CCNA_00472,quintero_wt-highK_vs_wt-lowK,0.579758319033426,0.00122728256230448
CCNA_00473,quintero_wt-highK_vs_wt-lowK,0.336125386275075,0.0595238675150503
CCNA_00474,quintero_wt-highK_vs_wt-lowK,-0.0171619182889026,0.947424112118542
CCNA_00475,quintero_wt-highK_vs_wt-lowK,0.159666327257017,0.450665263966084
CCNA_00476,quintero_wt-highK_vs_wt-lowK,-0.131849032862245,0.748689876703518
CCNA_00477,quintero_wt-highK_vs_wt-lowK,-0.168178551573959,0.456815321769481
CCNA_00478,quintero_wt-highK_vs_wt-lowK,-0.781781844461443,4.06462239557779e-6
CCNA_00479,quintero_wt-highK_vs_wt-lowK,-0.168463711619738,0.581591409777521
CCNA_00480,quintero_wt-highK_vs_wt-lowK,-1.12068871795803,1.9850306337576e-7
CCNA_00481,quintero_wt-highK_vs_wt-lowK,-0.196925255672225,0.485685000257896
CCNA_00482,quintero_wt-highK_vs_wt-lowK,-0.179650965699554,0.370013000658087
CCNA_R0007,quintero_wt-highK_vs_wt-lowK,1.18693673556548,2.83982713756598e-10
CCNA_00483,quintero_wt-highK_vs_wt-lowK,0.150099649149962,0.403508322237234
CCNA_00484,quintero_wt-highK_vs_wt-lowK,-1.00945963534958,8.31624566557633e-7
CCNA_00485,quintero_wt-highK_vs_wt-lowK,0.313783001250889,0.0680558584105818
CCNA_00486,quintero_wt-highK_vs_wt-lowK,0.0237895086018905,0.917937946644467
CCNA_00487,quintero_wt-highK_vs_wt-lowK,-0.446056331891556,0.00407898395921797
CCNA_00488,quintero_wt-highK_vs_wt-lowK,0.300370373648395,0.137056134454185
CCNA_00489,quintero_wt-highK_vs_wt-lowK,0.576572262292442,0.0016232082858557
CCNA_00490,quintero_wt-highK_vs_wt-lowK,-0.207872237129382,0.239024268662686
CCNA_00491,quintero_wt-highK_vs_wt-lowK,-0.433250678233079,0.0219423732898473
CCNA_00492,quintero_wt-highK_vs_wt-lowK,0.645787851750363,6.50237940640508e-5
CCNA_00493,quintero_wt-highK_vs_wt-lowK,0.735804727413371,2.7676212931807e-4
CCNA_00494,quintero_wt-highK_vs_wt-lowK,0.454311010479265,0.00592019090505947
CCNA_00495,quintero_wt-highK_vs_wt-lowK,0.57564201374281,4.61571061546875e-4
CCNA_00496,quintero_wt-highK_vs_wt-lowK,0.4779812738648,0.00469822708033734
CCNA_00497,quintero_wt-highK_vs_wt-lowK,0.201186271047121,0.238574329512904
CCNA_00498,quintero_wt-highK_vs_wt-lowK,0.146593015741132,0.507194976582053
CCNA_00499,quintero_wt-highK_vs_wt-lowK,-0.21016362707539,0.263762434382772
CCNA_00500,quintero_wt-highK_vs_wt-lowK,-0.201934084431894,0.247962316386649
CCNA_00501,quintero_wt-highK_vs_wt-lowK,-0.174641012703067,0.342604686848718
CCNA_00502,quintero_wt-highK_vs_wt-lowK,0.359991792474597,0.0399796255666884
CCNA_R0202,quintero_wt-highK_vs_wt-lowK,0,0
CCNA_00503,quintero_wt-highK_vs_wt-lowK,0.231836483675975,0.317771882784128
CCNA_00504,quintero_wt-highK_vs_wt-lowK,0.570887904729137,0.00225417679269874
CCNA_00505,quintero_wt-highK_vs_wt-lowK,0.579664737339459,0.00164617282713797
CCNA_00506,quintero_wt-highK_vs_wt-lowK,0.471319840977786,0.00763107184264243
CCNA_00507,quintero_wt-highK_vs_wt-lowK,0.483665535510962,0.0184685049972884
CCNA_00508,quintero_wt-highK_vs_wt-lowK,-0.434500253816264,0.0191975989330392
CCNA_00509,quintero_wt-highK_vs_wt-lowK,-0.12569151943949,0.585664637822303
CCNA_00510,quintero_wt-highK_vs_wt-lowK,-0.198429482293443,0.301469794640857
CCNA_00511,quintero_wt-highK_vs_wt-lowK,-0.284145716443135,0.0863343492402159
CCNA_00512,quintero_wt-highK_vs_wt-lowK,0.887632474905649,4.79350622738705e-8
CCNA_03885,quintero_wt-highK_vs_wt-lowK,-0.931788923540696,5.47374170104291e-7
CCNA_00514,quintero_wt-highK_vs_wt-lowK,0.288927545780234,0.237687001527042
CCNA_00515,quintero_wt-highK_vs_wt-lowK,0.293529897975638,0.216161163888836
CCNA_00516,quintero_wt-highK_vs_wt-lowK,0.393751945535671,0.0794081417637819
CCNA_00517,quintero_wt-highK_vs_wt-lowK,0.679806545651669,7.39454150043602e-4
CCNA_00518,quintero_wt-highK_vs_wt-lowK,1.07691861674733,9.11102289532029e-8
CCNA_00519,quintero_wt-highK_vs_wt-lowK,-0.0302844722428148,0.876455217217654
CCNA_00520,quintero_wt-highK_vs_wt-lowK,0.902367781894537,5.01609155480078e-7
CCNA_00521,quintero_wt-highK_vs_wt-lowK,0.00690759550454789,0.97734290955983
CCNA_00522,quintero_wt-highK_vs_wt-lowK,0.0507131177452187,0.811618833798053
CCNA_00523,quintero_wt-highK_vs_wt-lowK,0.436275684295709,0.01216580072478
CCNA_00524,quintero_wt-highK_vs_wt-lowK,0.492909902215022,0.00938833029060724
CCNA_00525,quintero_wt-highK_vs_wt-lowK,-0.0485821064250672,0.811786918327225
CCNA_00526,quintero_wt-highK_vs_wt-lowK,0.258874063258726,0.123860665889802
CCNA_00527,quintero_wt-highK_vs_wt-lowK,-0.0290901648754125,0.881044739937891
CCNA_00528,quintero_wt-highK_vs_wt-lowK,0.433802886086575,0.00930064882692057
CCNA_00529,quintero_wt-highK_vs_wt-lowK,-0.163029657884142,0.406738455161477
CCNA_00530,quintero_wt-highK_vs_wt-lowK,1.32088307945426,4.56431428560622e-10
CCNA_00531,quintero_wt-highK_vs_wt-lowK,1.15857608831431,1.14089045381749e-7
CCNA_00532,quintero_wt-highK_vs_wt-lowK,1.30175323754799,5.92139748971062e-14
CCNA_00533,quintero_wt-highK_vs_wt-lowK,0.046070946579215,0.815570173601489
CCNA_00534,quintero_wt-highK_vs_wt-lowK,-0.504665337722138,0.00310824858692868
CCNA_00535,quintero_wt-highK_vs_wt-lowK,0.243166629671386,0.367463703206202
CCNA_00536,quintero_wt-highK_vs_wt-lowK,0.86631638040073,1.68169389141351e-6
CCNA_00537,quintero_wt-highK_vs_wt-lowK,0.680300509131552,4.79763976835668e-5
CCNA_R0109,quintero_wt-highK_vs_wt-lowK,0,0
CCNA_00538,quintero_wt-highK_vs_wt-lowK,-0.521232041157352,9.00036056239844e-4
CCNA_00539,quintero_wt-highK_vs_wt-lowK,-0.365083272225473,0.0648990967301113
CCNA_00540,quintero_wt-highK_vs_wt-lowK,0.522183374098283,9.73839271591805e-4
CCNA_03923,quintero_wt-highK_vs_wt-lowK,0.383545158484774,0.048346591922604
CCNA_00541,quintero_wt-highK_vs_wt-lowK,-0.109593408035228,0.725556795489377
CCNA_00542,quintero_wt-highK_vs_wt-lowK,0.0796538719941494,0.679594859840535
CCNA_00543,quintero_wt-highK_vs_wt-lowK,-0.438924407300697,0.0186714199064786
CCNA_00544,quintero_wt-highK_vs_wt-lowK,-0.565655063553799,2.63578165649859e-4
CCNA_R0110,quintero_wt-highK_vs_wt-lowK,0.122808485800179,0.834792803171133
CCNA_00545,quintero_wt-highK_vs_wt-lowK,-0.599394296586776,0.00166750115523682
CCNA_00546,quintero_wt-highK_vs_wt-lowK,-0.0670973429210436,0.708955434389134
CCNA_00547,quintero_wt-highK_vs_wt-lowK,0.273722177417667,0.204897589048416
CCNA_00548,quintero_wt-highK_vs_wt-lowK,0.726262616814016,0.18194213603252
CCNA_00549,quintero_wt-highK_vs_wt-lowK,-0.138341098961985,0.79433789749975
CCNA_00550,quintero_wt-highK_vs_wt-lowK,-0.0726054121900858,0.77893444730263806
CCNA_00551,quintero_wt-highK_vs_wt-lowK,-2.11019026335716,1.78859340941946e-24
CCNA_00552,quintero_wt-highK_vs_wt-lowK,-0.466836892839734,0.00714091030705347
CCNA_00553,quintero_wt-highK_vs_wt-lowK,-0.51141748494795,0.00132295583768668
CCNA_00554,quintero_wt-highK_vs_wt-lowK,-0.486825705174552,0.00428349009138154
CCNA_00555,quintero_wt-highK_vs_wt-lowK,-0.798027062073625,1.60499003260977e-5
CCNA_00556,quintero_wt-highK_vs_wt-lowK,-0.352686530737972,0.0910817027246302
CCNA_00557,quintero_wt-highK_vs_wt-lowK,0.148564084475154,0.536807857014802
CCNA_00558,quintero_wt-highK_vs_wt-lowK,0.751346650370219,2.54428854496905e-6
CCNA_00559,quintero_wt-highK_vs_wt-lowK,0.623077796786604,8.62893591862577e-5
CCNA_00560,quintero_wt-highK_vs_wt-lowK,0.294111875035362,0.138392072416751
CCNA_00561,quintero_wt-highK_vs_wt-lowK,0.278290542463991,0.185885741296121
CCNA_00562,quintero_wt-highK_vs_wt-lowK,0.389745037067438,0.0199446073327718
CCNA_00563,quintero_wt-highK_vs_wt-lowK,0.542928467056203,0.00783283045191832
CCNA_00564,quintero_wt-highK_vs_wt-lowK,-0.106901938220661,0.559133957011714
CCNA_00565,quintero_wt-highK_vs_wt-lowK,-0.403776192061614,0.01010021425247
CCNA_R0008,quintero_wt-highK_vs_wt-lowK,1.35898517775574,9.62499882925307e-9
CCNA_00566,quintero_wt-highK_vs_wt-lowK,-0.207136323785145,0.274501481079957
CCNA_00567,quintero_wt-highK_vs_wt-lowK,-0.511744532321405,0.00156992997663738
CCNA_00568,quintero_wt-highK_vs_wt-lowK,-0.543556930177102,0.0215677914109867
CCNA_00569,quintero_wt-highK_vs_wt-lowK,-0.731311750705945,0.00157567950462891
CCNA_00570,quintero_wt-highK_vs_wt-lowK,-1.15629689064707,6.47425745583614e-6
CCNA_00571,quintero_wt-highK_vs_wt-lowK,-0.856091307565139,0.0371346952099244
CCNA_00572,quintero_wt-highK_vs_wt-lowK,-0.222673225820594,0.581403349829507
CCNA_00573,quintero_wt-highK_vs_wt-lowK,0.0850494236407781,0.661974454028
CCNA_00574,quintero_wt-highK_vs_wt-lowK,0.0632292228110926,0.77689209367868
CCNA_00575,quintero_wt-highK_vs_wt-lowK,0.0457971048908088,0.897206284095799
CCNA_00576,quintero_wt-highK_vs_wt-lowK,0.209695999265475,0.438996158593793
CCNA_00578,quintero_wt-highK_vs_wt-lowK,-0.0125971348054871,0.952579456287891
CCNA_R0203,quintero_wt-highK_vs_wt-lowK,-0.219520065723375,0.723912857308207
CCNA_00579,quintero_wt-highK_vs_wt-lowK,-0.98258576475768,1.95834010546294e-8
CCNA_00580,quintero_wt-highK_vs_wt-lowK,-0.483876299967159,0.00253412380174118
CCNA_03886,quintero_wt-highK_vs_wt-lowK,-0.554100864666839,5.74759124729928e-4
CCNA_00582,quintero_wt-highK_vs_wt-lowK,-0.851750211229393,1.02140600060081e-6
CCNA_00583,quintero_wt-highK_vs_wt-lowK,-0.3607679070584,0.0224458367588301
CCNA_00585,quintero_wt-highK_vs_wt-lowK,-1.13489273340014,2.01218990350971e-11
CCNA_00586,quintero_wt-highK_vs_wt-lowK,0.0460080046934501,0.822536048885041
CCNA_00587,quintero_wt-highK_vs_wt-lowK,-0.458113214456389,0.00500187935302576
CCNA_00588,quintero_wt-highK_vs_wt-lowK,-0.444709935943376,0.0203246462159548
CCNA_00589,quintero_wt-highK_vs_wt-lowK,-0.629655846388554,5.63111179803211e-4
CCNA_00590,quintero_wt-highK_vs_wt-lowK,-0.368369941802189,0.0158405416711858
CCNA_00591,quintero_wt-highK_vs_wt-lowK,-0.607783150543096,2.20546773023099e-4
CCNA_00592,quintero_wt-highK_vs_wt-lowK,-0.646968666581502,7.55492091613445e-5
CCNA_R0111,quintero_wt-highK_vs_wt-lowK,0,0
CCNA_00593,quintero_wt-highK_vs_wt-lowK,-0.778004278758649,3.44952429277189e-7
CCNA_00594,quintero_wt-highK_vs_wt-lowK,-0.7788779253747,1.11182271080249e-6
CCNA_R0112,quintero_wt-highK_vs_wt-lowK,0.0348609427713466,0.924411249844146
CCNA_00595,quintero_wt-highK_vs_wt-lowK,-0.239744166134577,0.236299406886073
CCNA_00596,quintero_wt-highK_vs_wt-lowK,0.103747664523609,0.71705924230055
CCNA_00597,quintero_wt-highK_vs_wt-lowK,-0.106654871031159,0.725534992626458
CCNA_00598,quintero_wt-highK_vs_wt-lowK,-0.157308560238466,0.415028368454249
CCNA_03887,quintero_wt-highK_vs_wt-lowK,0.371093216592715,0.0442045015216917
CCNA_00600,quintero_wt-highK_vs_wt-lowK,0.475027107862183,0.0169051019795884
CCNA_00601,quintero_wt-highK_vs_wt-lowK,0.770839656082126,1.32587809497662e-4
CCNA_00602,quintero_wt-highK_vs_wt-lowK,0.599341511797763,0.00954264960183278
CCNA_00603,quintero_wt-highK_vs_wt-lowK,0.706113426310549,0.00407540002243229
CCNA_00604,quintero_wt-highK_vs_wt-lowK,0.55613974392101,0.00233691147851784
CCNA_00605,quintero_wt-highK_vs_wt-lowK,-0.634159001466397,2.36836284128689e-4
CCNA_00607,quintero_wt-highK_vs_wt-lowK,-0.200000529421309,0.313494648979804
CCNA_00608,quintero_wt-highK_vs_wt-lowK,-0.73024959570678,2.82861923544947e-4
CCNA_00609,quintero_wt-highK_vs_wt-lowK,0.354520436849123,0.0314576844980607
CCNA_00610,quintero_wt-highK_vs_wt-lowK,0.234095591062174,0.218617555869674
CCNA_00611,quintero_wt-highK_vs_wt-lowK,0.650294177886175,1.0606259385374e-4
CCNA_00612,quintero_wt-highK_vs_wt-lowK,0.224539507601296,0.3631974074039
CCNA_00613,quintero_wt-highK_vs_wt-lowK,0.0488733416858264,0.859831869589069
CCNA_00614,quintero_wt-highK_vs_wt-lowK,-0.356976250582411,0.130450766143859
CCNA_00615,quintero_wt-highK_vs_wt-lowK,-0.130742445310374,0.542928317272066
CCNA_03924,quintero_wt-highK_vs_wt-lowK,-0.630693016820483,0.010456989340217
CCNA_00616,quintero_wt-highK_vs_wt-lowK,0.179232375327951,0.532752412316559
CCNA_00617,quintero_wt-highK_vs_wt-lowK,-0.791076444490157,0.0320936874738848
CCNA_00618,quintero_wt-highK_vs_wt-lowK,-0.521099082589408,0.0806829479412192
CCNA_00619,quintero_wt-highK_vs_wt-lowK,-0.473191878850507,0.134092759327981
CCNA_00620,quintero_wt-highK_vs_wt-lowK,-0.00682849232229151,0.983134314029095
CCNA_00621,quintero_wt-highK_vs_wt-lowK,0.0998810307007351,0.790598645832257
CCNA_00622,quintero_wt-highK_vs_wt-lowK,-0.775109628986775,0.00290809919056861
CCNA_00623,quintero_wt-highK_vs_wt-lowK,-1.19748397080455,4.67567300804717e-7
CCNA_03925,quintero_wt-highK_vs_wt-lowK,0,0
CCNA_00624,quintero_wt-highK_vs_wt-lowK,-0.794914031855024,4.05087497218154e-5
CCNA_00625,quintero_wt-highK_vs_wt-lowK,0.284245297224641,0.122068610252006
CCNA_00626,quintero_wt-highK_vs_wt-lowK,-0.692947251939405,2.37047886423602e-5
CCNA_00627,quintero_wt-highK_vs_wt-lowK,-1.43758532114427,5.24907327725339e-7
CCNA_00628,quintero_wt-highK_vs_wt-lowK,-1.36607661454258,5.28776535857207e-10
CCNA_00629,quintero_wt-highK_vs_wt-lowK,-0.778780966139649,6.26883652505072e-7
CCNA_00630,quintero_wt-highK_vs_wt-lowK,-0.656503912049723,1.6623454101176e-4
CCNA_00631,quintero_wt-highK_vs_wt-lowK,-0.631651020406628,0.0302277012430677
CCNA_00632,quintero_wt-highK_vs_wt-lowK,-0.377454028192719,0.168177157775184
CCNA_00633,quintero_wt-highK_vs_wt-lowK,0.0876745107027321,0.731359850750631
CCNA_00634,quintero_wt-highK_vs_wt-lowK,0.352594940027974,0.0964665000025737
CCNA_00635,quintero_wt-highK_vs_wt-lowK,0.498259671114214,0.023867866862536
CCNA_00636,quintero_wt-highK_vs_wt-lowK,0.83346101871019,2.0622392756387e-5
CCNA_R0113,quintero_wt-highK_vs_wt-lowK,0,0
CCNA_00637,quintero_wt-highK_vs_wt-lowK,1.19162531111821,1.94651480867991e-12
CCNA_00638,quintero_wt-highK_vs_wt-lowK,1.04366640100973,1.48134242945774e-6
CCNA_00639,quintero_wt-highK_vs_wt-lowK,0.788238711362437,2.71252754412673e-6
CCNA_R0114,quintero_wt-highK_vs_wt-lowK,0,0
CCNA_00640,quintero_wt-highK_vs_wt-lowK,0.258095394179216,0.300560683592199
CCNA_00641,quintero_wt-highK_vs_wt-lowK,0.0260411387997881,0.932365421750302
CCNA_00642,quintero_wt-highK_vs_wt-lowK,-0.604974476522485,0.0273274258877076
CCNA_00643,quintero_wt-highK_vs_wt-lowK,0.391527534841026,0.406738455161477
CCNA_00644,quintero_wt-highK_vs_wt-lowK,-0.186878391586756,0.452065254751857
CCNA_00645,quintero_wt-highK_vs_wt-lowK,-0.208445271371319,0.375067039380412
CCNA_00646,quintero_wt-highK_vs_wt-lowK,0.0532770107291863,0.857857036947667
CCNA_00647,quintero_wt-highK_vs_wt-lowK,-0.312412509103051,0.249797846583565
CCNA_00648,quintero_wt-highK_vs_wt-lowK,0.156391294206145,0.571887625143157
CCNA_00649,quintero_wt-highK_vs_wt-lowK,0.52372129662999,0.0348402687870542
CCNA_00650,quintero_wt-highK_vs_wt-lowK,-0.0545992700422546,0.824326426501065
CCNA_00651,quintero_wt-highK_vs_wt-lowK,0.338953363531217,0.0856765397448084
CCNA_00652,quintero_wt-highK_vs_wt-lowK,0.411010287382134,0.361335285775963
CCNA_00653,quintero_wt-highK_vs_wt-lowK,-0.0224086791653344,0.939298315163712
CCNA_00654,quintero_wt-highK_vs_wt-lowK,-0.127196373131434,0.663055954110764
CCNA_R0009,quintero_wt-highK_vs_wt-lowK,0.469956949756973,0.273019375690494
CCNA_00655,quintero_wt-highK_vs_wt-lowK,0.195645229902139,0.314022911301583
CCNA_00656,quintero_wt-highK_vs_wt-lowK,0.0789478733129536,0.666347725462298
CCNA_00657,quintero_wt-highK_vs_wt-lowK,0.33618710953104203,0.0560954575566637
CCNA_00658,quintero_wt-highK_vs_wt-lowK,0.153620638788548,0.503759649488153
CCNA_00659,quintero_wt-highK_vs_wt-lowK,0.367784737848119,0.0487436733656559
CCNA_00660,quintero_wt-highK_vs_wt-lowK,-0.335563878311041,0.394302952980463
CCNA_00661,quintero_wt-highK_vs_wt-lowK,-0.435172103487048,0.536807857014802
CCNA_00662,quintero_wt-highK_vs_wt-lowK,-1.19249088521348,1.22064901752011e-8
CCNA_00663,quintero_wt-highK_vs_wt-lowK,-0.443917756600211,0.122403140063864
CCNA_R0010,quintero_wt-highK_vs_wt-lowK,0.618609518798797,0.125906774933467
CCNA_00664,quintero_wt-highK_vs_wt-lowK,-0.122813175371466,0.50636282680266
CCNA_00665,quintero_wt-highK_vs_wt-lowK,-1.13276391847311,1.05015323914571e-9
CCNA_00666,quintero_wt-highK_vs_wt-lowK,-0.733761801417626,0.0020780360506379098
CCNA_00667,quintero_wt-highK_vs_wt-lowK,0.558810675134144,0.00303346450181061
CCNA_00668,quintero_wt-highK_vs_wt-lowK,0.678821815275256,6.41235625173685e-4
CCNA_00669,quintero_wt-highK_vs_wt-lowK,0.783025145614512,9.81829662247171e-6
CCNA_00670,quintero_wt-highK_vs_wt-lowK,0.676813238389664,7.48266143234674e-4
CCNA_00671,quintero_wt-highK_vs_wt-lowK,0.61049873100911,0.00275592287106353
CCNA_00672,quintero_wt-highK_vs_wt-lowK,-0.640606335356213,0.0100393965501914
CCNA_00673,quintero_wt-highK_vs_wt-lowK,-0.282875166803715,0.136127376734118
CCNA_00674,quintero_wt-highK_vs_wt-lowK,-0.00273922434391195,0.992468763096233
CCNA_00675,quintero_wt-highK_vs_wt-lowK,-0.353836602699071,0.0932933253963929
CCNA_00676,quintero_wt-highK_vs_wt-lowK,-0.784082720683144,4.35405267043907e-4
CCNA_R0115,quintero_wt-highK_vs_wt-lowK,1.11404447426204,0.0895777626944936
CCNA_00677,quintero_wt-highK_vs_wt-lowK,1.13650106126384,1.37947089215716e-8
CCNA_00678,quintero_wt-highK_vs_wt-lowK,1.21749532311084,1.98042052361571e-10
CCNA_R0011,quintero_wt-highK_vs_wt-lowK,-0.289447779078023,0.483272167823678
CCNA_00679,quintero_wt-highK_vs_wt-lowK,-0.442045579736424,0.281030801296898
CCNA_00680,quintero_wt-highK_vs_wt-lowK,-0.855175672091166,5.52022759808722e-6
CCNA_00681,quintero_wt-highK_vs_wt-lowK,-0.46896832800745,0.0664700405693439
CCNA_00682,quintero_wt-highK_vs_wt-lowK,-0.339855832929355,0.2748079497264
CCNA_00683,quintero_wt-highK_vs_wt-lowK,0.282546908701945,0.260428050191549
CCNA_00684,quintero_wt-highK_vs_wt-lowK,-0.263486512803403,0.157794091686582
CCNA_00685,quintero_wt-highK_vs_wt-lowK,-0.169076208826473,0.466693646360729
CCNA_00686,quintero_wt-highK_vs_wt-lowK,-0.913549044981216,4.91010132046884e-6
CCNA_00687,quintero_wt-highK_vs_wt-lowK,-1.51066844505142,2.30489941859296e-9
CCNA_00688,quintero_wt-highK_vs_wt-lowK,-0.911618690862641,6.5804688151077e-6
CCNA_00689,quintero_wt-highK_vs_wt-lowK,-0.913352806202735,1.23635579624849e-5
CCNA_00690,quintero_wt-highK_vs_wt-lowK,0.26315403342569,0.128662042357566
CCNA_00691,quintero_wt-highK_vs_wt-lowK,0.867493643610407,3.90881352611328e-8
CCNA_00692,quintero_wt-highK_vs_wt-lowK,-0.227626385882375,0.2312429911203
CCNA_00693,quintero_wt-highK_vs_wt-lowK,0.154266360527997,0.473600865906678
CCNA_00694,quintero_wt-highK_vs_wt-lowK,-0.251810192463251,0.147869616917047
CCNA_00695,quintero_wt-highK_vs_wt-lowK,-0.379726737837256,0.0196112438775802
CCNA_00696,quintero_wt-highK_vs_wt-lowK,-0.411825053033784,0.0514671532561797
CCNA_R0116,quintero_wt-highK_vs_wt-lowK,-0.394516427860363,0.0757424806658359
CCNA_00698,quintero_wt-highK_vs_wt-lowK,-0.472308754579937,0.0358195935697452
CCNA_00699,quintero_wt-highK_vs_wt-lowK,1.09953786073658,7.7221448722003e-9
CCNA_R0012,quintero_wt-highK_vs_wt-lowK,1.52663624255354,0.00600752460186028
CCNA_00700,quintero_wt-highK_vs_wt-lowK,0.607542127642464,0.00259649055217948
CCNA_00701,quintero_wt-highK_vs_wt-lowK,0.252532136630277,0.455209562343736
CCNA_03888,quintero_wt-highK_vs_wt-lowK,-0.363037499204421,0.234033502886542
CCNA_00703,quintero_wt-highK_vs_wt-lowK,-0.350279193092629,0.399589468397395
CCNA_00704,quintero_wt-highK_vs_wt-lowK,-0.110510690964654,0.776570640312105
CCNA_00705,quintero_wt-highK_vs_wt-lowK,0.52752448008836,0.0176950598795658
CCNA_00706,quintero_wt-highK_vs_wt-lowK,0.117092341864313,0.782949586692979
CCNA_00707,quintero_wt-highK_vs_wt-lowK,0.118053197118064,0.515849060150934
CCNA_00708,quintero_wt-highK_vs_wt-lowK,0.0324760541180229,0.856716340358421
CCNA_00709,quintero_wt-highK_vs_wt-lowK,-2.01198715570612,1.32618685409191e-15
CCNA_00710,quintero_wt-highK_vs_wt-lowK,-1.14273541898389,3.2614592954328e-12
CCNA_00711,quintero_wt-highK_vs_wt-lowK,-0.248306249733021,0.207555778565629
CCNA_00712,quintero_wt-highK_vs_wt-lowK,-1.32432837903949,3.28610213658487e-8
CCNA_03926,quintero_wt-highK_vs_wt-lowK,-2.47022220267411,4.72422771357832e-16
CCNA_00714,quintero_wt-highK_vs_wt-lowK,-1.31397967638539,3.48729032259916e-13
CCNA_03927,quintero_wt-highK_vs_wt-lowK,-1.16343980800258,1.00172088433282e-10
CCNA_03928,quintero_wt-highK_vs_wt-lowK,-1.59498857985355,1.71843205338866e-20
CCNA_00716,quintero_wt-highK_vs_wt-lowK,-1.42419667246111,3.62806170978113e-15
CCNA_03929,quintero_wt-highK_vs_wt-lowK,-0.213895281431752,0.283711957325666
CCNA_00718,quintero_wt-highK_vs_wt-lowK,-0.464517159809211,0.00300516386353225
CCNA_R0117,quintero_wt-highK_vs_wt-lowK,0.537264650913713,0.0538667398554411
CCNA_03930,quintero_wt-highK_vs_wt-lowK,0,0
CCNA_03931,quintero_wt-highK_vs_wt-lowK,0,0
CCNA_03932,quintero_wt-highK_vs_wt-lowK,0.473564411886522,0.153362939050246
CCNA_03933,quintero_wt-highK_vs_wt-lowK,0.69882202496141,0.011069747903859
CCNA_00719,quintero_wt-highK_vs_wt-lowK,-0.00186121414405652,0.995686307125318
CCNA_00720,quintero_wt-highK_vs_wt-lowK,0.469757524621425,0.0926776903823262
CCNA_00721,quintero_wt-highK_vs_wt-lowK,NA,NA
CCNA_00722,quintero_wt-highK_vs_wt-lowK,NA,NA
CCNA_00723,quintero_wt-highK_vs_wt-lowK,0.475835998390816,0.0238512147745313
CCNA_00724,quintero_wt-highK_vs_wt-lowK,0.291418630952427,0.112937384260491
CCNA_00725,quintero_wt-highK_vs_wt-lowK,-0.347782751501762,0.161021341819618
CCNA_00726,quintero_wt-highK_vs_wt-lowK,-1.39205303236552,4.55357935213931e-8
CCNA_00727,quintero_wt-highK_vs_wt-lowK,0.179743348451213,0.296115689499452
CCNA_00728,quintero_wt-highK_vs_wt-lowK,-0.10464774452365,0.593289107546943
CCNA_00729,quintero_wt-highK_vs_wt-lowK,-0.0430022586841034,0.813078987020925
CCNA_00730,quintero_wt-highK_vs_wt-lowK,-0.705449564516064,1.0606259385374e-4
CCNA_00731,quintero_wt-highK_vs_wt-lowK,0.270787073198139,0.097195736805542
CCNA_00732,quintero_wt-highK_vs_wt-lowK,-0.388042543507774,0.110594143946805
CCNA_00733,quintero_wt-highK_vs_wt-lowK,0.446405739474551,0.00644247539290592
CCNA_00734,quintero_wt-highK_vs_wt-lowK,-1.06032428801604,1.09360765406731e-7
CCNA_00735,quintero_wt-highK_vs_wt-lowK,0.0817408556821173,0.638007374765066
CCNA_00736,quintero_wt-highK_vs_wt-lowK,-0.00636162969231251,0.977011728101081
CCNA_00737,quintero_wt-highK_vs_wt-lowK,0.293718224368815,0.0648990967301113
CCNA_03934,quintero_wt-highK_vs_wt-lowK,0.736305502024763,1.84569438066611e-4
CCNA_00738,quintero_wt-highK_vs_wt-lowK,-0.459282342395053,0.00908465104060962
CCNA_00740,quintero_wt-highK_vs_wt-lowK,0.575556933739635,1.97082559542541e-4
CCNA_00741,quintero_wt-highK_vs_wt-lowK,0.381326786608044,0.0236146945686027
CCNA_00742,quintero_wt-highK_vs_wt-lowK,0.885661395048286,4.97972175407298e-7
CCNA_00743,quintero_wt-highK_vs_wt-lowK,-0.842550265232401,1.4269759045824e-5
CCNA_00744,quintero_wt-highK_vs_wt-lowK,-0.748593770827583,0.0010966007147448
CCNA_00745,quintero_wt-highK_vs_wt-lowK,-0.377538409418429,0.325889197326717
CCNA_03935,quintero_wt-highK_vs_wt-lowK,0,0
CCNA_00746,quintero_wt-highK_vs_wt-lowK,-0.461670786677389,0.0115056486427609
CCNA_00747,quintero_wt-highK_vs_wt-lowK,-0.252877215488132,0.149986713993827
CCNA_00748,quintero_wt-highK_vs_wt-lowK,0.951210270656821,1.92695396194554e-4
CCNA_00749,quintero_wt-highK_vs_wt-lowK,1.23563318704138,5.00756741517283e-6
CCNA_00750,quintero_wt-highK_vs_wt-lowK,0.684057575115742,3.04633406848023e-4
CCNA_R0118,quintero_wt-highK_vs_wt-lowK,0.383407831905881,0.320731740513012
CCNA_00751,quintero_wt-highK_vs_wt-lowK,0.0135147959011054,0.951294227367032
CCNA_00752,quintero_wt-highK_vs_wt-lowK,0.0291171276615641,0.873638314725858
CCNA_00753,quintero_wt-highK_vs_wt-lowK,0.498199155898453,0.0035432693814631
CCNA_00754,quintero_wt-highK_vs_wt-lowK,-2.75333642216746,3.96490971329678e-18
CCNA_00755,quintero_wt-highK_vs_wt-lowK,-0.88055004008615,0.005029851730225
CCNA_00756,quintero_wt-highK_vs_wt-lowK,-0.382315866599094,0.492370420714523
CCNA_R0119,quintero_wt-highK_vs_wt-lowK,0.156261002099955,0.822719381142741
CCNA_00757,quintero_wt-highK_vs_wt-lowK,0.330237946196173,0.117387802794413
CCNA_00758,quintero_wt-highK_vs_wt-lowK,0.774124522588712,3.61487125795392e-6
CCNA_00759,quintero_wt-highK_vs_wt-lowK,0.218125735526369,0.285988085540588
CCNA_R0120,quintero_wt-highK_vs_wt-lowK,0.402331567603705,0.561162674178324
CCNA_00760,quintero_wt-highK_vs_wt-lowK,-0.196895729366916,0.30007551779712
CCNA_00761,quintero_wt-highK_vs_wt-lowK,-0.914123132435109,1.43572725132238e-5
CCNA_00762,quintero_wt-highK_vs_wt-lowK,-0.00949478070308007,0.97163068449975
CCNA_00763,quintero_wt-highK_vs_wt-lowK,-0.0504172916795065,0.812852142223135
CCNA_00764,quintero_wt-highK_vs_wt-lowK,-0.00629827167603013,0.976948144349237
CCNA_00765,quintero_wt-highK_vs_wt-lowK,0.530867468172114,0.00304456852735659
CCNA_00766,quintero_wt-highK_vs_wt-lowK,0.204530375211926,0.235111534243723
CCNA_00767,quintero_wt-highK_vs_wt-lowK,-0.245527512852855,0.276530090206195
CCNA_03936,quintero_wt-highK_vs_wt-lowK,-1.84367592411551,7.18200566602929e-7
CCNA_00768,quintero_wt-highK_vs_wt-lowK,-0.502781891350089,0.0470239152891008
CCNA_00769,quintero_wt-highK_vs_wt-lowK,-0.620485896563691,0.00303346450181061
CCNA_00770,quintero_wt-highK_vs_wt-lowK,0.271137363962375,0.126289354013366
CCNA_R0013,quintero_wt-highK_vs_wt-lowK,-0.328226027585165,0.502160275998684
CCNA_00772,quintero_wt-highK_vs_wt-lowK,-0.728814276320035,0.119429925302236
CCNA_00773,quintero_wt-highK_vs_wt-lowK,-0.875298242865463,7.2004201545835e-8
CCNA_03937,quintero_wt-highK_vs_wt-lowK,-0.0666582305094207,0.771276429086418
CCNA_00774,quintero_wt-highK_vs_wt-lowK,-0.011957654689434,0.952300751024265
CCNA_00775,quintero_wt-highK_vs_wt-lowK,-0.0983097168409717,0.606448054163246
CCNA_00776,quintero_wt-highK_vs_wt-lowK,0.240354433065154,0.199499285319662
CCNA_00777,quintero_wt-highK_vs_wt-lowK,0.0644294986005142,0.764138108521338
CCNA_00778,quintero_wt-highK_vs_wt-lowK,0.964087845249957,1.30523442037898e-7
CCNA_R0014,quintero_wt-highK_vs_wt-lowK,0.0747277395461071,0.89871787862102
CCNA_00779,quintero_wt-highK_vs_wt-lowK,0.332638719165271,0.160861595063174
CCNA_00780,quintero_wt-highK_vs_wt-lowK,-0.627199061889583,0.00150552800273795
CCNA_00781,quintero_wt-highK_vs_wt-lowK,-0.382548331526074,0.050268518528178
CCNA_R0015,quintero_wt-highK_vs_wt-lowK,0.493797843988766,0.00475187769759106
CCNA_00782,quintero_wt-highK_vs_wt-lowK,-0.0212103584812835,0.923748885090501
CCNA_R0016,quintero_wt-highK_vs_wt-lowK,-0.302466522257319,0.323529148492178
CCNA_00783,quintero_wt-highK_vs_wt-lowK,-1.29164834804953,1.50307444396638e-9
CCNA_00784,quintero_wt-highK_vs_wt-lowK,-0.659318161832068,4.54093068707306e-5
CCNA_R0121,quintero_wt-highK_vs_wt-lowK,-0.289972499876293,0.161057969610245
CCNA_00785,quintero_wt-highK_vs_wt-lowK,0.0995271451871444,0.614400332989423
CCNA_03938,quintero_wt-highK_vs_wt-lowK,-0.385601819296662,0.554916595512735
CCNA_00787,quintero_wt-highK_vs_wt-lowK,-0.00453952103144558,0.985057407357635
CCNA_00788,quintero_wt-highK_vs_wt-lowK,-1.05369509783524,2.82706782479256e-7
CCNA_00789,quintero_wt-highK_vs_wt-lowK,-1.37371202988202,2.14338458603407e-5
CCNA_00790,quintero_wt-highK_vs_wt-lowK,-1.03521264970374,0.00265091091151866
CCNA_03939,quintero_wt-highK_vs_wt-lowK,-0.136148529034795,0.634596680382606
CCNA_00792,quintero_wt-highK_vs_wt-lowK,-0.300607518006633,0.184552841627372
CCNA_00793,quintero_wt-highK_vs_wt-lowK,-0.141244470895277,0.557172507323447
CCNA_00794,quintero_wt-highK_vs_wt-lowK,0.52449933038851,0.0298028216907364
CCNA_00795,quintero_wt-highK_vs_wt-lowK,-0.355437345052509,0.0401317129249215
CCNA_00796,quintero_wt-highK_vs_wt-lowK,-0.618465940047916,5.69002330712225e-4
CCNA_03940,quintero_wt-highK_vs_wt-lowK,-0.510447916684649,0.114503693122157
CCNA_00798,quintero_wt-highK_vs_wt-lowK,-1.46699211020179,6.96809126505912e-8
CCNA_00799,quintero_wt-highK_vs_wt-lowK,-1.70206569747707,8.93555456029208e-8
CCNA_00800,quintero_wt-highK_vs_wt-lowK,-2.25777295429301,2.32396660578218e-5
CCNA_00801,quintero_wt-highK_vs_wt-lowK,-2.31843058033943,2.44160577445538e-14
CCNA_00802,quintero_wt-highK_vs_wt-lowK,-1.92084078158054,2.72289634723453e-10
CCNA_00803,quintero_wt-highK_vs_wt-lowK,-0.801115789379695,1.53024928367536e-5
CCNA_00804,quintero_wt-highK_vs_wt-lowK,0.150594873832807,0.450665263966084
CCNA_00805,quintero_wt-highK_vs_wt-lowK,1.21029823004961,8.54485952223549e-11
CCNA_00806,quintero_wt-highK_vs_wt-lowK,0.931087961712334,9.10363630250675e-7
CCNA_00807,quintero_wt-highK_vs_wt-lowK,1.14816402293724,2.50281603556103e-10
CCNA_00808,quintero_wt-highK_vs_wt-lowK,1.54585636368779,9.3132676780446e-25
CCNA_00809,quintero_wt-highK_vs_wt-lowK,-0.174629003634499,0.321297138933458
CCNA_00810,quintero_wt-highK_vs_wt-lowK,-0.693457909226065,1.39443800889597e-5
CCNA_00811,quintero_wt-highK_vs_wt-lowK,-0.496239017524415,0.00280007533257866
CCNA_00812,quintero_wt-highK_vs_wt-lowK,-0.48016863410316,0.0517516608762053
CCNA_00813,quintero_wt-highK_vs_wt-lowK,-1.57616677369298,1.49044390426938e-18
CCNA_00814,quintero_wt-highK_vs_wt-lowK,-0.643371687283309,0.00112105517665149
CCNA_00815,quintero_wt-highK_vs_wt-lowK,-1.41324516175119,2.96821790880292e-15
CCNA_00816,quintero_wt-highK_vs_wt-lowK,-1.02536423402612,1.5953520695412e-6
CCNA_00817,quintero_wt-highK_vs_wt-lowK,-1.53327424339849,5.16366186926025e-13
CCNA_00818,quintero_wt-highK_vs_wt-lowK,-1.08750142145613,4.15299451665511e-6
CCNA_00820,quintero_wt-highK_vs_wt-lowK,-1.42795945742025,1.43813484171635e-11
CCNA_00821,quintero_wt-highK_vs_wt-lowK,-0.965092894215083,5.15358484654588e-8
CCNA_00822,quintero_wt-highK_vs_wt-lowK,-1.05550664016407,6.34577171172088e-8
CCNA_00823,quintero_wt-highK_vs_wt-lowK,-0.752825139898349,3.41570247263507e-4
CCNA_03941,quintero_wt-highK_vs_wt-lowK,0,0
CCNA_00824,quintero_wt-highK_vs_wt-lowK,-0.125154350597656,0.497490196326613
CCNA_00825,quintero_wt-highK_vs_wt-lowK,0.120193041872722,0.621108437536907
CCNA_00826,quintero_wt-highK_vs_wt-lowK,-0.0648429813679776,0.787189617875407
CCNA_00827,quintero_wt-highK_vs_wt-lowK,-0.61382581781678,0.00482842217147554
CCNA_00828,quintero_wt-highK_vs_wt-lowK,-0.875180377670373,1.91899785654951e-7
CCNA_R0122,quintero_wt-highK_vs_wt-lowK,-0.227321735839025,0.683157837593317
CCNA_00830,quintero_wt-highK_vs_wt-lowK,-0.708911069022843,0.00127360075382625
CCNA_00831,quintero_wt-highK_vs_wt-lowK,-0.342388463374928,0.0467353415713771
CCNA_00832,quintero_wt-highK_vs_wt-lowK,-0.468595181050722,0.0122042465042201
CCNA_00833,quintero_wt-highK_vs_wt-lowK,-0.558058415293343,0.00330549836256154
CCNA_03942,quintero_wt-highK_vs_wt-lowK,-0.0904482135105708,0.782949586692979
CCNA_00834,quintero_wt-highK_vs_wt-lowK,-0.294825499461197,0.0731437065047332
CCNA_R0017,quintero_wt-highK_vs_wt-lowK,0.42772804893061,0.266525965196021
CCNA_00835,quintero_wt-highK_vs_wt-lowK,0.189181342875148,0.340588191943128
CCNA_00836,quintero_wt-highK_vs_wt-lowK,0.27093540195984,0.142510785217339
CCNA_00837,quintero_wt-highK_vs_wt-lowK,-0.839707179187021,3.57730910116027e-6
CCNA_00838,quintero_wt-highK_vs_wt-lowK,-1.49478341671113,1.81172395475454e-9
CCNA_R0204,quintero_wt-highK_vs_wt-lowK,-0.970306652681803,1.51183200118607e-5
CCNA_00839,quintero_wt-highK_vs_wt-lowK,-1.1221766674205,4.74226856121055e-11
CCNA_00840,quintero_wt-highK_vs_wt-lowK,-0.651702706309609,8.51963092067588e-6
CCNA_00841,quintero_wt-highK_vs_wt-lowK,-0.0292162986679709,0.897150442678456
CCNA_00842,quintero_wt-highK_vs_wt-lowK,-1.10434814551539,5.72963779211069e-8
CCNA_00843,quintero_wt-highK_vs_wt-lowK,-0.426339718371187,0.027885599653316
CCNA_00844,quintero_wt-highK_vs_wt-lowK,-0.28557011719036,0.202632953564576
CCNA_00845,quintero_wt-highK_vs_wt-lowK,-0.684799732538318,0.0025952123483577
CCNA_00846,quintero_wt-highK_vs_wt-lowK,-0.996790239832067,2.19871464091036e-9
CCNA_R0018,quintero_wt-highK_vs_wt-lowK,0,0
CCNA_03943,quintero_wt-highK_vs_wt-lowK,0,0
CCNA_R0019,quintero_wt-highK_vs_wt-lowK,0.0338480514819439,0.938662694399276
CCNA_00847,quintero_wt-highK_vs_wt-lowK,-0.315792449985848,0.0861264756542832
CCNA_00848,quintero_wt-highK_vs_wt-lowK,-0.299520526764842,0.387673612039903
CCNA_R0123,quintero_wt-highK_vs_wt-lowK,0.13070924351878,0.855253391845718
CCNA_00849,quintero_wt-highK_vs_wt-lowK,0.783697306968887,1.62926663381054e-6
CCNA_00850,quintero_wt-highK_vs_wt-lowK,1.0567761964088,2.48787831928167e-11
CCNA_00851,quintero_wt-highK_vs_wt-lowK,0.996281971150601,5.26296354104868e-9
CCNA_00852,quintero_wt-highK_vs_wt-lowK,0.0432355264475266,0.824996714064987
CCNA_00853,quintero_wt-highK_vs_wt-lowK,-1.15816019403479,0.038397092995355
CCNA_00854,quintero_wt-highK_vs_wt-lowK,-1.70372335935061,0.0014274780402925
CCNA_00855,quintero_wt-highK_vs_wt-lowK,-0.558769197315942,0.0511195968782228
CCNA_R0205,quintero_wt-highK_vs_wt-lowK,-0.081791004946956,0.911856203833497
CCNA_00856,quintero_wt-highK_vs_wt-lowK,-0.577990543967901,0.00963477091241861
CCNA_00857,quintero_wt-highK_vs_wt-lowK,-0.378128691268731,0.0134246560513263
CCNA_00858,quintero_wt-highK_vs_wt-lowK,0.926166690947592,2.52109360261569e-7
CCNA_00859,quintero_wt-highK_vs_wt-lowK,-0.702422609722257,3.47995214217231e-5
CCNA_00860,quintero_wt-highK_vs_wt-lowK,-0.53483098812502206,0.0149466673022856
CCNA_R0124,quintero_wt-highK_vs_wt-lowK,0.25597010400026,0.577818024569462
CCNA_00861,quintero_wt-highK_vs_wt-lowK,0,0
CCNA_00862,quintero_wt-highK_vs_wt-lowK,0.241993209739273,0.136743196611089
CCNA_00863,quintero_wt-highK_vs_wt-lowK,0.461393443333797,0.00693772942498063
CCNA_00864,quintero_wt-highK_vs_wt-lowK,0.00327288730232964,0.992468763096233
CCNA_00865,quintero_wt-highK_vs_wt-lowK,-0.530823486625643,0.0131363047996408
CCNA_00866,quintero_wt-highK_vs_wt-lowK,-0.324983611035983,0.272598049978916
CCNA_00867,quintero_wt-highK_vs_wt-lowK,0.0896556152350898,0.647554704258603
CCNA_03889,quintero_wt-highK_vs_wt-lowK,-0.681252683018939,1.1379345250196e-4
CCNA_00869,quintero_wt-highK_vs_wt-lowK,0.226320817231093,0.1651154667626
CCNA_00870,quintero_wt-highK_vs_wt-lowK,0.422137076212138,0.0570795871706744
CCNA_00871,quintero_wt-highK_vs_wt-lowK,0.22218009962356,0.179135784560071
CCNA_00872,quintero_wt-highK_vs_wt-lowK,0.0420690406313715,0.861677536209624
CCNA_00873,quintero_wt-highK_vs_wt-lowK,-1.25100859335084,3.19966192449376e-7
CCNA_00874,quintero_wt-highK_vs_wt-lowK,0.234005383385304,0.208150962044392
CCNA_00875,quintero_wt-highK_vs_wt-lowK,0.0603125367942505,0.794025982336223
CCNA_00876,quintero_wt-highK_vs_wt-lowK,0.394141936698419,0.0245883049081381
CCNA_00877,quintero_wt-highK_vs_wt-lowK,-0.781434856230346,5.19211203668101e-6
CCNA_00878,quintero_wt-highK_vs_wt-lowK,0.352161643334379,0.0560325663306388
CCNA_00879,quintero_wt-highK_vs_wt-lowK,-0.0408217549002562,0.840221267602531
CCNA_00880,quintero_wt-highK_vs_wt-lowK,0.285801931840018,0.168406881174353
CCNA_00881,quintero_wt-highK_vs_wt-lowK,0.0725532260202968,0.705266917059772
CCNA_00882,quintero_wt-highK_vs_wt-lowK,-2.5772882732935,1.46228088092975e-24
CCNA_00883,quintero_wt-highK_vs_wt-lowK,0.320957610582997,0.0809225802541529
CCNA_00884,quintero_wt-highK_vs_wt-lowK,-0.628953521774321,0.0024604722676752
CCNA_00885,quintero_wt-highK_vs_wt-lowK,-0.504748224322273,0.00518207944124318
CCNA_00886,quintero_wt-highK_vs_wt-lowK,0.985532342210348,1.66871569576638e-6
CCNA_00887,quintero_wt-highK_vs_wt-lowK,1.23268777409008,7.99652878702632e-12
CCNA_00888,quintero_wt-highK_vs_wt-lowK,0.889293716695785,1.59413211787276e-5
CCNA_00889,quintero_wt-highK_vs_wt-lowK,0.741933095197975,1.43353444194735e-5
CCNA_00890,quintero_wt-highK_vs_wt-lowK,-0.151711896531178,0.448758476064159
CCNA_00891,quintero_wt-highK_vs_wt-lowK,0.262633466631153,0.292813354485475
CCNA_R0020,quintero_wt-highK_vs_wt-lowK,-0.665015846965947,0.125514886497684
CCNA_00892,quintero_wt-highK_vs_wt-lowK,-0.031287285594904,0.869102385394272
CCNA_00893,quintero_wt-highK_vs_wt-lowK,0.346645892906678,0.0503595720425489
CCNA_00894,quintero_wt-highK_vs_wt-lowK,-0.241697923743698,0.163804865914871
CCNA_00895,quintero_wt-highK_vs_wt-lowK,-0.938791215875658,1.63983314933319e-7
CCNA_00896,quintero_wt-highK_vs_wt-lowK,-0.217369075645889,0.382401606211547
CCNA_00897,quintero_wt-highK_vs_wt-lowK,0.231059154982316,0.37499565760391
CCNA_00898,quintero_wt-highK_vs_wt-lowK,0.648012426941245,6.98128753319712e-5
CCNA_00899,quintero_wt-highK_vs_wt-lowK,0.839602199577606,1.8033330941673e-6
CCNA_00900,quintero_wt-highK_vs_wt-lowK,-0.14225918191786,0.450147833348646
CCNA_00901,quintero_wt-highK_vs_wt-lowK,-0.103927218504822,0.579289928937825
CCNA_00902,quintero_wt-highK_vs_wt-lowK,-0.463871900280834,0.0109369954934684
CCNA_00903,quintero_wt-highK_vs_wt-lowK,-0.233482649891618,0.277496978835689
CCNA_00904,quintero_wt-highK_vs_wt-lowK,0.105610787601334,0.666347725462298
CCNA_00905,quintero_wt-highK_vs_wt-lowK,0.494594692613294,0.0240987631344796
CCNA_00906,quintero_wt-highK_vs_wt-lowK,0.218873774986976,0.200235689524338
CCNA_00907,quintero_wt-highK_vs_wt-lowK,0.165420906865712,0.413521834205199
CCNA_00908,quintero_wt-highK_vs_wt-lowK,0.706458397588484,7.31020468798805e-5
CCNA_00909,quintero_wt-highK_vs_wt-lowK,0.543435445039417,0.0033798948910638
CCNA_00910,quintero_wt-highK_vs_wt-lowK,-0.500330776829435,0.00352838036431509
CCNA_00911,quintero_wt-highK_vs_wt-lowK,0.117613826902501,0.589727890940958
CCNA_00912,quintero_wt-highK_vs_wt-lowK,0.0407109109836406,0.834792803171133
CCNA_00913,quintero_wt-highK_vs_wt-lowK,-0.00664337623293288,0.981130039581523
CCNA_00914,quintero_wt-highK_vs_wt-lowK,0.280413458358498,0.0998933408161789
CCNA_00915,quintero_wt-highK_vs_wt-lowK,0.124112263709222,0.51301680786525
CCNA_00916,quintero_wt-highK_vs_wt-lowK,0.116806481663137,0.647895211489081
CCNA_00917,quintero_wt-highK_vs_wt-lowK,-0.47531299021289,0.0217982216185365
CCNA_00918,quintero_wt-highK_vs_wt-lowK,0.769057534752252,6.9326436845419e-6
CCNA_00919,quintero_wt-highK_vs_wt-lowK,0.731400538602501,1.21890943211806e-4
CCNA_00920,quintero_wt-highK_vs_wt-lowK,0.546783895982585,0.00381496206999344
CCNA_00921,quintero_wt-highK_vs_wt-lowK,-0.17050648273471,0.321297138933458
CCNA_00922,quintero_wt-highK_vs_wt-lowK,0.358479752980838,0.0240828893539266
CCNA_00923,quintero_wt-highK_vs_wt-lowK,0.439958677847215,0.0196121673324392
CCNA_00924,quintero_wt-highK_vs_wt-lowK,0.233287273887187,0.218617555869674
CCNA_00925,quintero_wt-highK_vs_wt-lowK,0.127006946055012,0.503367987381957
CCNA_00926,quintero_wt-highK_vs_wt-lowK,-0.0458918653158595,0.839641759738038
CCNA_00927,quintero_wt-highK_vs_wt-lowK,-0.454056179116361,0.0384637234570314
CCNA_00928,quintero_wt-highK_vs_wt-lowK,-0.727434850571565,6.06795227578549e-6
CCNA_00929,quintero_wt-highK_vs_wt-lowK,-0.680137740748666,6.71385802625927e-6
CCNA_00930,quintero_wt-highK_vs_wt-lowK,-0.679113262947951,5.4267549691324e-5
CCNA_00931,quintero_wt-highK_vs_wt-lowK,-0.709830226804965,8.86480243931604e-6
CCNA_00932,quintero_wt-highK_vs_wt-lowK,-0.76691747156138,6.23270408939965e-6
CCNA_00933,quintero_wt-highK_vs_wt-lowK,-0.0883852327132521,0.61744395588723
CCNA_00934,quintero_wt-highK_vs_wt-lowK,0.0270113272380431,0.906151308735457
CCNA_00935,quintero_wt-highK_vs_wt-lowK,-0.283915641969854,0.10817905802539
CCNA_00936,quintero_wt-highK_vs_wt-lowK,-0.189595453909458,0.39127770644571
CCNA_00937,quintero_wt-highK_vs_wt-lowK,-0.349678886138994,0.122262139408507
CCNA_00938,quintero_wt-highK_vs_wt-lowK,-0.326659877831669,0.0703746199080559
CCNA_R0125,quintero_wt-highK_vs_wt-lowK,-0.282051031838315,0.538945015956531
CCNA_00939,quintero_wt-highK_vs_wt-lowK,-0.957124591899693,1.58301765217009e-9
CCNA_00940,quintero_wt-highK_vs_wt-lowK,-0.817328626098314,1.11615146650995e-6
CCNA_00941,quintero_wt-highK_vs_wt-lowK,0.441428036286126,0.0059421169111567
CCNA_00942,quintero_wt-highK_vs_wt-lowK,0.220089723546717,0.288284330008881
CCNA_00943,quintero_wt-highK_vs_wt-lowK,0.149300527020052,0.457206359525241
CCNA_03944,quintero_wt-highK_vs_wt-lowK,0.290415348365048,0.275080064102284
CCNA_00944,quintero_wt-highK_vs_wt-lowK,0.0472577515080847,0.823924498942902
CCNA_00945,quintero_wt-highK_vs_wt-lowK,0.18106743374321,0.402396025700455
CCNA_00946,quintero_wt-highK_vs_wt-lowK,0.21821685961014,0.311289897513184
CCNA_00947,quintero_wt-highK_vs_wt-lowK,0.265046504252096,0.216878068261821
CCNA_00948,quintero_wt-highK_vs_wt-lowK,-0.0584621684381604,0.767400958826313
CCNA_00949,quintero_wt-highK_vs_wt-lowK,-0.040466130583861,0.882288010758097
CCNA_00950,quintero_wt-highK_vs_wt-lowK,-0.348219165112176,0.0534248250246645
CCNA_00951,quintero_wt-highK_vs_wt-lowK,-0.174449584518812,0.328875306127378
CCNA_00952,quintero_wt-highK_vs_wt-lowK,-0.0734685371260957,0.751062380414818
CCNA_00953,quintero_wt-highK_vs_wt-lowK,-0.195524267191648,0.27386472694945
CCNA_00954,quintero_wt-highK_vs_wt-lowK,-0.216284670561858,0.238269281141969
CCNA_00956,quintero_wt-highK_vs_wt-lowK,0.192703394619243,0.334536398423396
CCNA_00957,quintero_wt-highK_vs_wt-lowK,0.111736465950357,0.532752412316559
CCNA_00958,quintero_wt-highK_vs_wt-lowK,-0.858105333890963,1.579035159131e-4
CCNA_00959,quintero_wt-highK_vs_wt-lowK,-0.879293926802687,1.25227363782262e-5
CCNA_00961,quintero_wt-highK_vs_wt-lowK,-0.131063169715215,0.534633616098941
CCNA_00962,quintero_wt-highK_vs_wt-lowK,0.36706429119541,0.100425949651414
CCNA_00963,quintero_wt-highK_vs_wt-lowK,0.810546768672884,6.8846784177715e-5
CCNA_00964,quintero_wt-highK_vs_wt-lowK,-0.320528159744353,0.448758476064159
CCNA_00965,quintero_wt-highK_vs_wt-lowK,0.112689177478588,0.548306956151924
CCNA_00966,quintero_wt-highK_vs_wt-lowK,0.462609351256423,0.0123080694100153
CCNA_00967,quintero_wt-highK_vs_wt-lowK,-0.548264214151728,4.15937987297509e-4
CCNA_00968,quintero_wt-highK_vs_wt-lowK,0.781019375374707,1.60526234305261e-5
CCNA_00969,quintero_wt-highK_vs_wt-lowK,-1.90631641583957,5.05948485755074e-12
CCNA_00970,quintero_wt-highK_vs_wt-lowK,-0.781443472743393,2.72973433002143e-6
CCNA_00971,quintero_wt-highK_vs_wt-lowK,0.226348526090518,0.207472301488888
CCNA_00972,quintero_wt-highK_vs_wt-lowK,-0.0609542855504781,0.769828184064842
CCNA_00973,quintero_wt-highK_vs_wt-lowK,-0.544239585767748,0.00211286828553239
CCNA_00974,quintero_wt-highK_vs_wt-lowK,-0.00229182655683976,0.993536155032775
CCNA_00976,quintero_wt-highK_vs_wt-lowK,-0.756714284606161,1.69387138743426e-4
CCNA_R0021,quintero_wt-highK_vs_wt-lowK,1.15182142391221,7.18425186366899e-8
CCNA_R0022,quintero_wt-highK_vs_wt-lowK,1.23160634877173,1.33931132409353e-10
CCNA_00977,quintero_wt-highK_vs_wt-lowK,-0.143366136723634,0.742198770826999
CCNA_00978,quintero_wt-highK_vs_wt-lowK,-0.331792989610006,0.358524938029795
CCNA_00979,quintero_wt-highK_vs_wt-lowK,-0.327116397600151,0.0892865846299761
CCNA_00980,quintero_wt-highK_vs_wt-lowK,-0.455351923205591,0.0322094594673408
CCNA_00981,quintero_wt-highK_vs_wt-lowK,-0.164717123649143,0.573867240095341
CCNA_00982,quintero_wt-highK_vs_wt-lowK,-0.292448026841809,0.0675085954790856
CCNA_00983,quintero_wt-highK_vs_wt-lowK,-1.02625638815621,7.75711284426715e-8
CCNA_00984,quintero_wt-highK_vs_wt-lowK,0.0484051927100949,0.820674992136086
CCNA_00985,quintero_wt-highK_vs_wt-lowK,-0.286437738723805,0.0688113703600286
CCNA_00986,quintero_wt-highK_vs_wt-lowK,-0.786337433357078,2.2937379817158e-5
CCNA_00987,quintero_wt-highK_vs_wt-lowK,-1.75464467347559,7.49840931208927e-21
CCNA_00988,quintero_wt-highK_vs_wt-lowK,-0.260970461663522,0.154156921585004
CCNA_00989,quintero_wt-highK_vs_wt-lowK,-0.530269778240844,5.89756497248866e-4
CCNA_00990,quintero_wt-highK_vs_wt-lowK,-0.670275261572296,5.13734857395005e-4
CCNA_00991,quintero_wt-highK_vs_wt-lowK,-1.08063839511452,8.93555456029208e-8
CCNA_00992,quintero_wt-highK_vs_wt-lowK,-0.580014040944934,0.00228550463745477
CCNA_00993,quintero_wt-highK_vs_wt-lowK,-1.4867849692128,1.71036642192374e-18
CCNA_00994,quintero_wt-highK_vs_wt-lowK,-2.14445409782244,7.80037838795364e-20
CCNA_00995,quintero_wt-highK_vs_wt-lowK,-0.73036454418144,1.38973600900788e-5
CCNA_00996,quintero_wt-highK_vs_wt-lowK,-1.4774352337295,3.45441476126433e-10
CCNA_00997,quintero_wt-highK_vs_wt-lowK,-0.245755826558559,0.172696881136404
CCNA_R0126,quintero_wt-highK_vs_wt-lowK,0.448567766374102,0.0912237011126659
CCNA_00998,quintero_wt-highK_vs_wt-lowK,0.745207067124884,1.32587809497662e-4
CCNA_00999,quintero_wt-highK_vs_wt-lowK,-0.40056323451053,0.0474041340728386
CCNA_01000,quintero_wt-highK_vs_wt-lowK,0.0554459974422327,0.88506360500673
CCNA_01001,quintero_wt-highK_vs_wt-lowK,0.132074751666269,0.522925522641685
CCNA_01002,quintero_wt-highK_vs_wt-lowK,-0.377756103733479,0.0748675899650929
CCNA_01003,quintero_wt-highK_vs_wt-lowK,-0.264799798364692,0.251022189998119
CCNA_01004,quintero_wt-highK_vs_wt-lowK,-0.23144248747107601,0.199975122744791
CCNA_01005,quintero_wt-highK_vs_wt-lowK,-0.314305419624779,0.100329074101086
CCNA_01006,quintero_wt-highK_vs_wt-lowK,-0.238679078389721,0.267438496119354
CCNA_01007,quintero_wt-highK_vs_wt-lowK,-1.37579869384477,1.46158120758106e-5
CCNA_01008,quintero_wt-highK_vs_wt-lowK,-0.297000042891769,0.0881675319794327
CCNA_01009,quintero_wt-highK_vs_wt-lowK,0.141855086262698,0.53586933105584
CCNA_01010,quintero_wt-highK_vs_wt-lowK,-0.273500676480799,0.15119181806153
CCNA_01011,quintero_wt-highK_vs_wt-lowK,-0.57579554267984,0.00833501244169465
CCNA_01012,quintero_wt-highK_vs_wt-lowK,0.279153846142505,0.147780321340394
CCNA_01013,quintero_wt-highK_vs_wt-lowK,0.222088861803673,0.347907634277408
CCNA_R0023,quintero_wt-highK_vs_wt-lowK,0.748190463182833,0.00374280323991294
CCNA_01014,quintero_wt-highK_vs_wt-lowK,-0.1255630315073,0.605538907466047
CCNA_01015,quintero_wt-highK_vs_wt-lowK,0.0665685879686969,0.718416647809613
CCNA_01016,quintero_wt-highK_vs_wt-lowK,-0.00389469189830109,0.987734934319459
CCNA_01017,quintero_wt-highK_vs_wt-lowK,-2.06185242313028,2.65465344542571e-19
CCNA_01018,quintero_wt-highK_vs_wt-lowK,-0.174316090497184,0.354836274641438
CCNA_R0127,quintero_wt-highK_vs_wt-lowK,0.778148093337322,0.209454601527796
CCNA_01019,quintero_wt-highK_vs_wt-lowK,-0.654609639103747,3.63186600650206e-5
CCNA_01020,quintero_wt-highK_vs_wt-lowK,-0.437871315738961,0.00708229571681964
CCNA_01021,quintero_wt-highK_vs_wt-lowK,-2.23628316816827,2.54013462558141e-23
CCNA_01022,quintero_wt-highK_vs_wt-lowK,-1.19050878841732,7.94252108049222e-11
CCNA_01023,quintero_wt-highK_vs_wt-lowK,-0.772748522027574,1.83535139934853e-5
CCNA_01024,quintero_wt-highK_vs_wt-lowK,0.123554450403305,0.490621346627939
CCNA_01025,quintero_wt-highK_vs_wt-lowK,-0.111901067353847,0.51090604103892
CCNA_01026,quintero_wt-highK_vs_wt-lowK,0.108622091098178,0.575240544125669
CCNA_01027,quintero_wt-highK_vs_wt-lowK,0.0855058897399582,0.727571236760423
CCNA_01028,quintero_wt-highK_vs_wt-lowK,0.236208366195982,0.170657861179174
CCNA_01029,quintero_wt-highK_vs_wt-lowK,-0.0535725181914312,0.774281406550894
CCNA_01030,quintero_wt-highK_vs_wt-lowK,-0.214984579979432,0.315942658162728
CCNA_01031,quintero_wt-highK_vs_wt-lowK,-0.500527477539085,0.00126049990996109
CCNA_01032,quintero_wt-highK_vs_wt-lowK,-0.0190001796739055,0.941252712422332
CCNA_01033,quintero_wt-highK_vs_wt-lowK,-0.107172422516179,0.573333096398641
CCNA_R0128,quintero_wt-highK_vs_wt-lowK,0.130749384046086,0.801352255545267
CCNA_01034,quintero_wt-highK_vs_wt-lowK,0.107675576120639,0.577807825572665
CCNA_01035,quintero_wt-highK_vs_wt-lowK,0.32939184800052,0.050017016827105
CCNA_R0129,quintero_wt-highK_vs_wt-lowK,0.356796735682798,0.610198297024483
CCNA_01036,quintero_wt-highK_vs_wt-lowK,0.147208703106641,0.422156685727244
CCNA_01037,quintero_wt-highK_vs_wt-lowK,-0.705807333695999,6.41522104884004e-5
CCNA_01038,quintero_wt-highK_vs_wt-lowK,-1.04066225214951,2.48477471924653e-8
CCNA_01039,quintero_wt-highK_vs_wt-lowK,0.0845456227184053,0.774868984947448
CCNA_01040,quintero_wt-highK_vs_wt-lowK,0.100182336423391,0.698511314631113
CCNA_01041,quintero_wt-highK_vs_wt-lowK,0.00603958895153587,0.988358841444095
CCNA_R0130,quintero_wt-highK_vs_wt-lowK,-0.390952225872876,0.401215932765201
CCNA_01042,quintero_wt-highK_vs_wt-lowK,-0.913054828369074,1.37095423570109e-7
CCNA_01043,quintero_wt-highK_vs_wt-lowK,-0.606168698243223,0.00591937799788709
CCNA_01044,quintero_wt-highK_vs_wt-lowK,-0.155327745767125,0.482547344191763
CCNA_01045,quintero_wt-highK_vs_wt-lowK,0.222214080476724,0.355607513885757
CCNA_01046,quintero_wt-highK_vs_wt-lowK,-0.0177450153625438,0.932365421750302
CCNA_R0024,quintero_wt-highK_vs_wt-lowK,1.34366869132752,5.09608222377927e-10
CCNA_01047,quintero_wt-highK_vs_wt-lowK,-0.0608119702155273,0.770137051733092
CCNA_01048,quintero_wt-highK_vs_wt-lowK,0.145357262437035,0.726804366717759
CCNA_03945,quintero_wt-highK_vs_wt-lowK,-2.75174665160994,4.44396994151016e-31
CCNA_01049,quintero_wt-highK_vs_wt-lowK,-2.42717161889358,2.96438348808725e-40
CCNA_01050,quintero_wt-highK_vs_wt-lowK,0.520385156008167,0.00256147537112781
CCNA_01051,quintero_wt-highK_vs_wt-lowK,-1.3379238732076,3.57296237137937e-18
CCNA_01052,quintero_wt-highK_vs_wt-lowK,-1.15283233968844,1.11192910127856e-7
CCNA_01053,quintero_wt-highK_vs_wt-lowK,-0.634844512669402,0.00169933259853519
CCNA_01054,quintero_wt-highK_vs_wt-lowK,-0.873232537241155,1.60249164876349e-8
CCNA_01055,quintero_wt-highK_vs_wt-lowK,0.344686673309512,0.0508777090324473
CCNA_01056,quintero_wt-highK_vs_wt-lowK,0.123750303613795,0.466693646360729
CCNA_01057,quintero_wt-highK_vs_wt-lowK,-0.286976012822436,0.0636584699389052
CCNA_01058,quintero_wt-highK_vs_wt-lowK,-0.390289015103244,0.0151435162309109
CCNA_01059,quintero_wt-highK_vs_wt-lowK,0.103503947582972,0.566857131635831
CCNA_01060,quintero_wt-highK_vs_wt-lowK,0.700737999420683,4.20491363029601e-5
CCNA_01061,quintero_wt-highK_vs_wt-lowK,0.890974537956919,6.06436239631525e-6
CCNA_01062,quintero_wt-highK_vs_wt-lowK,0.940068321679437,1.45432052972838e-6
CCNA_01063,quintero_wt-highK_vs_wt-lowK,0.884701661237285,1.579035159131e-4
CCNA_01064,quintero_wt-highK_vs_wt-lowK,0.750210047693795,1.71401586035696e-4
CCNA_01065,quintero_wt-highK_vs_wt-lowK,0.908187581928999,7.86422683549953e-6
CCNA_01066,quintero_wt-highK_vs_wt-lowK,0.961486208866144,1.41975553973994e-8
CCNA_01067,quintero_wt-highK_vs_wt-lowK,0.323620220683878,0.0470858701328682
CCNA_01068,quintero_wt-highK_vs_wt-lowK,0.499624952516901,0.00359359346096456
CCNA_01069,quintero_wt-highK_vs_wt-lowK,0.12611573705342,0.575510446713132
CCNA_R0025,quintero_wt-highK_vs_wt-lowK,0.493091855136969,0.0103967601854908
CCNA_R0131,quintero_wt-highK_vs_wt-lowK,0.00604912167002825,0.993536155032775
CCNA_01070,quintero_wt-highK_vs_wt-lowK,-0.431922583425403,0.00810262050822603
CCNA_01071,quintero_wt-highK_vs_wt-lowK,-0.701274619012712,2.60450195007267e-6
CCNA_01072,quintero_wt-highK_vs_wt-lowK,-1.49416380546289,2.33465481480859e-7
CCNA_01073,quintero_wt-highK_vs_wt-lowK,-0.157337915860965,0.443020389405897
CCNA_01074,quintero_wt-highK_vs_wt-lowK,-0.0681372583394612,0.752209524264676
CCNA_01075,quintero_wt-highK_vs_wt-lowK,-0.695235674318862,0.00184986717384283
CCNA_01076,quintero_wt-highK_vs_wt-lowK,-0.70296873845387,0.00168879951716743
CCNA_01077,quintero_wt-highK_vs_wt-lowK,-0.432992980011906,0.00713536665070792
CCNA_01078,quintero_wt-highK_vs_wt-lowK,-0.880178149226248,3.64595019044394e-4
CCNA_01079,quintero_wt-highK_vs_wt-lowK,0.619675876951818,0.00779963966781554
CCNA_01080,quintero_wt-highK_vs_wt-lowK,-0.254027112463175,0.213978650112756
CCNA_01081,quintero_wt-highK_vs_wt-lowK,0.0762840334364389,0.754068813446861
CCNA_01082,quintero_wt-highK_vs_wt-lowK,-0.739996537117091,0.00189479958740435
CCNA_01083,quintero_wt-highK_vs_wt-lowK,-0.230947945328212,0.144222823317648
CCNA_01084,quintero_wt-highK_vs_wt-lowK,-0.054414372597931,0.771018916837887
CCNA_01085,quintero_wt-highK_vs_wt-lowK,-0.137956128694067,0.469008081719472
CCNA_01086,quintero_wt-highK_vs_wt-lowK,0.687818053061262,4.68487796207684e-5
CCNA_01087,quintero_wt-highK_vs_wt-lowK,-0.455703445216816,0.00843327851836959
CCNA_01088,quintero_wt-highK_vs_wt-lowK,-0.124955941901069,0.494296861676846
CCNA_01089,quintero_wt-highK_vs_wt-lowK,-0.057860073824288,0.745052271116253
CCNA_01090,quintero_wt-highK_vs_wt-lowK,-0.620017251859476,2.52077558899951e-4
CCNA_01091,quintero_wt-highK_vs_wt-lowK,-1.62208888588753,9.8651118263924e-9
CCNA_01092,quintero_wt-highK_vs_wt-lowK,-1.93861863829711,4.4949320285892e-11
CCNA_01093,quintero_wt-highK_vs_wt-lowK,-2.29010297011613,2.17818025432983e-13
CCNA_01094,quintero_wt-highK_vs_wt-lowK,-1.26334673791504,3.00339400093145e-5
CCNA_01095,quintero_wt-highK_vs_wt-lowK,1.0206886704105,1.66603598576585e-8
CCNA_01096,quintero_wt-highK_vs_wt-lowK,0.897974750604916,1.24479346979116e-6
CCNA_01097,quintero_wt-highK_vs_wt-lowK,1.12052552549879,1.14398951334061e-9
CCNA_01098,quintero_wt-highK_vs_wt-lowK,1.15874161856971,3.09114691089699e-9
CCNA_01099,quintero_wt-highK_vs_wt-lowK,0.962415334071152,1.37323665345532e-7
CCNA_01100,quintero_wt-highK_vs_wt-lowK,0.0425848045533539,0.839641759738038
CCNA_01101,quintero_wt-highK_vs_wt-lowK,0.302585882021189,0.0560325663306388
CCNA_01102,quintero_wt-highK_vs_wt-lowK,0.838064411617794,3.6602888944544e-5
CCNA_01103,quintero_wt-highK_vs_wt-lowK,0.42922551854514,0.00865990464331641
CCNA_01104,quintero_wt-highK_vs_wt-lowK,0.392862376318427,0.0171080972887376
CCNA_01105,quintero_wt-highK_vs_wt-lowK,0.164567871581904,0.375469077328878
CCNA_01106,quintero_wt-highK_vs_wt-lowK,-0.957468920603883,2.06565886515607e-8
CCNA_01107,quintero_wt-highK_vs_wt-lowK,-0.228034730085067,0.354836274641438
CCNA_01108,quintero_wt-highK_vs_wt-lowK,-0.0654569704629827,0.776570640312105
CCNA_R0026,quintero_wt-highK_vs_wt-lowK,1.28318661536806,1.28684577248877e-7
CCNA_R0027,quintero_wt-highK_vs_wt-lowK,1.14666646807118,2.02833173705845e-6
CCNA_01109,quintero_wt-highK_vs_wt-lowK,-0.495528994395686,0.0042369671084472
CCNA_01110,quintero_wt-highK_vs_wt-lowK,-0.215747308087128,0.195437515008391
CCNA_01111,quintero_wt-highK_vs_wt-lowK,0.198833962509629,0.370013000658087
CCNA_01112,quintero_wt-highK_vs_wt-lowK,0.323323294464181,0.0887007348588473
CCNA_01113,quintero_wt-highK_vs_wt-lowK,0.851104856536102,4.01631132191589e-6
CCNA_01114,quintero_wt-highK_vs_wt-lowK,0.738232855992444,0.00129950128420972
CCNA_01115,quintero_wt-highK_vs_wt-lowK,0.182619098154131,0.322684592953446
CCNA_01116,quintero_wt-highK_vs_wt-lowK,-0.172242594630666,0.386773576787245
CCNA_01117,quintero_wt-highK_vs_wt-lowK,0.149815057795152,0.420574733528905
CCNA_01118,quintero_wt-highK_vs_wt-lowK,0.24480435090773,0.301382675080063
CCNA_01119,quintero_wt-highK_vs_wt-lowK,-0.904899357232157,2.16305362857443e-6
CCNA_01120,quintero_wt-highK_vs_wt-lowK,-1.97499727628209,9.56472342083261e-13
CCNA_01121,quintero_wt-highK_vs_wt-lowK,-0.526036636954907,5.44012234154111e-4
CCNA_01122,quintero_wt-highK_vs_wt-lowK,-0.414524838831012,0.0127308349096654
CCNA_01123,quintero_wt-highK_vs_wt-lowK,0.796809611961189,1.76723508373024e-6
CCNA_01124,quintero_wt-highK_vs_wt-lowK,-0.0164840424403692,0.946274810834412
CCNA_01125,quintero_wt-highK_vs_wt-lowK,-0.819850134193302,4.81875877156272e-5
CCNA_03890,quintero_wt-highK_vs_wt-lowK,-0.996191820902277,9.09747497942167e-7
CCNA_01128,quintero_wt-highK_vs_wt-lowK,-0.260452690929939,0.214243090996413
CCNA_01129,quintero_wt-highK_vs_wt-lowK,-0.0598992395444856,0.776474821264067
CCNA_01130,quintero_wt-highK_vs_wt-lowK,-0.339822456893254,0.0488055234645782
CCNA_01131,quintero_wt-highK_vs_wt-lowK,-0.189884109650152,0.282448823304338
CCNA_01132,quintero_wt-highK_vs_wt-lowK,-0.250679340585526,0.134736608465564
CCNA_01133,quintero_wt-highK_vs_wt-lowK,-0.515387980419506,0.00233661685343999
CCNA_01134,quintero_wt-highK_vs_wt-lowK,-0.175708620277477,0.403727480745873
CCNA_01135,quintero_wt-highK_vs_wt-lowK,0.209949737106067,0.338329338981766
CCNA_01136,quintero_wt-highK_vs_wt-lowK,-0.088774721259543,0.763051454305177
CCNA_01137,quintero_wt-highK_vs_wt-lowK,-0.834984227609693,1.50690323608788e-5
CCNA_01138,quintero_wt-highK_vs_wt-lowK,0.49136497260279,0.0144554731069379
CCNA_01139,quintero_wt-highK_vs_wt-lowK,-0.110053882994339,0.517775899702978
CCNA_01140,quintero_wt-highK_vs_wt-lowK,0.150683785394578,0.469025632104921
CCNA_01141,quintero_wt-highK_vs_wt-lowK,0.154420618486276,0.376524930119746
CCNA_R0132,quintero_wt-highK_vs_wt-lowK,1.55804572881817,4.26993549332186e-4
CCNA_01142,quintero_wt-highK_vs_wt-lowK,-0.356948650574819,0.0569649048586135
CCNA_R0133,quintero_wt-highK_vs_wt-lowK,0.0941635709212965,0.808546289034811
CCNA_01143,quintero_wt-highK_vs_wt-lowK,0.397183135404049,0.0162514991535021
CCNA_01144,quintero_wt-highK_vs_wt-lowK,0.0133078907105174,0.952300751024265
CCNA_01145,quintero_wt-highK_vs_wt-lowK,0.242447167141844,0.265061928684428
CCNA_01147,quintero_wt-highK_vs_wt-lowK,-0.24384425290153,0.349185667577332
CCNA_01148,quintero_wt-highK_vs_wt-lowK,0.314952408070306,0.594934913769229
CCNA_01149,quintero_wt-highK_vs_wt-lowK,0.359239770275484,0.0410768697181242
CCNA_03891,quintero_wt-highK_vs_wt-lowK,-0.744637748994725,7.22139840219689e-4
CCNA_01151,quintero_wt-highK_vs_wt-lowK,0.151324260255263,0.526496042231022
CCNA_01152,quintero_wt-highK_vs_wt-lowK,0.413089387701707,0.0386835393103629
CCNA_01153,quintero_wt-highK_vs_wt-lowK,-0.120455793615566,0.591854556810413
CCNA_01154,quintero_wt-highK_vs_wt-lowK,-0.701974876292088,2.2608233737548e-6
CCNA_01155,quintero_wt-highK_vs_wt-lowK,-0.278766560365234,0.103384254715075
CCNA_01156,quintero_wt-highK_vs_wt-lowK,-0.483210851116198,0.00885058876334799
CCNA_01157,quintero_wt-highK_vs_wt-lowK,-0.279280752885709,0.0803490862698714
CCNA_03999,quintero_wt-highK_vs_wt-lowK,-0.271990719587599,0.157004354512369
CCNA_01158,quintero_wt-highK_vs_wt-lowK,-0.0600572829078848,0.794025982336223
CCNA_03946,quintero_wt-highK_vs_wt-lowK,-0.86304175122176,0.0308922552060427
CCNA_01159,quintero_wt-highK_vs_wt-lowK,-0.964660898450092,1.79124808836777e-9
CCNA_01161,quintero_wt-highK_vs_wt-lowK,0.885256215538921,0.00143171639708911
CCNA_01162,quintero_wt-highK_vs_wt-lowK,1.03970184440266,5.86373560212386e-7
CCNA_01163,quintero_wt-highK_vs_wt-lowK,-0.580425547433327,1.16670529518533e-4
CCNA_01164,quintero_wt-highK_vs_wt-lowK,-0.142825993387223,0.403125561447739
CCNA_01165,quintero_wt-highK_vs_wt-lowK,0.15002638359804,0.449431982856869
CCNA_01166,quintero_wt-highK_vs_wt-lowK,0.267686631392221,0.208183676337625
CCNA_01167,quintero_wt-highK_vs_wt-lowK,-0.412157074376522,0.0293592598304446
CCNA_01168,quintero_wt-highK_vs_wt-lowK,-0.873522645531598,9.69786869676096e-6
CCNA_01169,quintero_wt-highK_vs_wt-lowK,-0.914020687485829,9.87863800833582e-5
CCNA_01170,quintero_wt-highK_vs_wt-lowK,-0.490891647414657,0.0225322407645674
CCNA_R0028,quintero_wt-highK_vs_wt-lowK,1.12572309244208,1.93985582280856e-9
CCNA_01171,quintero_wt-highK_vs_wt-lowK,0.20942862333695,0.298825276981294
CCNA_01172,quintero_wt-highK_vs_wt-lowK,-0.03846881638464,0.840221267602531
CCNA_01173,quintero_wt-highK_vs_wt-lowK,0.649006241212246,8.46009989707361e-5
CCNA_01174,quintero_wt-highK_vs_wt-lowK,0.53577694566762,0.00138252194256604
CCNA_R0134,quintero_wt-highK_vs_wt-lowK,0.854763741345486,0.00217647983075689
CCNA_01175,quintero_wt-highK_vs_wt-lowK,0.277571893032017,0.264576536557238
CCNA_01176,quintero_wt-highK_vs_wt-lowK,0.314903492416886,0.175697168671116
CCNA_01177,quintero_wt-highK_vs_wt-lowK,0.344426882139705,0.157806801922776
CCNA_01178,quintero_wt-highK_vs_wt-lowK,0.256152066567816,0.360192888220102
CCNA_01179,quintero_wt-highK_vs_wt-lowK,0.420388478125003,0.0843891554044698
CCNA_01180,quintero_wt-highK_vs_wt-lowK,-6.12978348055933e-4,0.997572694107938
CCNA_01181,quintero_wt-highK_vs_wt-lowK,-0.0568224529562786,0.762430061721592
CCNA_01182,quintero_wt-highK_vs_wt-lowK,-0.0773507333202768,0.700542186090618
CCNA_01183,quintero_wt-highK_vs_wt-lowK,0.358096052562921,0.0557027735998801
CCNA_01184,quintero_wt-highK_vs_wt-lowK,-0.436914068669141,0.121872134451451
CCNA_01185,quintero_wt-highK_vs_wt-lowK,-1.41983443443599,0.0131867759627187
CCNA_01186,quintero_wt-highK_vs_wt-lowK,-0.248210169495728,0.172437245558223
CCNA_01187,quintero_wt-highK_vs_wt-lowK,0.28983247365036,0.126289354013366
CCNA_01188,quintero_wt-highK_vs_wt-lowK,0.038471991264985,0.85612688580167
CCNA_01189,quintero_wt-highK_vs_wt-lowK,0.30021855588144,0.123974507465708
CCNA_01190,quintero_wt-highK_vs_wt-lowK,0.84002739244069,7.71484849954895e-7
CCNA_01191,quintero_wt-highK_vs_wt-lowK,0.0909196823857878,0.651503334014748
CCNA_01192,quintero_wt-highK_vs_wt-lowK,-0.132186156625728,0.562025182690204
CCNA_01193,quintero_wt-highK_vs_wt-lowK,-0.549441089729809,0.00426390937065162
CCNA_R0135,quintero_wt-highK_vs_wt-lowK,0.588063439622407,0.399644374702609
CCNA_01194,quintero_wt-highK_vs_wt-lowK,-1.49271251918737,1.71843205338866e-20
CCNA_01195,quintero_wt-highK_vs_wt-lowK,-0.234953132978995,0.259442477902411
CCNA_01196,quintero_wt-highK_vs_wt-lowK,-0.0902158947095378,0.636597426085626
CCNA_01197,quintero_wt-highK_vs_wt-lowK,0.368679641033917,0.288284330008881
CCNA_01198,quintero_wt-highK_vs_wt-lowK,0.395058722823078,0.0173145408329377
CCNA_01199,quintero_wt-highK_vs_wt-lowK,0.366011546805873,0.0314828033051882
CCNA_01200,quintero_wt-highK_vs_wt-lowK,0.251430959329352,0.23831445611952
CCNA_01201,quintero_wt-highK_vs_wt-lowK,0.153851906775699,0.509830762949016
CCNA_01202,quintero_wt-highK_vs_wt-lowK,0.00940790052734817,0.965585944355511
CCNA_01203,quintero_wt-highK_vs_wt-lowK,0.792288607646017,6.68864244112157e-6
CCNA_01204,quintero_wt-highK_vs_wt-lowK,-0.293887103551599,0.0858639508152237
CCNA_01205,quintero_wt-highK_vs_wt-lowK,0.202900708335966,0.598771188499054
CCNA_01206,quintero_wt-highK_vs_wt-lowK,-0.318180357085525,0.306205920306014
CCNA_01207,quintero_wt-highK_vs_wt-lowK,-0.559229083052025,0.0103036229636803
CCNA_01208,quintero_wt-highK_vs_wt-lowK,-0.499480210493666,0.0228455811811366
CCNA_01209,quintero_wt-highK_vs_wt-lowK,-0.420158858528686,0.0177624438020335
CCNA_01210,quintero_wt-highK_vs_wt-lowK,0.646825926455823,4.86739174202473e-4
CCNA_01211,quintero_wt-highK_vs_wt-lowK,0.85850036791571,9.69786869676096e-6
CCNA_01212,quintero_wt-highK_vs_wt-lowK,0.443756952926247,0.0174017059901958
CCNA_01213,quintero_wt-highK_vs_wt-lowK,0.266858350349335,0.207324899451382
CCNA_01214,quintero_wt-highK_vs_wt-lowK,0.270165048702431,0.144459273949919
CCNA_01215,quintero_wt-highK_vs_wt-lowK,0.0620350160786086,0.755521294367961
CCNA_01216,quintero_wt-highK_vs_wt-lowK,0.00784812156571219,0.973406435701516
CCNA_01217,quintero_wt-highK_vs_wt-lowK,0.23413247192697,0.246034200845539
CCNA_01218,quintero_wt-highK_vs_wt-lowK,0.460295057775416,0.0355891192238504
CCNA_01219,quintero_wt-highK_vs_wt-lowK,0.820072364015128,2.07380298114193e-5
CCNA_01220,quintero_wt-highK_vs_wt-lowK,0.52776571425148,0.003058390139087
CCNA_01221,quintero_wt-highK_vs_wt-lowK,0.333849485502616,0.0683744809315087
CCNA_01222,quintero_wt-highK_vs_wt-lowK,0.628812968433112,8.05106656990762e-4
CCNA_01223,quintero_wt-highK_vs_wt-lowK,0.737912147544016,8.96638880935198e-5
CCNA_01224,quintero_wt-highK_vs_wt-lowK,0.430801435593382,0.0212368907762397
CCNA_01225,quintero_wt-highK_vs_wt-lowK,0.538528914707581,0.00246915186062142
CCNA_01226,quintero_wt-highK_vs_wt-lowK,0.281834421253756,0.104728039865686
CCNA_01227,quintero_wt-highK_vs_wt-lowK,-0.587639850866155,0.00381615329043556
CCNA_01228,quintero_wt-highK_vs_wt-lowK,-0.323119740999678,0.0978705888743849
CCNA_01229,quintero_wt-highK_vs_wt-lowK,-0.689889490705133,1.60923701521714e-4
CCNA_01230,quintero_wt-highK_vs_wt-lowK,-1.05855256728171,1.1102083077517e-10
CCNA_01231,quintero_wt-highK_vs_wt-lowK,-0.523251533832108,0.00968369865722276
CCNA_R0136,quintero_wt-highK_vs_wt-lowK,0,0
CCNA_01232,quintero_wt-highK_vs_wt-lowK,-0.692535422828771,4.2131849639156e-4
CCNA_01233,quintero_wt-highK_vs_wt-lowK,-0.572770506878518,8.93456882961894e-4
CCNA_01234,quintero_wt-highK_vs_wt-lowK,-0.40241372791131,0.0522132377306453
CCNA_01235,quintero_wt-highK_vs_wt-lowK,-1.32346935887349,5.70547551308656e-11
CCNA_01236,quintero_wt-highK_vs_wt-lowK,-2.40433199805986,3.42536620390856e-30
CCNA_01237,quintero_wt-highK_vs_wt-lowK,-2.22214758906628,3.95471451940748e-28
CCNA_01238,quintero_wt-highK_vs_wt-lowK,0.704623962436463,2.5175891129673e-4
CCNA_01239,quintero_wt-highK_vs_wt-lowK,-0.174046214116699,0.349185667577332
CCNA_01240,quintero_wt-highK_vs_wt-lowK,-0.461571082918172,0.0122467582633667
CCNA_01241,quintero_wt-highK_vs_wt-lowK,-0.242576723801787,0.161849196067553
CCNA_01242,quintero_wt-highK_vs_wt-lowK,0.048927912641173,0.803921063627887
CCNA_01243,quintero_wt-highK_vs_wt-lowK,0.0499894488777838,0.801191373230719
CCNA_01244,quintero_wt-highK_vs_wt-lowK,-0.315379334411449,0.190815944919044
CCNA_01245,quintero_wt-highK_vs_wt-lowK,0.639707129552559,2.70392921694701e-4
CCNA_01246,quintero_wt-highK_vs_wt-lowK,0.618825044157118,7.39454150043602e-4
CCNA_01247,quintero_wt-highK_vs_wt-lowK,-0.634613425182343,4.73702863546787e-5
CCNA_01248,quintero_wt-highK_vs_wt-lowK,-0.683798314587451,6.53442216564818e-6
CCNA_01249,quintero_wt-highK_vs_wt-lowK,0.0775863914500664,0.769591414874769
CCNA_01250,quintero_wt-highK_vs_wt-lowK,0.140138564457562,0.611458004420858
CCNA_01251,quintero_wt-highK_vs_wt-lowK,0.328643576409568,0.0964253354200675
CCNA_01252,quintero_wt-highK_vs_wt-lowK,-0.75462672684129,2.52077558899951e-4
CCNA_01253,quintero_wt-highK_vs_wt-lowK,0.641752969359891,3.08828902491275e-4
CCNA_01254,quintero_wt-highK_vs_wt-lowK,1.04822170939364,6.30322245976757e-9
CCNA_01255,quintero_wt-highK_vs_wt-lowK,0.647984394519091,0.00290683090834864
CCNA_01256,quintero_wt-highK_vs_wt-lowK,0.222661409576458,0.269746499825735
CCNA_01257,quintero_wt-highK_vs_wt-lowK,-0.615437159741294,0.00164809378964884
CCNA_01258,quintero_wt-highK_vs_wt-lowK,-0.581525468574939,0.00451006281944621
CCNA_01259,quintero_wt-highK_vs_wt-lowK,-1.45301459520319,1.58973248162033e-11
CCNA_01260,quintero_wt-highK_vs_wt-lowK,-1.56563375994971,1.928376985191e-23
CCNA_R0137,quintero_wt-highK_vs_wt-lowK,-0.134116710317722,0.859831869589069
CCNA_01261,quintero_wt-highK_vs_wt-lowK,-0.141198491378732,0.443698744302849
CCNA_01262,quintero_wt-highK_vs_wt-lowK,0.15459074235866,0.450147833348646
CCNA_01263,quintero_wt-highK_vs_wt-lowK,0.148085649781507,0.443810452710263
CCNA_01264,quintero_wt-highK_vs_wt-lowK,-0.122373210238951,0.837115265268259
CCNA_03947,quintero_wt-highK_vs_wt-lowK,0,0
CCNA_01265,quintero_wt-highK_vs_wt-lowK,-0.26508141324872603,0.488969111918462
CCNA_01266,quintero_wt-highK_vs_wt-lowK,-0.149439334186924,0.427839424927357
CCNA_01267,quintero_wt-highK_vs_wt-lowK,0.237433490766963,0.208150962044392
CCNA_01268,quintero_wt-highK_vs_wt-lowK,0.0839394966943526,0.652893550163296
CCNA_01269,quintero_wt-highK_vs_wt-lowK,-2.34823886855969,2.25736764640894e-21
CCNA_01270,quintero_wt-highK_vs_wt-lowK,-2.15990264690521,6.5351480853985e-19
CCNA_01271,quintero_wt-highK_vs_wt-lowK,0.552951907286263,0.00275376057316829
CCNA_01272,quintero_wt-highK_vs_wt-lowK,0.967854951166464,2.07180358111768e-6
CCNA_01273,quintero_wt-highK_vs_wt-lowK,0.572877595672023,0.00883667405506004
CCNA_R0029,quintero_wt-highK_vs_wt-lowK,0.529540288713354,0.130817601633886
CCNA_01274,quintero_wt-highK_vs_wt-lowK,-0.704241626609077,8.58123663414394e-5
CCNA_01275,quintero_wt-highK_vs_wt-lowK,0.488194239611095,0.0130745318361989
CCNA_01276,quintero_wt-highK_vs_wt-lowK,0.0440199576873233,0.835564460481222
CCNA_01277,quintero_wt-highK_vs_wt-lowK,-0.856613760305647,2.89090227259527e-8
CCNA_01278,quintero_wt-highK_vs_wt-lowK,-0.397713059656963,0.00978448308114942
CCNA_01279,quintero_wt-highK_vs_wt-lowK,0.0310814679148567,0.884792361207583
CCNA_01280,quintero_wt-highK_vs_wt-lowK,-0.80289907831148,6.27002590388396e-6
CCNA_01281,quintero_wt-highK_vs_wt-lowK,-0.915384634826682,1.58023988030412e-8
CCNA_01282,quintero_wt-highK_vs_wt-lowK,-0.825097022926926,1.31378859179231e-5
CCNA_01283,quintero_wt-highK_vs_wt-lowK,-0.968317430493587,1.58164239484294e-6
CCNA_01284,quintero_wt-highK_vs_wt-lowK,-0.182999045005675,0.50636282680266
CCNA_01285,quintero_wt-highK_vs_wt-lowK,-0.629572787816576,0.00138252194256604
CCNA_01286,quintero_wt-highK_vs_wt-lowK,-0.24642928208158,0.378823706275012
CCNA_01287,quintero_wt-highK_vs_wt-lowK,-1.48489363564537,4.44091077108128e-15
CCNA_01288,quintero_wt-highK_vs_wt-lowK,0.0814020875537873,0.70785257303189
CCNA_01289,quintero_wt-highK_vs_wt-lowK,-0.415756247067458,0.0477936662936155
CCNA_01290,quintero_wt-highK_vs_wt-lowK,-1.62422931663742,1.27322677322873e-24
CCNA_01291,quintero_wt-highK_vs_wt-lowK,-1.43333271344922,5.39452278215329e-16
CCNA_01292,quintero_wt-highK_vs_wt-lowK,-0.660956729415294,0.00126711905497843
CCNA_01293,quintero_wt-highK_vs_wt-lowK,-0.491523939840293,0.360192888220102
CCNA_01294,quintero_wt-highK_vs_wt-lowK,0.799594906875765,0.067566806858184
CCNA_01295,quintero_wt-highK_vs_wt-lowK,0.471228935772326,0.00496607677919695
CCNA_01296,quintero_wt-highK_vs_wt-lowK,0.255272855723682,0.168973464413097
CCNA_01297,quintero_wt-highK_vs_wt-lowK,0.607299074722436,0.00296745284272983
CCNA_R0030,quintero_wt-highK_vs_wt-lowK,1.27995233045269,9.75453149955252e-15
CCNA_R0031,quintero_wt-highK_vs_wt-lowK,1.11061931974951,1.98491462850535e-6
CCNA_01298,quintero_wt-highK_vs_wt-lowK,1.04524204988725,2.18345996027871e-6
CCNA_01299,quintero_wt-highK_vs_wt-lowK,-0.466181459143119,0.0196022578136963
CCNA_01300,quintero_wt-highK_vs_wt-lowK,-0.382211114119914,0.0342576085703442
CCNA_01301,quintero_wt-highK_vs_wt-lowK,-0.34763406573566,0.0506910536672209
CCNA_01302,quintero_wt-highK_vs_wt-lowK,0.315355048510283,0.080061199426078
CCNA_01303,quintero_wt-highK_vs_wt-lowK,-1.4118878193884,0.00629713798746319
CCNA_01304,quintero_wt-highK_vs_wt-lowK,NA,NA
CCNA_01305,quintero_wt-highK_vs_wt-lowK,1.39251218930576,5.45489062428652e-12
CCNA_01306,quintero_wt-highK_vs_wt-lowK,1.45000773423523,9.55827838667371e-12
CCNA_01307,quintero_wt-highK_vs_wt-lowK,1.50174218528036,4.95379366380111e-11
CCNA_01308,quintero_wt-highK_vs_wt-lowK,1.6566765371283,1.27466359333677e-17
CCNA_01309,quintero_wt-highK_vs_wt-lowK,1.69626890611749,7.20921520473725e-19
CCNA_01310,quintero_wt-highK_vs_wt-lowK,1.72312698399897,5.76919753078127e-19
CCNA_01311,quintero_wt-highK_vs_wt-lowK,1.60920175355327,8.1549656753208e-16
CCNA_01312,quintero_wt-highK_vs_wt-lowK,1.52965185806583,3.02083201354131e-16
CCNA_01313,quintero_wt-highK_vs_wt-lowK,1.40649031485017,1.07610185054003e-16
CCNA_01314,quintero_wt-highK_vs_wt-lowK,1.32670089271768,4.11074643669313e-17
CCNA_01315,quintero_wt-highK_vs_wt-lowK,1.12980709164765,1.36687577584174e-11
CCNA_01316,quintero_wt-highK_vs_wt-lowK,1.10976401329422,3.86260753387093e-12
CCNA_01317,quintero_wt-highK_vs_wt-lowK,0.876988989882618,4.65659150628085e-7
CCNA_01318,quintero_wt-highK_vs_wt-lowK,0.861329157710181,2.01722943620837e-6
CCNA_01319,quintero_wt-highK_vs_wt-lowK,0.812082157662491,2.38804894820492e-5
CCNA_01320,quintero_wt-highK_vs_wt-lowK,0.691661371516977,5.39312658922617e-4
CCNA_01321,quintero_wt-highK_vs_wt-lowK,0.737939230485987,1.33078976974191e-4
CCNA_01322,quintero_wt-highK_vs_wt-lowK,0.819811073302076,9.3541441033378e-6
CCNA_01323,quintero_wt-highK_vs_wt-lowK,0.625023550411515,0.00167010428925359
CCNA_01324,quintero_wt-highK_vs_wt-lowK,0.77696737690114,7.45433760122856e-5
CCNA_01325,quintero_wt-highK_vs_wt-lowK,1.06388325934861,3.29076047416584e-7
CCNA_01326,quintero_wt-highK_vs_wt-lowK,0.834456051688546,1.83453188185725e-5
CCNA_01327,quintero_wt-highK_vs_wt-lowK,0.84769745577351,1.96020267705959e-6
CCNA_01328,quintero_wt-highK_vs_wt-lowK,1.13053509390145,2.65251192421103e-9
CCNA_01329,quintero_wt-highK_vs_wt-lowK,1.12935440903037,5.47520999091047e-10
CCNA_01330,quintero_wt-highK_vs_wt-lowK,1.25422145201626,2.29286573951344e-11
CCNA_01332,quintero_wt-highK_vs_wt-lowK,1.26518157480048,3.53432463761282e-9
CCNA_01333,quintero_wt-highK_vs_wt-lowK,0.0889528342654025,0.737073942917096
CCNA_01334,quintero_wt-highK_vs_wt-lowK,-0.859744809559723,1.82756346139422e-5
CCNA_01335,quintero_wt-highK_vs_wt-lowK,-0.572284939947323,0.00666651205866677
CCNA_01336,quintero_wt-highK_vs_wt-lowK,-0.484495610400669,0.0120038965983269
CCNA_01337,quintero_wt-highK_vs_wt-lowK,-0.366102284727624,0.067475526096111
CCNA_01338,quintero_wt-highK_vs_wt-lowK,-0.447336640856374,0.00791437691294809
CCNA_01339,quintero_wt-highK_vs_wt-lowK,-0.435431279349481,0.0819107875401863
CCNA_03880,quintero_wt-highK_vs_wt-lowK,-0.11758626283833,0.652893550163296
CCNA_01340,quintero_wt-highK_vs_wt-lowK,0.192285035034882,0.383319920055425
CCNA_01341,quintero_wt-highK_vs_wt-lowK,-0.575695628955416,9.19140475912632e-4
CCNA_01342,quintero_wt-highK_vs_wt-lowK,0.15285477801914,0.402897362485337
CCNA_01343,quintero_wt-highK_vs_wt-lowK,0.582123504402301,0.00169933259853519
CCNA_01344,quintero_wt-highK_vs_wt-lowK,-0.714280433472601,3.39368690233439e-4
CCNA_01345,quintero_wt-highK_vs_wt-lowK,-0.255943383634793,0.232915357616516
CCNA_01346,quintero_wt-highK_vs_wt-lowK,0.187042202139772,0.561046921004548
CCNA_01347,quintero_wt-highK_vs_wt-lowK,0.565973608420051,0.00303346450181061
CCNA_01348,quintero_wt-highK_vs_wt-lowK,0.337907774093379,0.0837024337344137
CCNA_01349,quintero_wt-highK_vs_wt-lowK,0.309430177013714,0.596689262130068
CCNA_01350,quintero_wt-highK_vs_wt-lowK,1.38966187534765,4.67567300804717e-7
CCNA_01351,quintero_wt-highK_vs_wt-lowK,0.59797949280289,3.26456670108704e-4
CCNA_01352,quintero_wt-highK_vs_wt-lowK,0.91231538188161,1.27796219827905e-9
CCNA_01353,quintero_wt-highK_vs_wt-lowK,NA,NA
CCNA_01354,quintero_wt-highK_vs_wt-lowK,0.27890210122474,0.114881137566784
CCNA_01355,quintero_wt-highK_vs_wt-lowK,-0.137027533819413,0.454511557357435
CCNA_01356,quintero_wt-highK_vs_wt-lowK,0.12492045711002,0.557172507323447
CCNA_01357,quintero_wt-highK_vs_wt-lowK,-0.501489683375577,0.00499132325526072
CCNA_01358,quintero_wt-highK_vs_wt-lowK,-0.344813715016204,0.0676351287286139
CCNA_01359,quintero_wt-highK_vs_wt-lowK,-0.271491651323291,0.143216707599525
CCNA_01360,quintero_wt-highK_vs_wt-lowK,-0.0689966565590617,0.746230166835121
CCNA_01361,quintero_wt-highK_vs_wt-lowK,1.08290550077854,8.10082023172207e-9
CCNA_01362,quintero_wt-highK_vs_wt-lowK,1.04696136773263,2.04258772477509e-6
CCNA_01363,quintero_wt-highK_vs_wt-lowK,1.109526931476,1.70622774028303e-8
CCNA_01364,quintero_wt-highK_vs_wt-lowK,0.555152142291548,7.35351449551016e-4
CCNA_01365,quintero_wt-highK_vs_wt-lowK,0.100856501063692,0.570829403962637
CCNA_01366,quintero_wt-highK_vs_wt-lowK,-0.142621585158461,0.584043850460268
CCNA_01367,quintero_wt-highK_vs_wt-lowK,0.51256791236733,0.00760196437093251
CCNA_01368,quintero_wt-highK_vs_wt-lowK,-1.39951432494293,5.3925792483755e-13
CCNA_01369,quintero_wt-highK_vs_wt-lowK,-1.16353753821227,2.30069832305934e-11
CCNA_03948,quintero_wt-highK_vs_wt-lowK,-0.803861644985675,0.0161406330906674
CCNA_01371,quintero_wt-highK_vs_wt-lowK,0.731777755798716,7.9913924684774e-6
CCNA_01372,quintero_wt-highK_vs_wt-lowK,0.573673679573951,0.00129056219785971
CCNA_01373,quintero_wt-highK_vs_wt-lowK,0.400780312889303,0.0374950868704338
CCNA_01374,quintero_wt-highK_vs_wt-lowK,0.226039832381063,0.203678642698962
CCNA_01375,quintero_wt-highK_vs_wt-lowK,0.326996250958707,0.0552571491691952
CCNA_01376,quintero_wt-highK_vs_wt-lowK,0.56175345074918,0.00105130131135756
CCNA_R0032,quintero_wt-highK_vs_wt-lowK,0.66166577936321,0.00558623972934029
CCNA_R0033,quintero_wt-highK_vs_wt-lowK,0.824588533342297,0.0457645468232111
CCNA_R0034,quintero_wt-highK_vs_wt-lowK,0.139037908294967,0.698700367150012
CCNA_01377,quintero_wt-highK_vs_wt-lowK,-0.245677289650019,0.194015887288461
CCNA_01378,quintero_wt-highK_vs_wt-lowK,0.562680812935735,3.92292501620223e-4
CCNA_01379,quintero_wt-highK_vs_wt-lowK,0.0522146026012374,0.774868984947448
CCNA_01380,quintero_wt-highK_vs_wt-lowK,-0.0125676838019911,0.949659171460792
CCNA_01381,quintero_wt-highK_vs_wt-lowK,0.783580843080745,3.63298789111115e-5
CCNA_01382,quintero_wt-highK_vs_wt-lowK,-1.45767252409857,9.12547853778941e-15
CCNA_01383,quintero_wt-highK_vs_wt-lowK,-1.1152418087818,7.71762799851535e-9
CCNA_01384,quintero_wt-highK_vs_wt-lowK,-1.30027160997623,2.50170450320913e-13
CCNA_01385,quintero_wt-highK_vs_wt-lowK,0.314342807708462,0.0996477632493756
CCNA_01386,quintero_wt-highK_vs_wt-lowK,-1.00905647482251,4.0249287296567e-6
CCNA_01387,quintero_wt-highK_vs_wt-lowK,0.479111493659927,0.004137104683731
CCNA_01388,quintero_wt-highK_vs_wt-lowK,-0.947108511308859,3.40468909434662e-6
CCNA_01389,quintero_wt-highK_vs_wt-lowK,0.131435139844091,0.541838730556982
CCNA_01390,quintero_wt-highK_vs_wt-lowK,-0.633653916144815,5.07094164921692e-5
CCNA_01391,quintero_wt-highK_vs_wt-lowK,-0.363283905837847,0.0806829479412192
CCNA_01392,quintero_wt-highK_vs_wt-lowK,0.214392867182227,0.305559631213821
CCNA_01393,quintero_wt-highK_vs_wt-lowK,-0.413835766266737,0.0105135554906759
CCNA_01394,quintero_wt-highK_vs_wt-lowK,-0.125900611615098,0.599188080956618
CCNA_01395,quintero_wt-highK_vs_wt-lowK,-0.571493150292556,2.25507472049668e-4
CCNA_01396,quintero_wt-highK_vs_wt-lowK,-0.740998118328952,6.03669308857085e-5
CCNA_01397,quintero_wt-highK_vs_wt-lowK,0.263181058443521,0.192166201522315
CCNA_01398,quintero_wt-highK_vs_wt-lowK,-0.126427822361101,0.526496042231022
CCNA_01399,quintero_wt-highK_vs_wt-lowK,0.431792009966933,0.057823707740197
CCNA_01400,quintero_wt-highK_vs_wt-lowK,0.53449233849687094,0.00764873210099295
CCNA_01403,quintero_wt-highK_vs_wt-lowK,0.760348895903447,7.01971160344975e-5
CCNA_01404,quintero_wt-highK_vs_wt-lowK,0.89779680163676,1.45432052972838e-6
CCNA_R0138,quintero_wt-highK_vs_wt-lowK,0,0
CCNA_R0139,quintero_wt-highK_vs_wt-lowK,0,0
CCNA_01405,quintero_wt-highK_vs_wt-lowK,-0.443765627370445,0.0353553920488658
CCNA_R0140,quintero_wt-highK_vs_wt-lowK,-0.77556676751832,0.00761752459138834
CCNA_01406,quintero_wt-highK_vs_wt-lowK,-0.932110623612848,1.98271049519162e-7
CCNA_01407,quintero_wt-highK_vs_wt-lowK,0.0656910237169119,0.778625604845313
CCNA_01408,quintero_wt-highK_vs_wt-lowK,-0.124036286813003,0.541316150158546
CCNA_01409,quintero_wt-highK_vs_wt-lowK,-0.470739918594405,0.00950352933832369
CCNA_01410,quintero_wt-highK_vs_wt-lowK,-1.41798580951412,1.16674143950011e-10
CCNA_03949,quintero_wt-highK_vs_wt-lowK,0.837232558109827,9.9037522724246e-5
CCNA_03950,quintero_wt-highK_vs_wt-lowK,-0.653751737639374,0.0208411719410811
CCNA_01412,quintero_wt-highK_vs_wt-lowK,-0.641284768179905,5.7353817751335e-4
CCNA_01413,quintero_wt-highK_vs_wt-lowK,-0.136821805277338,0.482625307373177
CCNA_01414,quintero_wt-highK_vs_wt-lowK,-0.11733659714127,0.510861002282839
CCNA_01415,quintero_wt-highK_vs_wt-lowK,-0.703631926773286,2.10362049949849e-5
CCNA_01416,quintero_wt-highK_vs_wt-lowK,-0.204939683588524,0.208453659214899
CCNA_01417,quintero_wt-highK_vs_wt-lowK,0.140626179418141,0.417644620772564
CCNA_01418,quintero_wt-highK_vs_wt-lowK,0.0561723520087871,0.76339526680203
CCNA_01419,quintero_wt-highK_vs_wt-lowK,0.584356757829588,3.09301941419106e-4
CCNA_01420,quintero_wt-highK_vs_wt-lowK,0.0857143144179924,0.628909173273945
CCNA_01421,quintero_wt-highK_vs_wt-lowK,-0.026773975850038,0.884792361207583
CCNA_01422,quintero_wt-highK_vs_wt-lowK,0.112291131409234,0.528429010266616
CCNA_01423,quintero_wt-highK_vs_wt-lowK,-0.267073231048233,0.0928646948895843
CCNA_01424,quintero_wt-highK_vs_wt-lowK,0.202122836427517,0.237769461441755
CCNA_01425,quintero_wt-highK_vs_wt-lowK,-1.0312684506499,4.22155639053883e-12
CCNA_01426,quintero_wt-highK_vs_wt-lowK,-0.428612534692273,0.0104471583731629
CCNA_01427,quintero_wt-highK_vs_wt-lowK,0.0871407900840713,0.64866542381147
CCNA_01429,quintero_wt-highK_vs_wt-lowK,0.546427208519238,0.00195967527097673
CCNA_01430,quintero_wt-highK_vs_wt-lowK,0.480999684491095,0.00484952819829338
CCNA_01431,quintero_wt-highK_vs_wt-lowK,0.442650576346048,0.00663102349158302
CCNA_01432,quintero_wt-highK_vs_wt-lowK,0.538050255576985,0.00222951984840928
CCNA_01433,quintero_wt-highK_vs_wt-lowK,0.386714225649634,0.0301201085935678
CCNA_01434,quintero_wt-highK_vs_wt-lowK,0.592027374260569,0.00358481322823833
CCNA_R0035,quintero_wt-highK_vs_wt-lowK,0.316049750766994,0.388259304573646
CCNA_01435,quintero_wt-highK_vs_wt-lowK,-0.258740369742935,0.250639141478315
CCNA_01437,quintero_wt-highK_vs_wt-lowK,-0.466548830808602,0.0316410188179288
CCNA_01438,quintero_wt-highK_vs_wt-lowK,0.477011133699207,0.00764873210099295
CCNA_01439,quintero_wt-highK_vs_wt-lowK,0.0868678196431756,0.632126923788619
CCNA_01440,quintero_wt-highK_vs_wt-lowK,1.33649403909715,3.79965988919234e-10
CCNA_01441,quintero_wt-highK_vs_wt-lowK,1.19566134431323,1.1868402269465101e-08
CCNA_01442,quintero_wt-highK_vs_wt-lowK,0.957197846184343,6.46634518681739e-7
CCNA_01443,quintero_wt-highK_vs_wt-lowK,0.772416101671794,3.43740104869569e-7
CCNA_01444,quintero_wt-highK_vs_wt-lowK,-0.664114521474008,4.71632475061464e-4
CCNA_01445,quintero_wt-highK_vs_wt-lowK,0.445405562158839,0.0112265725650081
CCNA_01446,quintero_wt-highK_vs_wt-lowK,0.66514079177399,9.68351354711394e-5
CCNA_01447,quintero_wt-highK_vs_wt-lowK,0.811630215823889,9.93909079210124e-6
CCNA_01448,quintero_wt-highK_vs_wt-lowK,0.594947368140989,6.49298113541955e-4
CCNA_01449,quintero_wt-highK_vs_wt-lowK,0.872231041372903,9.11428357895771e-7
CCNA_01450,quintero_wt-highK_vs_wt-lowK,0.0258636421929832,0.895631244442367
CCNA_R0036,quintero_wt-highK_vs_wt-lowK,0.62206459152191,0.0727346912040858
CCNA_R0037,quintero_wt-highK_vs_wt-lowK,0.692795076539828,0.00486067216262387
CCNA_01451,quintero_wt-highK_vs_wt-lowK,-0.641540432286566,4.83324303459083e-5
CCNA_01452,quintero_wt-highK_vs_wt-lowK,-0.684595996355878,4.6202330329808e-4
CCNA_R0038,quintero_wt-highK_vs_wt-lowK,0.0991802768448659,0.662966647590153
CCNA_01453,quintero_wt-highK_vs_wt-lowK,0.488443279266835,0.00746336115855147
CCNA_R0039,quintero_wt-highK_vs_wt-lowK,0.920750822236067,7.32906628733152e-8
CCNA_01457,quintero_wt-highK_vs_wt-lowK,-0.518837626469691,0.0689135733334028
CCNA_01458,quintero_wt-highK_vs_wt-lowK,-1.02761445950149,1.36380750867656e-4
CCNA_01459,quintero_wt-highK_vs_wt-lowK,-0.887599492511298,0.00147984802817392
CCNA_01460,quintero_wt-highK_vs_wt-lowK,-0.896243366018875,0.00318752806636392
CCNA_01461,quintero_wt-highK_vs_wt-lowK,-0.976225444713747,6.71450722292991e-5
CCNA_01462,quintero_wt-highK_vs_wt-lowK,-1.07901295202758,9.22377957917206e-8
CCNA_01463,quintero_wt-highK_vs_wt-lowK,0.216067202811995,0.197475848211733
CCNA_03951,quintero_wt-highK_vs_wt-lowK,0.598364461178933,0.00848296508694142
CCNA_01464,quintero_wt-highK_vs_wt-lowK,0.716283793334945,9.82382530304358e-6
CCNA_01465,quintero_wt-highK_vs_wt-lowK,-0.632172629598853,2.12646111947093e-4
CCNA_01466,quintero_wt-highK_vs_wt-lowK,-1.55786097107761,0.00705689023713844
CCNA_01467,quintero_wt-highK_vs_wt-lowK,-1.56816774245102,0.00304086276165279
CCNA_01468,quintero_wt-highK_vs_wt-lowK,-1.56443182778444,1.7130077021665e-7
CCNA_01469,quintero_wt-highK_vs_wt-lowK,-1.23688234995503,3.59248638038087e-5
CCNA_01470,quintero_wt-highK_vs_wt-lowK,-1.37899009074601,1.63983314933319e-7
CCNA_01471,quintero_wt-highK_vs_wt-lowK,-1.22072134816292,9.82395632122035e-7
CCNA_01472,quintero_wt-highK_vs_wt-lowK,-1.25093730935976,3.21862988305657e-8
CCNA_01473,quintero_wt-highK_vs_wt-lowK,-0.773159718296191,8.71393568246576e-4
CCNA_01474,quintero_wt-highK_vs_wt-lowK,-0.593173314615261,0.0124928205611615
CCNA_01475,quintero_wt-highK_vs_wt-lowK,-0.461766060173839,0.449449097228773
CCNA_01476,quintero_wt-highK_vs_wt-lowK,-1.87975347722512,0.00185009736229748
CCNA_01477,quintero_wt-highK_vs_wt-lowK,-1.73520578126383,0.00257037804147897
CCNA_01478,quintero_wt-highK_vs_wt-lowK,-0.59435294065374,0.00708229571681964
CCNA_01479,quintero_wt-highK_vs_wt-lowK,0.234607331129061,0.164699416593303
CCNA_01480,quintero_wt-highK_vs_wt-lowK,0.538781051762168,0.00353976620160043
CCNA_01481,quintero_wt-highK_vs_wt-lowK,0.530987297419829,0.00500187935302576
CCNA_01483,quintero_wt-highK_vs_wt-lowK,0.18225037541305,0.577818024569462
CCNA_01484,quintero_wt-highK_vs_wt-lowK,0.624099285432746,0.0348510578229432
CCNA_01485,quintero_wt-highK_vs_wt-lowK,-0.344596613269772,0.0456229798260103
CCNA_01486,quintero_wt-highK_vs_wt-lowK,0.409753413447598,0.029191310958703
CCNA_01487,quintero_wt-highK_vs_wt-lowK,-0.565867809967246,0.00233097533434147
CCNA_01488,quintero_wt-highK_vs_wt-lowK,0.466442241206983,0.00382858300129186
CCNA_01489,quintero_wt-highK_vs_wt-lowK,0.389434793061394,0.015345664843809
CCNA_01490,quintero_wt-highK_vs_wt-lowK,0.744768331344099,2.69885830862631e-4
CCNA_01491,quintero_wt-highK_vs_wt-lowK,0.23841113990501,0.205954456676015
CCNA_01492,quintero_wt-highK_vs_wt-lowK,-0.0631025158487607,0.751044078393739
CCNA_01493,quintero_wt-highK_vs_wt-lowK,0.77422287956477,3.28264815196166e-5
CCNA_01494,quintero_wt-highK_vs_wt-lowK,-0.953992871149799,3.31147481006727e-7
CCNA_01495,quintero_wt-highK_vs_wt-lowK,0.256620255708419,0.166285289069702
CCNA_01496,quintero_wt-highK_vs_wt-lowK,0.514155266749163,0.00121811005698492
CCNA_01497,quintero_wt-highK_vs_wt-lowK,0.678696230069631,2.15925640409861e-4
CCNA_R0141,quintero_wt-highK_vs_wt-lowK,0.00875380695055549,0.992468763096233
CCNA_01498,quintero_wt-highK_vs_wt-lowK,-1.56623711374329,3.80699623333702e-11
CCNA_01499,quintero_wt-highK_vs_wt-lowK,-1.893067997782,3.42417357875988e-16
CCNA_01500,quintero_wt-highK_vs_wt-lowK,-0.460756931634242,0.00799314616312742
CCNA_01501,quintero_wt-highK_vs_wt-lowK,-0.329536763578065,0.351547726018212
CCNA_01503,quintero_wt-highK_vs_wt-lowK,-1.40489883306663,2.17531338963782e-5
CCNA_01502,quintero_wt-highK_vs_wt-lowK,0.513263012655244,0.0234511005549362
CCNA_01504,quintero_wt-highK_vs_wt-lowK,0.0608215341496441,0.752021555398902
CCNA_01505,quintero_wt-highK_vs_wt-lowK,0.283953492205827,0.0775049487426342
CCNA_01506,quintero_wt-highK_vs_wt-lowK,0.185527445873109,0.324791897181963
CCNA_01507,quintero_wt-highK_vs_wt-lowK,-0.0592587310223547,0.77893444730263806
CCNA_01508,quintero_wt-highK_vs_wt-lowK,-0.0147880534861131,0.942900254507994
CCNA_01509,quintero_wt-highK_vs_wt-lowK,-0.175064588707964,0.334575326164444
CCNA_01510,quintero_wt-highK_vs_wt-lowK,-1.0479853651197,3.07686874572318e-6
CCNA_01511,quintero_wt-highK_vs_wt-lowK,-1.24338348624333,2.74194065269423e-9
CCNA_01512,quintero_wt-highK_vs_wt-lowK,-0.687807942769892,5.72221617649644e-4
CCNA_01513,quintero_wt-highK_vs_wt-lowK,-0.863430421680913,0.00247738806218328
CCNA_01514,quintero_wt-highK_vs_wt-lowK,-0.389776529155414,0.260442928498355
CCNA_01515,quintero_wt-highK_vs_wt-lowK,-0.289248418853339,0.213270118205315
CCNA_01516,quintero_wt-highK_vs_wt-lowK,1.75754001587044,7.92452096492887e-16
CCNA_01517,quintero_wt-highK_vs_wt-lowK,0.348120077758096,0.044954673876507
CCNA_03892,quintero_wt-highK_vs_wt-lowK,0.747291764972191,3.07399706996165e-6
CCNA_01519,quintero_wt-highK_vs_wt-lowK,-2.49858220976227,1.61779358653813e-6
CCNA_01520,quintero_wt-highK_vs_wt-lowK,-2.30069060369701,4.59903993916617e-6
CCNA_01521,quintero_wt-highK_vs_wt-lowK,-0.859813985459149,4.11644796172671e-5
CCNA_01522,quintero_wt-highK_vs_wt-lowK,-0.460350427113561,0.0201407222251101
CCNA_01523,quintero_wt-highK_vs_wt-lowK,-1.92611423083865,0.00229584470845686
CCNA_01524,quintero_wt-highK_vs_wt-lowK,-0.508640437338546,0.00123175406109366
CCNA_01525,quintero_wt-highK_vs_wt-lowK,-0.0712708863384436,0.736636463414451
CCNA_01526,quintero_wt-highK_vs_wt-lowK,0.0167261547203422,0.932365421750302
CCNA_01527,quintero_wt-highK_vs_wt-lowK,-0.404201818945068,0.00785378231963127
CCNA_01528,quintero_wt-highK_vs_wt-lowK,-0.319292774300992,0.101165742579418
CCNA_01529,quintero_wt-highK_vs_wt-lowK,-0.589762872958698,0.00532396323152088
CCNA_01530,quintero_wt-highK_vs_wt-lowK,-0.470098461268377,0.00720206229722372
CCNA_01531,quintero_wt-highK_vs_wt-lowK,-0.0844572316786543,0.630853410801753
CCNA_01532,quintero_wt-highK_vs_wt-lowK,-0.0433518919330903,0.812111853024266
CCNA_01533,quintero_wt-highK_vs_wt-lowK,-0.436273741886669,0.00816814740061036
CCNA_01534,quintero_wt-highK_vs_wt-lowK,-0.4480006554595,0.00912026060177453
CCNA_01535,quintero_wt-highK_vs_wt-lowK,0.767984243706534,1.73497805046052e-7
CCNA_01536,quintero_wt-highK_vs_wt-lowK,-1.71254837794396,1.26969328033706e-15
CCNA_R0040,quintero_wt-highK_vs_wt-lowK,-0.547386514245064,0.0440470167545263
CCNA_01537,quintero_wt-highK_vs_wt-lowK,-0.228153571131806,0.328814176647624
CCNA_01538,quintero_wt-highK_vs_wt-lowK,0.766199709189003,2.9363820425562e-5
CCNA_03952,quintero_wt-highK_vs_wt-lowK,0.884270860948278,3.90881352611328e-8
CCNA_01539,quintero_wt-highK_vs_wt-lowK,-0.737535497940283,1.63050852835274e-5
CCNA_01541,quintero_wt-highK_vs_wt-lowK,0.169687012314147,0.467255884990838
CCNA_01542,quintero_wt-highK_vs_wt-lowK,-0.177207782604603,0.311332268987485
CCNA_01543,quintero_wt-highK_vs_wt-lowK,1.24446075235107,6.42772447579527e-10
CCNA_01545,quintero_wt-highK_vs_wt-lowK,0.62904306053191,3.73099237829694e-4
CCNA_01546,quintero_wt-highK_vs_wt-lowK,1.08775295253184,1.28831786678915e-11
CCNA_03953,quintero_wt-highK_vs_wt-lowK,-0.272483752264715,0.288688044728177
CCNA_01547,quintero_wt-highK_vs_wt-lowK,0.941390248707091,1.43902989294985e-7
CCNA_01548,quintero_wt-highK_vs_wt-lowK,0.555398914890866,0.00909751894943584
CCNA_01549,quintero_wt-highK_vs_wt-lowK,0.465602047203263,0.0415451149797315
CCNA_01550,quintero_wt-highK_vs_wt-lowK,0.436941890944987,0.044604487605647
CCNA_01551,quintero_wt-highK_vs_wt-lowK,-0.136501299233524,0.595868484057201
CCNA_01552,quintero_wt-highK_vs_wt-lowK,-0.0608002179307019,0.741858285759517
CCNA_01553,quintero_wt-highK_vs_wt-lowK,0.521195770396204,0.0130745318361989
CCNA_01554,quintero_wt-highK_vs_wt-lowK,0.177620853353076,0.366577501932619
CCNA_01555,quintero_wt-highK_vs_wt-lowK,-0.562211901071749,0.011401461537752
CCNA_01556,quintero_wt-highK_vs_wt-lowK,0.542200503492516,3.93751794528534e-4
CCNA_01557,quintero_wt-highK_vs_wt-lowK,-0.479727525395223,0.0374950868704338
CCNA_01558,quintero_wt-highK_vs_wt-lowK,-0.352814385864204,0.0996843794028601
CCNA_01559,quintero_wt-highK_vs_wt-lowK,-0.169612947713706,0.448758476064159
CCNA_01560,quintero_wt-highK_vs_wt-lowK,1.1769917811863,2.45515593464188e-8
CCNA_01561,quintero_wt-highK_vs_wt-lowK,1.15996931989813,6.20759066716717e-5
CCNA_01562,quintero_wt-highK_vs_wt-lowK,1.04239720599543,8.50948782748316e-8
CCNA_01563,quintero_wt-highK_vs_wt-lowK,1.13365896674759,1.62193723763585e-8
CCNA_R0142,quintero_wt-highK_vs_wt-lowK,0.0158374984732158,0.984702003670226
CCNA_01566,quintero_wt-highK_vs_wt-lowK,0.0189361950232027,0.93221880177956
CCNA_01567,quintero_wt-highK_vs_wt-lowK,-0.0376584106977845,0.839641759738038
CCNA_01568,quintero_wt-highK_vs_wt-lowK,-1.00118583283927,1.56835980961579e-9
CCNA_01569,quintero_wt-highK_vs_wt-lowK,-0.348504957042937,0.129991505654603
CCNA_01570,quintero_wt-highK_vs_wt-lowK,-0.066515294514359,0.767495603360354
CCNA_01571,quintero_wt-highK_vs_wt-lowK,0.139119961583618,0.584607409096109
CCNA_01572,quintero_wt-highK_vs_wt-lowK,0.0815762052317942,0.742772193695153
CCNA_01573,quintero_wt-highK_vs_wt-lowK,0.031598011229287,0.932365421750302
CCNA_01574,quintero_wt-highK_vs_wt-lowK,0.217483746781065,0.282184520599707
CCNA_01575,quintero_wt-highK_vs_wt-lowK,-0.310585560367726,0.0508264365872741
CCNA_01576,quintero_wt-highK_vs_wt-lowK,-0.0892862627307035,0.710081373948507
CCNA_01577,quintero_wt-highK_vs_wt-lowK,0.373245884478009,0.0646714030834921
CCNA_01578,quintero_wt-highK_vs_wt-lowK,-0.563959464596067,5.5472404816757e-4
CCNA_01579,quintero_wt-highK_vs_wt-lowK,0.137984313841542,0.413243368988864
CCNA_01580,quintero_wt-highK_vs_wt-lowK,-0.499476081851309,8.98036880576234e-4
CCNA_01581,quintero_wt-highK_vs_wt-lowK,0.0347266354534259,0.869345931633053
CCNA_01582,quintero_wt-highK_vs_wt-lowK,0.10736739925166,0.713355622689532
CCNA_01583,quintero_wt-highK_vs_wt-lowK,-0.045978504287372,0.827126858589237
CCNA_03954,quintero_wt-highK_vs_wt-lowK,-0.0754372838723528,0.918573499340911
CCNA_01584,quintero_wt-highK_vs_wt-lowK,0.73882222093022,7.1320107407735e-6
CCNA_R0143,quintero_wt-highK_vs_wt-lowK,-1.04732385232147,0.00741179151491685
CCNA_01585,quintero_wt-highK_vs_wt-lowK,-1.34554460500338,1.84843670522793e-5
CCNA_01586,quintero_wt-highK_vs_wt-lowK,-0.896398563495043,0.154309915150129
CCNA_01587,quintero_wt-highK_vs_wt-lowK,-1.27670706126819,0.0410879793481497
CCNA_01588,quintero_wt-highK_vs_wt-lowK,-2.06679479381843,3.37428864502902e-4
CCNA_01589,quintero_wt-highK_vs_wt-lowK,-0.210115713626245,0.4360084145584
CCNA_01590,quintero_wt-highK_vs_wt-lowK,-0.164163726137495,0.349354739897295
CCNA_01591,quintero_wt-highK_vs_wt-lowK,0.0608985924095323,0.792811195294478
CCNA_01592,quintero_wt-highK_vs_wt-lowK,-0.481627870928331,0.0034561296068107
CCNA_01593,quintero_wt-highK_vs_wt-lowK,0.0939108642362346,0.599188080956618
CCNA_R0144,quintero_wt-highK_vs_wt-lowK,1.1140308412819,0.0029662531230321
CCNA_01594,quintero_wt-highK_vs_wt-lowK,0.62403289280733,7.49828434887861e-5
CCNA_01595,quintero_wt-highK_vs_wt-lowK,-1.39013891891651,3.64221857731223e-6
CCNA_01596,quintero_wt-highK_vs_wt-lowK,-0.0933924521391751,0.647634531984264
CCNA_01597,quintero_wt-highK_vs_wt-lowK,0.104765955355577,0.724111968788386
CCNA_01598,quintero_wt-highK_vs_wt-lowK,-0.105845965238248,0.568028223773485
CCNA_01599,quintero_wt-highK_vs_wt-lowK,-0.459869496790985,0.0643538610867505
CCNA_01600,quintero_wt-highK_vs_wt-lowK,-0.151006359301326,0.439253454446446
CCNA_01601,quintero_wt-highK_vs_wt-lowK,-2.153105640114,7.96244674574471e-15
CCNA_01602,quintero_wt-highK_vs_wt-lowK,-0.0860644749559591,0.64866542381147
CCNA_01603,quintero_wt-highK_vs_wt-lowK,0.859083744693499,1.38723010644793e-6
CCNA_01604,quintero_wt-highK_vs_wt-lowK,-0.685579787363578,0.0178051147207346
CCNA_01605,quintero_wt-highK_vs_wt-lowK,-0.176473496055749,0.517634862130764
CCNA_01606,quintero_wt-highK_vs_wt-lowK,-1.89873517572424,1.77040374278284e-18
CCNA_01607,quintero_wt-highK_vs_wt-lowK,0.134805490522613,0.52704712864824
CCNA_01608,quintero_wt-highK_vs_wt-lowK,-0.130965296705171,0.645257694921011
CCNA_01609,quintero_wt-highK_vs_wt-lowK,-0.286771953220429,0.142268495354569
CCNA_03955,quintero_wt-highK_vs_wt-lowK,-0.0827037859919305,0.767495603360354
CCNA_01610,quintero_wt-highK_vs_wt-lowK,-0.292076448753901,0.107510901282599
CCNA_01611,quintero_wt-highK_vs_wt-lowK,0.168180741186236,0.436201535531773
CCNA_01612,quintero_wt-highK_vs_wt-lowK,0.445780364134643,0.00412733180887617
CCNA_01613,quintero_wt-highK_vs_wt-lowK,0.498473009497179,0.00162021811554735
CCNA_01614,quintero_wt-highK_vs_wt-lowK,0.479971028109698,0.0175541858731107
CCNA_01615,quintero_wt-highK_vs_wt-lowK,0.722658158657244,8.41639025419682e-6
CCNA_01616,quintero_wt-highK_vs_wt-lowK,0.370757563851142,0.0637970447393277
CCNA_01617,quintero_wt-highK_vs_wt-lowK,0.802513037967472,5.58560452697102e-6
CCNA_01618,quintero_wt-highK_vs_wt-lowK,0.448368523426349,0.00529001066867823
CCNA_01619,quintero_wt-highK_vs_wt-lowK,0.479691493435153,0.0033625659479892
CCNA_01620,quintero_wt-highK_vs_wt-lowK,-0.095382916704969,0.720774347824232
CCNA_01621,quintero_wt-highK_vs_wt-lowK,0.0521363558514294,0.770383458671461
CCNA_01622,quintero_wt-highK_vs_wt-lowK,-0.260504545582839,0.180064431127159
CCNA_01623,quintero_wt-highK_vs_wt-lowK,0.618356491176416,0.0121415009233578
CCNA_01624,quintero_wt-highK_vs_wt-lowK,0.723671136318304,1.71401586035696e-4
CCNA_01625,quintero_wt-highK_vs_wt-lowK,-0.0140719983922792,0.946274810834412
CCNA_01626,quintero_wt-highK_vs_wt-lowK,-0.270234226180608,0.115656160565487
CCNA_01627,quintero_wt-highK_vs_wt-lowK,-0.179563424845012,0.374704104056129
CCNA_01628,quintero_wt-highK_vs_wt-lowK,0.214074773070924,0.432336759061111
CCNA_01629,quintero_wt-highK_vs_wt-lowK,0.233000825654818,0.19584984384497
CCNA_01630,quintero_wt-highK_vs_wt-lowK,0.596562022431313,0.00150535068041959
CCNA_01632,quintero_wt-highK_vs_wt-lowK,-0.705607601420475,1.35026969322947e-4
CCNA_01633,quintero_wt-highK_vs_wt-lowK,0.265805215650213,0.0994185609810665
CCNA_01634,quintero_wt-highK_vs_wt-lowK,0.596541763776698,4.08460305198277e-4
CCNA_01635,quintero_wt-highK_vs_wt-lowK,0.0760248450874047,0.735967482921873
CCNA_01636,quintero_wt-highK_vs_wt-lowK,-0.528294443756769,0.00214908087340559
CCNA_01637,quintero_wt-highK_vs_wt-lowK,0.12900872286604,0.437519406706612
CCNA_01638,quintero_wt-highK_vs_wt-lowK,0.208092327760033,0.254879053178177
CCNA_01639,quintero_wt-highK_vs_wt-lowK,-0.678006947903197,4.05087497218154e-5
CCNA_01640,quintero_wt-highK_vs_wt-lowK,-0.814477201285208,1.61776153377596e-6
CCNA_01641,quintero_wt-highK_vs_wt-lowK,-0.620616518296618,1.00992628905355e-4
CCNA_01642,quintero_wt-highK_vs_wt-lowK,-0.357551101685731,0.0250423508003156
CCNA_01643,quintero_wt-highK_vs_wt-lowK,-0.946733917019318,2.19583998342403e-7
CCNA_01644,quintero_wt-highK_vs_wt-lowK,-0.273796369660555,0.102311267145515
CCNA_01645,quintero_wt-highK_vs_wt-lowK,0.426175228538133,0.0142026525675937
CCNA_01646,quintero_wt-highK_vs_wt-lowK,0.74175799167054,0.00172752851636738
CCNA_01647,quintero_wt-highK_vs_wt-lowK,0.751316143216936,5.04921856643843e-5
CCNA_01648,quintero_wt-highK_vs_wt-lowK,1.00002564491285,8.93555456029208e-8
CCNA_01649,quintero_wt-highK_vs_wt-lowK,-0.27836300788124,0.115594882106001
CCNA_01650,quintero_wt-highK_vs_wt-lowK,-0.450552431904726,0.0120407997336938
CCNA_01651,quintero_wt-highK_vs_wt-lowK,0.273174745299836,0.0809960753463922
CCNA_01652,quintero_wt-highK_vs_wt-lowK,-0.200680046952139,0.283925306184644
CCNA_01653,quintero_wt-highK_vs_wt-lowK,0.664889448264877,2.13236416721226e-4
CCNA_01654,quintero_wt-highK_vs_wt-lowK,0.701821778442025,4.88158332934293e-4
CCNA_01655,quintero_wt-highK_vs_wt-lowK,0.270952523021059,0.0884348837643725
CCNA_01656,quintero_wt-highK_vs_wt-lowK,0.246823477421767,0.160069619710089
CCNA_01657,quintero_wt-highK_vs_wt-lowK,-0.908013231926575,5.18798042316303e-7
CCNA_01658,quintero_wt-highK_vs_wt-lowK,0.630226937257102,9.40358268381425e-4
CCNA_01659,quintero_wt-highK_vs_wt-lowK,0.504909130072107,0.0056186759973972
CCNA_01660,quintero_wt-highK_vs_wt-lowK,-0.607142624836683,0.00483942142451779
CCNA_R0041,quintero_wt-highK_vs_wt-lowK,0.602976496060918,0.0100393965501914
CCNA_01663,quintero_wt-highK_vs_wt-lowK,-6.69042004098876,6.77266770139295e-112
CCNA_01664,quintero_wt-highK_vs_wt-lowK,-7.03784311531857,1.87672316976569e-176
CCNA_01665,quintero_wt-highK_vs_wt-lowK,-5.68545929550201,1.39275600557402e-164
CCNA_01666,quintero_wt-highK_vs_wt-lowK,-4.62198602803219,2.8389841964506e-157
CCNA_01667,quintero_wt-highK_vs_wt-lowK,-2.55697090201427,6.71958105671267e-61
CCNA_01668,quintero_wt-highK_vs_wt-lowK,0.784920582095971,7.46839882936962e-5
CCNA_01669,quintero_wt-highK_vs_wt-lowK,0.781200556731526,8.5483316380874e-4
CCNA_01670,quintero_wt-highK_vs_wt-lowK,0.717073280604346,0.0020552987693716
CCNA_01671,quintero_wt-highK_vs_wt-lowK,0.0756470586284306,0.715000994941922
CCNA_01672,quintero_wt-highK_vs_wt-lowK,-0.288464568175239,0.0884348837643725
CCNA_01673,quintero_wt-highK_vs_wt-lowK,-0.377412317408562,0.0236575398466733
CCNA_01674,quintero_wt-highK_vs_wt-lowK,-0.458289307196611,0.00408467175551652
CCNA_01675,quintero_wt-highK_vs_wt-lowK,-0.200189469846512,0.230842695494593
CCNA_01676,quintero_wt-highK_vs_wt-lowK,-0.238335351303645,0.15207439968427
CCNA_01677,quintero_wt-highK_vs_wt-lowK,-0.513219750958736,0.00764873210099295
CCNA_01678,quintero_wt-highK_vs_wt-lowK,-0.408648211822119,0.0401758916672749
CCNA_01679,quintero_wt-highK_vs_wt-lowK,-0.331537706313415,0.0863745703468095
CCNA_01680,quintero_wt-highK_vs_wt-lowK,0.127009602060735,0.517775899702978
CCNA_01681,quintero_wt-highK_vs_wt-lowK,-0.0909213353002823,0.713553502709488
CCNA_01682,quintero_wt-highK_vs_wt-lowK,0.0156475550987347,0.947529004325254
CCNA_01683,quintero_wt-highK_vs_wt-lowK,-0.635110488647134,0.00632940576280463
CCNA_01684,quintero_wt-highK_vs_wt-lowK,-0.974371567446122,1.82810354747801e-4
CCNA_01685,quintero_wt-highK_vs_wt-lowK,-0.353660058639825,0.0956295110152939
CCNA_01686,quintero_wt-highK_vs_wt-lowK,-0.141357787675356,0.417139545041474
CCNA_01687,quintero_wt-highK_vs_wt-lowK,0.154733643312375,0.39354490190564
CCNA_01688,quintero_wt-highK_vs_wt-lowK,-0.338172755352539,0.0480190806023368
CCNA_01689,quintero_wt-highK_vs_wt-lowK,0.741455850130857,2.76137919454671e-5
CCNA_01690,quintero_wt-highK_vs_wt-lowK,0.762181454353258,6.98128753319712e-5
CCNA_01691,quintero_wt-highK_vs_wt-lowK,1.08980743398766,1.80382745953917e-11
CCNA_01692,quintero_wt-highK_vs_wt-lowK,0.811375325768967,2.48114557793111e-6
CCNA_01693,quintero_wt-highK_vs_wt-lowK,0.208993101366545,0.33745067610352403
CCNA_01694,quintero_wt-highK_vs_wt-lowK,-0.216214924990064,0.301670071133119
CCNA_01695,quintero_wt-highK_vs_wt-lowK,-0.194665036565121,0.297592479873018
CCNA_01696,quintero_wt-highK_vs_wt-lowK,-0.596666617390552,0.00721229130179831
CCNA_01697,quintero_wt-highK_vs_wt-lowK,-0.666811635914507,0.001519183004115
CCNA_01698,quintero_wt-highK_vs_wt-lowK,-0.0969545562850734,0.60372129554464
CCNA_01699,quintero_wt-highK_vs_wt-lowK,-0.261432471413049,0.135711453062611
CCNA_01700,quintero_wt-highK_vs_wt-lowK,-2.48146966744808,8.80384670895774e-24
CCNA_01701,quintero_wt-highK_vs_wt-lowK,-3.33411777813013,1.14158684956647e-29
CCNA_01702,quintero_wt-highK_vs_wt-lowK,-2.87438610596283,5.18441984602884e-25
CCNA_01703,quintero_wt-highK_vs_wt-lowK,-2.16636069907296,6.04806803120493e-19
CCNA_01704,quintero_wt-highK_vs_wt-lowK,-1.41265457361596,2.96908091056852e-11
CCNA_01705,quintero_wt-highK_vs_wt-lowK,-2.4445749310423,5.76919753078127e-19
CCNA_01706,quintero_wt-highK_vs_wt-lowK,-2.95331406771661,4.94238061613435e-24
CCNA_01707,quintero_wt-highK_vs_wt-lowK,-2.37838388898356,4.7406699946616e-6
CCNA_01708,quintero_wt-highK_vs_wt-lowK,-0.933621225706835,1.03521203309033e-6
CCNA_01709,quintero_wt-highK_vs_wt-lowK,-0.156032126102256,0.489997731392723
CCNA_01710,quintero_wt-highK_vs_wt-lowK,-0.274803317750245,0.113887710087445
CCNA_01711,quintero_wt-highK_vs_wt-lowK,-0.604254223917943,0.00107018963087975
CCNA_01712,quintero_wt-highK_vs_wt-lowK,-0.182559683138045,0.450665263966084
CCNA_01713,quintero_wt-highK_vs_wt-lowK,-0.448369058039389,0.0314828033051882
CCNA_03956,quintero_wt-highK_vs_wt-lowK,0.219273893196569,0.67261304312131
CCNA_01714,quintero_wt-highK_vs_wt-lowK,0.598743345540374,8.98036880576234e-4
CCNA_01715,quintero_wt-highK_vs_wt-lowK,0.196128347978356,0.334694058153942
CCNA_01716,quintero_wt-highK_vs_wt-lowK,-0.101209894707181,0.684694552417155
CCNA_01717,quintero_wt-highK_vs_wt-lowK,-0.067408202051983,0.763482833304571
CCNA_01718,quintero_wt-highK_vs_wt-lowK,0.257636718188735,0.181718390286866
CCNA_01719,quintero_wt-highK_vs_wt-lowK,-0.229012424244084,0.341940675571213
CCNA_03893,quintero_wt-highK_vs_wt-lowK,-0.799563852277874,0.00154715560172049
CCNA_01721,quintero_wt-highK_vs_wt-lowK,-0.599018598429361,0.0142456969944088
CCNA_01722,quintero_wt-highK_vs_wt-lowK,-0.794465798266304,0.00256147537112781
CCNA_01723,quintero_wt-highK_vs_wt-lowK,0.219603132368515,0.218617555869674
CCNA_01724,quintero_wt-highK_vs_wt-lowK,0.528708846040237,0.00189533409394462
CCNA_01725,quintero_wt-highK_vs_wt-lowK,0.53838140629535,0.00119176130741929
CCNA_01726,quintero_wt-highK_vs_wt-lowK,0.34873782658427,0.0453061530554278
CCNA_01727,quintero_wt-highK_vs_wt-lowK,-0.0154178438015671,0.944089060111779
CCNA_01728,quintero_wt-highK_vs_wt-lowK,0.843515377232819,1.12265387326782e-5
CCNA_01729,quintero_wt-highK_vs_wt-lowK,0.507731514943448,0.0081581664127259
CCNA_01730,quintero_wt-highK_vs_wt-lowK,0.346659304550386,0.026980024385686
CCNA_01731,quintero_wt-highK_vs_wt-lowK,0.613792579132211,0.00144777218620628
CCNA_01732,quintero_wt-highK_vs_wt-lowK,0.468138370261014,0.0225322407645674
CCNA_01733,quintero_wt-highK_vs_wt-lowK,0.627593240352997,8.29074916279624e-4
CCNA_01734,quintero_wt-highK_vs_wt-lowK,-0.469846347673654,0.00655741975154199
CCNA_01735,quintero_wt-highK_vs_wt-lowK,-0.635008623858826,0.0978719723256658
CCNA_01736,quintero_wt-highK_vs_wt-lowK,-0.552421737456695,0.00344336286854942
CCNA_01737,quintero_wt-highK_vs_wt-lowK,0.565629799952607,2.34596944606438e-4
CCNA_01738,quintero_wt-highK_vs_wt-lowK,-0.0765126910819762,0.750979657841047
CCNA_01739,quintero_wt-highK_vs_wt-lowK,1.40673832027011,2.46353154434867e-12
CCNA_01740,quintero_wt-highK_vs_wt-lowK,1.24656356444847,1.76135009070079e-8
CCNA_01741,quintero_wt-highK_vs_wt-lowK,1.44638647308761,1.83568895416644e-11
CCNA_01742,quintero_wt-highK_vs_wt-lowK,0.0831144736983311,0.658237722831846
CCNA_01743,quintero_wt-highK_vs_wt-lowK,0.0260340857676078,0.923760546484217
CCNA_01744,quintero_wt-highK_vs_wt-lowK,0.107731345611657,0.594934913769229
CCNA_01745,quintero_wt-highK_vs_wt-lowK,0.190616133642983,0.31967587710688
CCNA_01746,quintero_wt-highK_vs_wt-lowK,0.800946063821438,5.85097190227014e-5
CCNA_01747,quintero_wt-highK_vs_wt-lowK,0.857969529403545,7.29625911029469e-5
CCNA_01748,quintero_wt-highK_vs_wt-lowK,0.596877969905063,8.50842411957025e-4
CCNA_01749,quintero_wt-highK_vs_wt-lowK,0.848081004755965,8.74939278293924e-9
CCNA_01750,quintero_wt-highK_vs_wt-lowK,0.244343700089529,0.186012483043497
CCNA_01751,quintero_wt-highK_vs_wt-lowK,0.367382332805777,0.0392130656565107
CCNA_01752,quintero_wt-highK_vs_wt-lowK,0.595430106058344,0.0013827064094398
CCNA_01753,quintero_wt-highK_vs_wt-lowK,0.00989921418757151,0.961172539134787
CCNA_01754,quintero_wt-highK_vs_wt-lowK,-1.12571622178928,5.86326575211769e-5
CCNA_01755,quintero_wt-highK_vs_wt-lowK,0.234811536300723,0.184595727813768
CCNA_01756,quintero_wt-highK_vs_wt-lowK,-0.481244136770449,0.102311267145515
CCNA_01757,quintero_wt-highK_vs_wt-lowK,0.236638776130515,0.169007315507832
CCNA_01758,quintero_wt-highK_vs_wt-lowK,0.490813997091145,0.00417329961372295
CCNA_01759,quintero_wt-highK_vs_wt-lowK,0.215456989301889,0.172733696941261
CCNA_01760,quintero_wt-highK_vs_wt-lowK,0.463434459269106,0.00406710056940358
CCNA_01761,quintero_wt-highK_vs_wt-lowK,0.621983731242085,2.98239464087101e-4
CCNA_01762,quintero_wt-highK_vs_wt-lowK,0.385911857934496,0.0136052932735439
CCNA_01763,quintero_wt-highK_vs_wt-lowK,0.19483899633611,0.238574329512904
CCNA_01764,quintero_wt-highK_vs_wt-lowK,0.210137215240672,0.230074134290739
CCNA_01765,quintero_wt-highK_vs_wt-lowK,-0.485289944308482,0.00499150080681756
CCNA_01766,quintero_wt-highK_vs_wt-lowK,-1.0991036058394,1.2716777276114e-9
CCNA_01767,quintero_wt-highK_vs_wt-lowK,-1.12773273692425,1.05911594824863e-5
CCNA_01768,quintero_wt-highK_vs_wt-lowK,-0.016721244224593,0.938662694399276
CCNA_01769,quintero_wt-highK_vs_wt-lowK,0.85726661064512,9.67394774085055e-6
CCNA_01770,quintero_wt-highK_vs_wt-lowK,1.24614693049661,1.85952574959176e-10
CCNA_01771,quintero_wt-highK_vs_wt-lowK,-0.607389059371948,0.0601424689863365
CCNA_01772,quintero_wt-highK_vs_wt-lowK,0.238673841162801,0.282184520599707
CCNA_01773,quintero_wt-highK_vs_wt-lowK,-0.0122041206887771,0.955422654253505
CCNA_01774,quintero_wt-highK_vs_wt-lowK,1.06846997330654,6.60699131867673e-11
CCNA_01775,quintero_wt-highK_vs_wt-lowK,0.794256916637442,5.68996876018627e-5
CCNA_01776,quintero_wt-highK_vs_wt-lowK,0.22937963227627,0.14934701395593
CCNA_01777,quintero_wt-highK_vs_wt-lowK,0.304054814293335,0.0692133605422153
CCNA_01778,quintero_wt-highK_vs_wt-lowK,0.200607321815635,0.253019733684594
CCNA_01779,quintero_wt-highK_vs_wt-lowK,-0.624153570406577,4.25101253116216e-4
CCNA_01780,quintero_wt-highK_vs_wt-lowK,0.999959315655537,6.09808424196762e-11
CCNA_01781,quintero_wt-highK_vs_wt-lowK,-0.121495240457852,0.666347725462298
CCNA_01782,quintero_wt-highK_vs_wt-lowK,-0.21381934876777,0.260928164551111
CCNA_R0145,quintero_wt-highK_vs_wt-lowK,0.592373198172032,0.067475526096111
CCNA_01783,quintero_wt-highK_vs_wt-lowK,0.301058575187848,0.123675078723241
CCNA_01784,quintero_wt-highK_vs_wt-lowK,-0.358918492956538,0.0620987222076863
CCNA_01785,quintero_wt-highK_vs_wt-lowK,-0.485649822779023,0.00694936794435448
CCNA_01786,quintero_wt-highK_vs_wt-lowK,0.151436504314027,0.481216595820623
CCNA_01787,quintero_wt-highK_vs_wt-lowK,-0.533142424195481,0.288284330008881
CCNA_R0042,quintero_wt-highK_vs_wt-lowK,-0.0878261223301506,0.866508632915752
CCNA_01788,quintero_wt-highK_vs_wt-lowK,-0.230831191796901,0.395140029042849
CCNA_01789,quintero_wt-highK_vs_wt-lowK,-0.377999520149026,0.0316334867496194
CCNA_01790,quintero_wt-highK_vs_wt-lowK,0.755700229955306,1.69688091659894e-5
CCNA_01791,quintero_wt-highK_vs_wt-lowK,0.351093701697231,0.0295580811491302
CCNA_01792,quintero_wt-highK_vs_wt-lowK,1.50663601966778,1.42913263843944e-21
CCNA_01793,quintero_wt-highK_vs_wt-lowK,-0.996679510314338,1.38723010644793e-6
CCNA_01794,quintero_wt-highK_vs_wt-lowK,-0.558253819536956,0.0532464652476772
CCNA_01795,quintero_wt-highK_vs_wt-lowK,1.06709568534289,4.85508727752582e-9
CCNA_01797,quintero_wt-highK_vs_wt-lowK,0.836298054587192,6.12907753444609e-6
CCNA_01799,quintero_wt-highK_vs_wt-lowK,0.835629584414211,2.45296378487583e-5
CCNA_01800,quintero_wt-highK_vs_wt-lowK,0.784004396703503,2.57618022622919e-4
CCNA_01801,quintero_wt-highK_vs_wt-lowK,1.05776746358326,4.59193099077216e-7
CCNA_R0146,quintero_wt-highK_vs_wt-lowK,0,0
CCNA_01802,quintero_wt-highK_vs_wt-lowK,1.20822226538034,2.32598964887703e-5
CCNA_01803,quintero_wt-highK_vs_wt-lowK,0.861213581689,3.02321839799243e-5
CCNA_01804,quintero_wt-highK_vs_wt-lowK,0.972990473026271,3.43280781610056e-7
CCNA_01805,quintero_wt-highK_vs_wt-lowK,0.880510841547707,3.86051246095355e-6
CCNA_01806,quintero_wt-highK_vs_wt-lowK,0.476136742943199,0.00309349246802658
CCNA_01807,quintero_wt-highK_vs_wt-lowK,-0.454578448503204,0.0145748583013192
CCNA_01808,quintero_wt-highK_vs_wt-lowK,-0.0800896388887555,0.6958895862733
CCNA_01809,quintero_wt-highK_vs_wt-lowK,0.282052185482777,0.083392350154230993
CCNA_01810,quintero_wt-highK_vs_wt-lowK,0.490160313892708,0.00944574437894895
CCNA_01811,quintero_wt-highK_vs_wt-lowK,0.047668501908568,0.815178333607367
CCNA_01812,quintero_wt-highK_vs_wt-lowK,0.706234253835814,5.58389485406939e-5
CCNA_01813,quintero_wt-highK_vs_wt-lowK,0.173912108827338,0.336713326681644
CCNA_01814,quintero_wt-highK_vs_wt-lowK,0.149283906809773,0.399940199816058
CCNA_01815,quintero_wt-highK_vs_wt-lowK,0.0946898275432002,0.600046420338338
CCNA_01816,quintero_wt-highK_vs_wt-lowK,-0.0235369560326236,0.900176991058614
CCNA_01817,quintero_wt-highK_vs_wt-lowK,-0.239706712946359,0.136668646295791
CCNA_01818,quintero_wt-highK_vs_wt-lowK,-0.171282675863785,0.334404900922357
CCNA_01819,quintero_wt-highK_vs_wt-lowK,0.121661222040611,0.564631800097686
CCNA_01820,quintero_wt-highK_vs_wt-lowK,0.445598017544914,0.00721218760738759
CCNA_01821,quintero_wt-highK_vs_wt-lowK,-0.158856662719723,0.389705622368519
CCNA_01822,quintero_wt-highK_vs_wt-lowK,-2.01598428384489,1.98878733572302e-17
CCNA_01823,quintero_wt-highK_vs_wt-lowK,-0.466175071797609,0.246057510714579
CCNA_01824,quintero_wt-highK_vs_wt-lowK,0.590639018633041,0.115184200599048
CCNA_01826,quintero_wt-highK_vs_wt-lowK,0.955337915236073,3.71035081275634e-8
CCNA_01827,quintero_wt-highK_vs_wt-lowK,1.16926156197111,6.97466498815733e-10
CCNA_01828,quintero_wt-highK_vs_wt-lowK,-0.794912541289218,1.221627414045e-6
CCNA_01829,quintero_wt-highK_vs_wt-lowK,0.372689868643949,0.0371304158497515
CCNA_01830,quintero_wt-highK_vs_wt-lowK,-1.4231812012924001,2.38379001185877e-10
CCNA_01831,quintero_wt-highK_vs_wt-lowK,-0.42443363108209903,0.0568856965406373
CCNA_01832,quintero_wt-highK_vs_wt-lowK,-0.874996055376511,3.26069401409208e-7
CCNA_01833,quintero_wt-highK_vs_wt-lowK,-0.149679974238738,0.40891509979146
CCNA_01834,quintero_wt-highK_vs_wt-lowK,0.622786469955914,4.21232098655904e-4
CCNA_01835,quintero_wt-highK_vs_wt-lowK,0.447940914919244,0.0123346502529509
CCNA_01836,quintero_wt-highK_vs_wt-lowK,0.253276243629465,0.15694999274968
CCNA_01837,quintero_wt-highK_vs_wt-lowK,-0.813303222620754,6.73672710376938e-4
CCNA_01840,quintero_wt-highK_vs_wt-lowK,-0.282812327409559,0.105633695720977
CCNA_01841,quintero_wt-highK_vs_wt-lowK,0.62734122058013,0.039845099338625
CCNA_01842,quintero_wt-highK_vs_wt-lowK,0.862524834900899,0.00107741782784771
CCNA_01843,quintero_wt-highK_vs_wt-lowK,0.50472811886891,0.111699619369482
CCNA_01844,quintero_wt-highK_vs_wt-lowK,-1.13456143763148,3.35050116097907e-4
CCNA_01845,quintero_wt-highK_vs_wt-lowK,0.260389535839395,0.284035280176059
CCNA_01846,quintero_wt-highK_vs_wt-lowK,0.0640669223578157,0.763051454305177
CCNA_01847,quintero_wt-highK_vs_wt-lowK,0.221905021600526,0.449449097228773
CCNA_01848,quintero_wt-highK_vs_wt-lowK,-0.151321825599712,0.573867240095341
CCNA_01849,quintero_wt-highK_vs_wt-lowK,0.0226521939513241,0.940102018479613
CCNA_01850,quintero_wt-highK_vs_wt-lowK,0.807979811595412,8.63891039851453e-6
CCNA_01851,quintero_wt-highK_vs_wt-lowK,0.762620133800724,3.69022749745137e-5
CCNA_01852,quintero_wt-highK_vs_wt-lowK,-1.61444070440873,4.48697034869873e-25
CCNA_01853,quintero_wt-highK_vs_wt-lowK,-1.1398680584427,6.04603689318941e-7
CCNA_01854,quintero_wt-highK_vs_wt-lowK,-1.48265938158074,1.63107588749317e-12
CCNA_R0147,quintero_wt-highK_vs_wt-lowK,-2.33647582644913,7.81419808637709e-8
CCNA_01855,quintero_wt-highK_vs_wt-lowK,-2.78928443947846,9.24868110706579e-32
CCNA_01856,quintero_wt-highK_vs_wt-lowK,-1.36668478006953,1.29885394776017e-15
CCNA_01857,quintero_wt-highK_vs_wt-lowK,-2.2533691142992,3.42025966714264e-19
CCNA_01858,quintero_wt-highK_vs_wt-lowK,-3.22619483680812,2.42256062774155e-32
CCNA_01859,quintero_wt-highK_vs_wt-lowK,-3.24771005548889,8.91389707668647e-49
CCNA_01860,quintero_wt-highK_vs_wt-lowK,-2.69538816726399,3.42536620390856e-30
CCNA_01861,quintero_wt-highK_vs_wt-lowK,-0.934869733402817,1.85522688061478e-7
CCNA_01862,quintero_wt-highK_vs_wt-lowK,0.137299258488951,0.604823225862028
CCNA_R0148,quintero_wt-highK_vs_wt-lowK,0,0
CCNA_01863,quintero_wt-highK_vs_wt-lowK,0.220400951127233,0.265134563353467
CCNA_01864,quintero_wt-highK_vs_wt-lowK,-0.15495480086767,0.494286879189815
CCNA_01865,quintero_wt-highK_vs_wt-lowK,0.0702477615197603,0.743097630536404
CCNA_01866,quintero_wt-highK_vs_wt-lowK,0.0689786964880189,0.763051454305177
CCNA_R0149,quintero_wt-highK_vs_wt-lowK,0.217247745645136,0.601917685409963
CCNA_03894,quintero_wt-highK_vs_wt-lowK,-0.36287220776112,0.116699131931393
CCNA_01868,quintero_wt-highK_vs_wt-lowK,-0.0701472787562356,0.792811195294478
CCNA_01869,quintero_wt-highK_vs_wt-lowK,0.0869894335067688,0.682310867931347
CCNA_01870,quintero_wt-highK_vs_wt-lowK,-0.078486885729487,0.717062280616243
CCNA_03895,quintero_wt-highK_vs_wt-lowK,-0.824178671680463,0.1651154667626
CCNA_01873,quintero_wt-highK_vs_wt-lowK,-0.644350855253722,0.171252119956301
CCNA_01874,quintero_wt-highK_vs_wt-lowK,-1.91881038227197,4.7120896819606e-9
CCNA_01875,quintero_wt-highK_vs_wt-lowK,-0.100552992051563,0.710812650633406
CCNA_01876,quintero_wt-highK_vs_wt-lowK,-0.112866934959532,0.706207292763993
CCNA_01877,quintero_wt-highK_vs_wt-lowK,-0.0882717823881969,0.737088723671805
CCNA_01878,quintero_wt-highK_vs_wt-lowK,-0.419874507793053,0.0867747903331672
CCNA_01879,quintero_wt-highK_vs_wt-lowK,-0.52377237059682,0.166738967510644
CCNA_01880,quintero_wt-highK_vs_wt-lowK,-0.619610003225899,0.15124865226757
CCNA_01881,quintero_wt-highK_vs_wt-lowK,-0.616296822755485,0.196570486133742
CCNA_01882,quintero_wt-highK_vs_wt-lowK,-0.569498202167858,0.0548205284727013
CCNA_01883,quintero_wt-highK_vs_wt-lowK,-0.658415337542358,0.00783384821161033
CCNA_01884,quintero_wt-highK_vs_wt-lowK,-0.451093023483145,0.0794913129221153
CCNA_01885,quintero_wt-highK_vs_wt-lowK,-0.224088506630705,0.383319920055425
CCNA_01886,quintero_wt-highK_vs_wt-lowK,-0.185435402842287,0.344840857273677
CCNA_01888,quintero_wt-highK_vs_wt-lowK,-0.019419174447349,0.935724988045083
CCNA_01889,quintero_wt-highK_vs_wt-lowK,-0.299604504761831,0.191895445280597
CCNA_01890,quintero_wt-highK_vs_wt-lowK,-1.70885786031814,3.94450364228459e-15
CCNA_01891,quintero_wt-highK_vs_wt-lowK,-1.10034760799766,2.0622392756387e-5
CCNA_01892,quintero_wt-highK_vs_wt-lowK,-0.516629571513968,0.167507552229475
CCNA_01893,quintero_wt-highK_vs_wt-lowK,-0.788696728716884,0.0169225376515343
CCNA_01894,quintero_wt-highK_vs_wt-lowK,-0.844902487958247,0.00202147037621327
CCNA_01895,quintero_wt-highK_vs_wt-lowK,-0.700989983196871,0.00248712086172143
CCNA_R0150,quintero_wt-highK_vs_wt-lowK,-0.0261045971806556,0.958280051159157
CCNA_01896,quintero_wt-highK_vs_wt-lowK,-0.140188732268108,0.632716519453716
CCNA_01897,quintero_wt-highK_vs_wt-lowK,0.518826410796289,0.00320267632135975
CCNA_01898,quintero_wt-highK_vs_wt-lowK,0.674994280771016,9.91463837599222e-5
CCNA_01899,quintero_wt-highK_vs_wt-lowK,0.143794472158209,0.451510881592657
CCNA_01900,quintero_wt-highK_vs_wt-lowK,0.0470796020114708,0.824896850587648
CCNA_01901,quintero_wt-highK_vs_wt-lowK,-0.191696412128126,0.290434539999602
CCNA_R0043,quintero_wt-highK_vs_wt-lowK,0.7787547381951,0.0356455467375094
CCNA_01902,quintero_wt-highK_vs_wt-lowK,-0.522607750366808,0.0401503270471143
CCNA_01903,quintero_wt-highK_vs_wt-lowK,-0.525160927711789,0.0227204913010329
CCNA_01904,quintero_wt-highK_vs_wt-lowK,-0.42026535165993,0.109128954606934
CCNA_01905,quintero_wt-highK_vs_wt-lowK,-0.174225386848821,0.378906056532136
CCNA_01906,quintero_wt-highK_vs_wt-lowK,-0.329201201501369,0.139128427014664
CCNA_01907,quintero_wt-highK_vs_wt-lowK,-0.494725185283234,0.114986822927029
CCNA_01908,quintero_wt-highK_vs_wt-lowK,-0.186358218885083,0.586456916399276
CCNA_01909,quintero_wt-highK_vs_wt-lowK,-0.314949859219148,0.105053338787856
CCNA_01910,quintero_wt-highK_vs_wt-lowK,-0.0899863559169672,0.754540495355654
CCNA_01911,quintero_wt-highK_vs_wt-lowK,-0.207371282010279,0.44287845387046
CCNA_01912,quintero_wt-highK_vs_wt-lowK,0.682336401192791,2.7051757789925e-4
CCNA_01913,quintero_wt-highK_vs_wt-lowK,0.0886144436029806,0.6854364927609
CCNA_01914,quintero_wt-highK_vs_wt-lowK,0.283276628487635,0.147366755555949
CCNA_01915,quintero_wt-highK_vs_wt-lowK,0.430386828035989,0.0274541549304709
CCNA_03957,quintero_wt-highK_vs_wt-lowK,0.411985097413523,0.121591596576107
CCNA_01916,quintero_wt-highK_vs_wt-lowK,0.182485140842439,0.353163903191241
CCNA_R0044,quintero_wt-highK_vs_wt-lowK,-0.452066327981138,0.504683973386171
CCNA_01917,quintero_wt-highK_vs_wt-lowK,-0.17896892132739,0.299096763389745
CCNA_01918,quintero_wt-highK_vs_wt-lowK,0.441029399911952,0.0098489793991959
CCNA_01919,quintero_wt-highK_vs_wt-lowK,0.553642065919038,7.10573028801444e-4
CCNA_01920,quintero_wt-highK_vs_wt-lowK,1.16529387304016,8.81733087421352e-11
CCNA_01921,quintero_wt-highK_vs_wt-lowK,1.12272100771193,6.23288961427792e-8
CCNA_01922,quintero_wt-highK_vs_wt-lowK,-0.162869932303789,0.495184797215136
CCNA_01923,quintero_wt-highK_vs_wt-lowK,0.517017181495702,0.00237985643610361
CCNA_01924,quintero_wt-highK_vs_wt-lowK,-0.0385577580159442,0.874598307117131
CCNA_01925,quintero_wt-highK_vs_wt-lowK,-1.36865911420116,2.08309270098748e-16
CCNA_01926,quintero_wt-highK_vs_wt-lowK,-0.0437524540483758,0.810523752560471
CCNA_01927,quintero_wt-highK_vs_wt-lowK,-1.09090932358451,2.78940620003137e-11
CCNA_01928,quintero_wt-highK_vs_wt-lowK,-0.0279705186364603,0.907294254822185
CCNA_01929,quintero_wt-highK_vs_wt-lowK,0.0833987423384266,0.664156846493339
CCNA_01930,quintero_wt-highK_vs_wt-lowK,0.18707755917021,0.335325103957777
CCNA_01931,quintero_wt-highK_vs_wt-lowK,-0.560713852235154,0.00234595358539144
CCNA_01932,quintero_wt-highK_vs_wt-lowK,-0.542566032068791,0.0016232082858557
CCNA_01933,quintero_wt-highK_vs_wt-lowK,0.125761056432723,0.612908871054665
CCNA_01934,quintero_wt-highK_vs_wt-lowK,0.421995517152447,0.00982609164954359
CCNA_01935,quintero_wt-highK_vs_wt-lowK,0.755980716483246,1.07667825033868e-5
CCNA_01936,quintero_wt-highK_vs_wt-lowK,1.09718394702622,2.58413412998118e-9
CCNA_01937,quintero_wt-highK_vs_wt-lowK,1.1259144204253,4.7956269577006e-9
CCNA_01938,quintero_wt-highK_vs_wt-lowK,1.22052992899474,1.04255362575918e-9
CCNA_01939,quintero_wt-highK_vs_wt-lowK,1.23419083517092,6.96809126505912e-8
CCNA_01940,quintero_wt-highK_vs_wt-lowK,0.983587866418919,3.96905348501632e-7
CCNA_R0151,quintero_wt-highK_vs_wt-lowK,0,0
CCNA_01941,quintero_wt-highK_vs_wt-lowK,0.76785659185413,1.50205943383216e-5
CCNA_01942,quintero_wt-highK_vs_wt-lowK,0.682005844736622,2.24442642327952e-4
CCNA_01943,quintero_wt-highK_vs_wt-lowK,0.821331836715832,3.27513655029653e-6
CCNA_01944,quintero_wt-highK_vs_wt-lowK,0.231918165713639,0.352875770383225
CCNA_R0152,quintero_wt-highK_vs_wt-lowK,-0.297900593979623,0.6854364927609
CCNA_01945,quintero_wt-highK_vs_wt-lowK,0.275164904053689,0.136202146987088
CCNA_03958,quintero_wt-highK_vs_wt-lowK,0.925644131776719,2.04258772477509e-6
CCNA_01946,quintero_wt-highK_vs_wt-lowK,0.710218710509348,5.5846855889319e-5
CCNA_01947,quintero_wt-highK_vs_wt-lowK,0.190201951510916,0.266045401108794
CCNA_01948,quintero_wt-highK_vs_wt-lowK,0.363653126916524,0.0235963497021314
CCNA_01949,quintero_wt-highK_vs_wt-lowK,0.290153908571222,0.082454427955052
CCNA_01950,quintero_wt-highK_vs_wt-lowK,1.00251756647071,8.09281758859648e-7
CCNA_01951,quintero_wt-highK_vs_wt-lowK,0.0424546510076926,0.811618833798053
CCNA_01952,quintero_wt-highK_vs_wt-lowK,-0.163265725864201,0.330416884897281
CCNA_03959,quintero_wt-highK_vs_wt-lowK,0.288760682492006,0.0944224828780122
CCNA_01954,quintero_wt-highK_vs_wt-lowK,0.487750353986953,0.00544599329463299
CCNA_01955,quintero_wt-highK_vs_wt-lowK,-0.297871264071214,0.146118546297549
CCNA_01956,quintero_wt-highK_vs_wt-lowK,0.234542598018502,0.151342701912901
CCNA_01957,quintero_wt-highK_vs_wt-lowK,0.136038824747729,0.514290509707817
CCNA_01958,quintero_wt-highK_vs_wt-lowK,0.983390407087894,0.00507252240387663
CCNA_01959,quintero_wt-highK_vs_wt-lowK,0.614997243586876,4.81371346906836e-4
CCNA_01960,quintero_wt-highK_vs_wt-lowK,0.513943026748834,0.0286802554057997
CCNA_01961,quintero_wt-highK_vs_wt-lowK,0.71106264651334,2.64908025781891e-4
CCNA_01962,quintero_wt-highK_vs_wt-lowK,1.10500018038794,1.97251444026424e-7
CCNA_01963,quintero_wt-highK_vs_wt-lowK,0.361494149224098,0.06210699083344
CCNA_01964,quintero_wt-highK_vs_wt-lowK,0.223315485084846,0.196952909669133
CCNA_01966,quintero_wt-highK_vs_wt-lowK,-0.327534694100331,0.0554928472262897
CCNA_01967,quintero_wt-highK_vs_wt-lowK,-0.191518115897599,0.274028658905682
CCNA_01968,quintero_wt-highK_vs_wt-lowK,-0.490408779071173,0.0929999054786656
CCNA_01969,quintero_wt-highK_vs_wt-lowK,1.01789003796814,3.8177711959774e-8
CCNA_01970,quintero_wt-highK_vs_wt-lowK,0.799802174736744,4.42391771580058e-5
CCNA_01971,quintero_wt-highK_vs_wt-lowK,0.680603051315758,8.80010735838789e-5
CCNA_01972,quintero_wt-highK_vs_wt-lowK,0.872395506211419,1.19177750295899e-7
CCNA_01973,quintero_wt-highK_vs_wt-lowK,0.837252951309847,4.17914296869979e-5
CCNA_01974,quintero_wt-highK_vs_wt-lowK,0.522077336646555,0.00381496206999344
CCNA_01975,quintero_wt-highK_vs_wt-lowK,0.677027747454854,2.65565295680935e-4
CCNA_01976,quintero_wt-highK_vs_wt-lowK,0.951444361273672,7.19830556050817e-6
CCNA_01977,quintero_wt-highK_vs_wt-lowK,0.334921482570939,0.0485282691345718
CCNA_01978,quintero_wt-highK_vs_wt-lowK,0.701911479266109,8.37578498340213e-5
CCNA_01979,quintero_wt-highK_vs_wt-lowK,0.0806021270934791,0.707982207661287
CCNA_01980,quintero_wt-highK_vs_wt-lowK,0.0481246765970312,0.819127710717987
CCNA_01981,quintero_wt-highK_vs_wt-lowK,-0.0281573407861302,0.911010176965528
CCNA_03960,quintero_wt-highK_vs_wt-lowK,-0.0583003344054267,0.843860622765226
CCNA_01982,quintero_wt-highK_vs_wt-lowK,0.862417173926129,1.30273019614032e-5
CCNA_01983,quintero_wt-highK_vs_wt-lowK,0.56216945848339,8.8480978786328e-4
CCNA_01984,quintero_wt-highK_vs_wt-lowK,0.393245240624225,0.202310758804688
CCNA_01985,quintero_wt-highK_vs_wt-lowK,-1.1117135795757,1.77721310433796e-9
CCNA_01986,quintero_wt-highK_vs_wt-lowK,0.639406956955018,3.47045202017414e-4
CCNA_01987,quintero_wt-highK_vs_wt-lowK,0.759602870312082,1.35026969322947e-4
CCNA_01988,quintero_wt-highK_vs_wt-lowK,0.543905031390691,0.00296868792914109
CCNA_01989,quintero_wt-highK_vs_wt-lowK,0.719375151297151,8.36243048186533e-5
CCNA_01990,quintero_wt-highK_vs_wt-lowK,0.86067372076848,3.36451091286524e-7
CCNA_01991,quintero_wt-highK_vs_wt-lowK,0.795214519378483,9.09547986197004e-6
CCNA_01992,quintero_wt-highK_vs_wt-lowK,0.493932486978455,0.00458045168764002
CCNA_01993,quintero_wt-highK_vs_wt-lowK,0.134039895487747,0.428166509967747
CCNA_01994,quintero_wt-highK_vs_wt-lowK,0.265532867172267,0.103802209256675
CCNA_01995,quintero_wt-highK_vs_wt-lowK,0.270988677461881,0.193516950432599
CCNA_01996,quintero_wt-highK_vs_wt-lowK,0.265513383594627,0.136814621256553
CCNA_01997,quintero_wt-highK_vs_wt-lowK,0.430890657698665,0.0123080694100153
CCNA_01998,quintero_wt-highK_vs_wt-lowK,0.71063404319187,1.23635579624849e-5
CCNA_01999,quintero_wt-highK_vs_wt-lowK,1.09877911183755,5.82521590632114e-8
CCNA_02000,quintero_wt-highK_vs_wt-lowK,1.08430154710851,1.78444931911541e-8
CCNA_02001,quintero_wt-highK_vs_wt-lowK,-0.182696253073508,0.407403510791118
CCNA_02002,quintero_wt-highK_vs_wt-lowK,0.316607822441145,0.143530585995384
CCNA_02003,quintero_wt-highK_vs_wt-lowK,0.213077818022512,0.179930915195651
CCNA_02004,quintero_wt-highK_vs_wt-lowK,0.278803037649302,0.280916127401389
CCNA_02005,quintero_wt-highK_vs_wt-lowK,0.51329542155289,0.00272204525928869
CCNA_02006,quintero_wt-highK_vs_wt-lowK,0.394948694135665,0.0522691500756163
CCNA_02007,quintero_wt-highK_vs_wt-lowK,0.476395933712097,0.00397381611721345
CCNA_02008,quintero_wt-highK_vs_wt-lowK,0.612337054394621,3.04633406848023e-4
CCNA_02009,quintero_wt-highK_vs_wt-lowK,-0.219045874740259,0.321102246872321
CCNA_02010,quintero_wt-highK_vs_wt-lowK,-0.436731479645829,0.039712623655827
CCNA_02011,quintero_wt-highK_vs_wt-lowK,-0.331695284720566,0.0709964091922123
CCNA_02012,quintero_wt-highK_vs_wt-lowK,0.28265114428685,0.0988083963930873
CCNA_02013,quintero_wt-highK_vs_wt-lowK,0.394032405045961,0.035735387469967
CCNA_02014,quintero_wt-highK_vs_wt-lowK,0.865642099397806,3.62419984607629e-4
CCNA_02015,quintero_wt-highK_vs_wt-lowK,0.476751403037925,0.0137963011500398
CCNA_02016,quintero_wt-highK_vs_wt-lowK,0.53702455001938,0.0044121118702188
CCNA_02017,quintero_wt-highK_vs_wt-lowK,0.506381148720403,0.0110564314266118
CCNA_02018,quintero_wt-highK_vs_wt-lowK,0.535122044758657,0.00664928234180787
CCNA_02019,quintero_wt-highK_vs_wt-lowK,0.522271755470484,0.00558678336720107
CCNA_02020,quintero_wt-highK_vs_wt-lowK,0.626322617804388,7.8597322060115e-4
CCNA_03961,quintero_wt-highK_vs_wt-lowK,0.658324998501896,0.0137291505325336
CCNA_02021,quintero_wt-highK_vs_wt-lowK,0.558014816183798,0.0025925233718687
CCNA_02022,quintero_wt-highK_vs_wt-lowK,0.537190408020265,0.00419791357605981
CCNA_02023,quintero_wt-highK_vs_wt-lowK,0.536578452283054,0.00516579030399644
CCNA_02024,quintero_wt-highK_vs_wt-lowK,0.466647553000415,0.014532007807049
CCNA_02025,quintero_wt-highK_vs_wt-lowK,0.56060959657628,5.86372998417427e-4
CCNA_02026,quintero_wt-highK_vs_wt-lowK,0.443427334102156,0.050017016827105
CCNA_02027,quintero_wt-highK_vs_wt-lowK,0.60430910144602,0.0016481594051949
CCNA_02028,quintero_wt-highK_vs_wt-lowK,0.676399204027102,6.17303296827877e-5
CCNA_02029,quintero_wt-highK_vs_wt-lowK,0.389491175753542,0.0305894927634533
CCNA_02030,quintero_wt-highK_vs_wt-lowK,0.43543410576699,0.00673090980830835
CCNA_02031,quintero_wt-highK_vs_wt-lowK,0.387010103925082,0.020784425496823
CCNA_02032,quintero_wt-highK_vs_wt-lowK,0.283907476554784,0.102653874906811
CCNA_02033,quintero_wt-highK_vs_wt-lowK,0.353993152863929,0.0275457606865601
CCNA_R0045,quintero_wt-highK_vs_wt-lowK,0.923210361096158,8.97314641078396e-10
CCNA_R0046,quintero_wt-highK_vs_wt-lowK,0.874260889636438,1.87993220738619e-7
CCNA_02034,quintero_wt-highK_vs_wt-lowK,0.44383480937264,0.0196456163158059
CCNA_02035,quintero_wt-highK_vs_wt-lowK,-0.230600689211381,0.227271730182109
CCNA_R0047,quintero_wt-highK_vs_wt-lowK,-0.315987770585619,0.143970708935375
CCNA_02036,quintero_wt-highK_vs_wt-lowK,-0.789051898858987,2.55483262456717e-6
CCNA_02037,quintero_wt-highK_vs_wt-lowK,-0.634721814397273,7.70946349897078e-4
CCNA_02039,quintero_wt-highK_vs_wt-lowK,-0.10615320050376,0.527906316156084
CCNA_02040,quintero_wt-highK_vs_wt-lowK,0.149777849075616,0.417851995823184
CCNA_02041,quintero_wt-highK_vs_wt-lowK,0.169985427894341,0.321536591209973
CCNA_02042,quintero_wt-highK_vs_wt-lowK,1.07868781773316,8.43875170841928e-8
CCNA_R0048,quintero_wt-highK_vs_wt-lowK,1.53813379812802,3.54559334276327e-16
CCNA_02043,quintero_wt-highK_vs_wt-lowK,-0.341087419717686,0.0609094373900594
CCNA_02044,quintero_wt-highK_vs_wt-lowK,-0.704506164897609,0.00158117142799112
CCNA_02045,quintero_wt-highK_vs_wt-lowK,-0.824565310449601,6.62303173307788e-6
CCNA_02046,quintero_wt-highK_vs_wt-lowK,0.684756461692942,1.04940320916187e-4
CCNA_02047,quintero_wt-highK_vs_wt-lowK,0.728455112935488,1.81765639131447e-4
CCNA_02048,quintero_wt-highK_vs_wt-lowK,0.753026565566077,2.98186836796084e-4
CCNA_02049,quintero_wt-highK_vs_wt-lowK,-0.256530226489835,0.225217566739193
CCNA_02050,quintero_wt-highK_vs_wt-lowK,0.284457073815955,0.191895445280597
CCNA_02051,quintero_wt-highK_vs_wt-lowK,0.440106718766746,0.0612704711995335
CCNA_02052,quintero_wt-highK_vs_wt-lowK,0.380811215498031,0.0136898319813363
CCNA_02053,quintero_wt-highK_vs_wt-lowK,0.533396068596885,0.00421182768584901
CCNA_02054,quintero_wt-highK_vs_wt-lowK,0.185866023230544,0.255330537703314
CCNA_02055,quintero_wt-highK_vs_wt-lowK,0.621011398757737,0.0322614092924273
CCNA_02056,quintero_wt-highK_vs_wt-lowK,0.387441335911802,0.0233893380520064
CCNA_02057,quintero_wt-highK_vs_wt-lowK,-0.682912283484467,3.64179548135585e-4
CCNA_02058,quintero_wt-highK_vs_wt-lowK,-0.609928306349101,8.19197727462096e-4
CCNA_R0153,quintero_wt-highK_vs_wt-lowK,0,0
CCNA_02059,quintero_wt-highK_vs_wt-lowK,0.100237894001408,0.595286120403871
CCNA_02060,quintero_wt-highK_vs_wt-lowK,0.321482177268463,0.183263200551093
CCNA_02061,quintero_wt-highK_vs_wt-lowK,0.00455109575583259,0.985499259972838
CCNA_02062,quintero_wt-highK_vs_wt-lowK,0.0302576028708545,0.875456443155731
CCNA_02063,quintero_wt-highK_vs_wt-lowK,0.449074339857642,0.00711125704404936
CCNA_02064,quintero_wt-highK_vs_wt-lowK,0.398289546834004,0.0505640786276059
CCNA_02065,quintero_wt-highK_vs_wt-lowK,-1.01784131436762,2.8871188726395e-11
CCNA_02066,quintero_wt-highK_vs_wt-lowK,0.801201557815121,6.3492603543367e-4
CCNA_02067,quintero_wt-highK_vs_wt-lowK,-0.395958605543719,0.00994603030116165
CCNA_02068,quintero_wt-highK_vs_wt-lowK,0.947066109393442,8.86629933122473e-7
CCNA_02069,quintero_wt-highK_vs_wt-lowK,0.824359146570683,7.81447248670726e-6
CCNA_02070,quintero_wt-highK_vs_wt-lowK,0.786176224317072,2.15210130244284e-5
CCNA_02071,quintero_wt-highK_vs_wt-lowK,0.880805334160751,4.51122493727843e-8
CCNA_02072,quintero_wt-highK_vs_wt-lowK,0.606627277576144,8.44804763924646e-4
CCNA_02073,quintero_wt-highK_vs_wt-lowK,0.352103418294789,0.187948248948193
CCNA_02074,quintero_wt-highK_vs_wt-lowK,0.147469600303855,0.526039683104555
CCNA_02075,quintero_wt-highK_vs_wt-lowK,-0.158029865901614,0.359485622438622
CCNA_02076,quintero_wt-highK_vs_wt-lowK,0.711648589902932,1.30273019614032e-5
CCNA_02077,quintero_wt-highK_vs_wt-lowK,0.68339151572655,3.90964203299337e-4
CCNA_02078,quintero_wt-highK_vs_wt-lowK,0.476823279881237,0.00201943261536154
CCNA_03896,quintero_wt-highK_vs_wt-lowK,-0.0472748637957101,0.800887790522422
CCNA_02080,quintero_wt-highK_vs_wt-lowK,0.211165556585974,0.242391529356091
CCNA_02081,quintero_wt-highK_vs_wt-lowK,0.0858178488094408,0.651245446877609
CCNA_02082,quintero_wt-highK_vs_wt-lowK,-0.367580771155396,0.0569969623612788
CCNA_02083,quintero_wt-highK_vs_wt-lowK,-0.0586066776440323,0.771876869261268
CCNA_02084,quintero_wt-highK_vs_wt-lowK,-0.0125744069829468,0.952066960022447
CCNA_02085,quintero_wt-highK_vs_wt-lowK,0.36806650617903103,0.0291344457459275
CCNA_02086,quintero_wt-highK_vs_wt-lowK,-0.0650122725286637,0.716133965430833
CCNA_02087,quintero_wt-highK_vs_wt-lowK,-0.169833604501112,0.375097229048047
CCNA_02088,quintero_wt-highK_vs_wt-lowK,-0.355823039982927,0.039845099338625
CCNA_02089,quintero_wt-highK_vs_wt-lowK,0.33794194491101,0.109359542445445
CCNA_02090,quintero_wt-highK_vs_wt-lowK,0.140981460364294,0.458564282394489
CCNA_02091,quintero_wt-highK_vs_wt-lowK,-0.469566592412078,0.0113184882794419
CCNA_02092,quintero_wt-highK_vs_wt-lowK,0.346947628699713,0.0475266003856461
CCNA_02093,quintero_wt-highK_vs_wt-lowK,-0.250863962700137,0.126439718902682
CCNA_02094,quintero_wt-highK_vs_wt-lowK,0.252780435523284,0.174387990864184
CCNA_02095,quintero_wt-highK_vs_wt-lowK,-0.767976015728812,5.51116339889959e-5
CCNA_02096,quintero_wt-highK_vs_wt-lowK,-0.032774783839784,0.876802371522998
CCNA_02097,quintero_wt-highK_vs_wt-lowK,-0.359457778277162,0.0483869421899325
CCNA_02098,quintero_wt-highK_vs_wt-lowK,0.870340310730208,6.26883652505072e-7
CCNA_02099,quintero_wt-highK_vs_wt-lowK,0.230628740585883,0.19185229418252
CCNA_02100,quintero_wt-highK_vs_wt-lowK,-0.77127414678421,1.68108683037891e-4
CCNA_02101,quintero_wt-highK_vs_wt-lowK,0.0814838108108292,0.71224896645622
CCNA_02102,quintero_wt-highK_vs_wt-lowK,-0.548515453778761,6.05239580307561e-4
CCNA_02103,quintero_wt-highK_vs_wt-lowK,-0.0676759606531373,0.802429056860123
CCNA_02104,quintero_wt-highK_vs_wt-lowK,-0.529902079174618,0.0169367925575053
CCNA_02105,quintero_wt-highK_vs_wt-lowK,-1.14646337400578,4.74879637597138e-8
CCNA_02106,quintero_wt-highK_vs_wt-lowK,0.524711907747317,6.49298113541955e-4
CCNA_02108,quintero_wt-highK_vs_wt-lowK,-0.0343468944984314,0.855253391845718
CCNA_02109,quintero_wt-highK_vs_wt-lowK,0.60639288293415206,0.00106470712555923
CCNA_02110,quintero_wt-highK_vs_wt-lowK,-1.81218455479472,1.44775646940297e-18
CCNA_02111,quintero_wt-highK_vs_wt-lowK,-1.73867633728057,6.16202829025739e-16
CCNA_02112,quintero_wt-highK_vs_wt-lowK,-0.393049523997373,0.019498145785912
CCNA_02113,quintero_wt-highK_vs_wt-lowK,-0.24498228369075,0.148957926804385
CCNA_02114,quintero_wt-highK_vs_wt-lowK,-0.181746416554519,0.529667275320025
CCNA_02115,quintero_wt-highK_vs_wt-lowK,-0.925685537712347,2.0289514199374e-5
CCNA_02116,quintero_wt-highK_vs_wt-lowK,-1.00775206288416,1.2871548161276e-6
CCNA_02117,quintero_wt-highK_vs_wt-lowK,-0.424934462195918,0.0221306493629636
CCNA_02118,quintero_wt-highK_vs_wt-lowK,0.0311120803839633,0.875872677167037
CCNA_02119,quintero_wt-highK_vs_wt-lowK,-0.0527130549935738,0.817863906619725
CCNA_02120,quintero_wt-highK_vs_wt-lowK,-0.341813766155958,0.0965452672085861
CCNA_02121,quintero_wt-highK_vs_wt-lowK,0.23926417513613,0.184061311637844
CCNA_02122,quintero_wt-highK_vs_wt-lowK,0.345497337879912,0.1651154667626
CCNA_02123,quintero_wt-highK_vs_wt-lowK,0.0662549034302302,0.813434589341712
CCNA_02124,quintero_wt-highK_vs_wt-lowK,-0.480377644860403,0.00424674191222949
CCNA_02125,quintero_wt-highK_vs_wt-lowK,-0.00498163661735476,0.981130039581523
CCNA_02126,quintero_wt-highK_vs_wt-lowK,0.21528162385714,0.392227026700254
CCNA_02127,quintero_wt-highK_vs_wt-lowK,-0.197373051308069,0.242678091779828
CCNA_02128,quintero_wt-highK_vs_wt-lowK,-1.12435322005704,9.0847069016918e-9
CCNA_02129,quintero_wt-highK_vs_wt-lowK,-0.903086510160461,3.60876541118427e-7
CCNA_02130,quintero_wt-highK_vs_wt-lowK,-0.0368006626367601,0.849005159862675
CCNA_02131,quintero_wt-highK_vs_wt-lowK,0.00405560922818214,0.985345274960138
CCNA_02132,quintero_wt-highK_vs_wt-lowK,-0.0873763702716843,0.617206815231336
CCNA_02133,quintero_wt-highK_vs_wt-lowK,-0.368362534651756,0.0218166049731934
CCNA_02134,quintero_wt-highK_vs_wt-lowK,-0.654197594160782,6.8846784177715e-5
CCNA_02135,quintero_wt-highK_vs_wt-lowK,-0.483128913874375,0.00209538083292735
CCNA_02136,quintero_wt-highK_vs_wt-lowK,-0.427525585809421,0.00637224432797175
CCNA_02137,quintero_wt-highK_vs_wt-lowK,0.015856761259125,0.947424112118542
CCNA_02138,quintero_wt-highK_vs_wt-lowK,-0.32545718346409,0.0854461220191101
CCNA_02139,quintero_wt-highK_vs_wt-lowK,-0.206030154932796,0.257442521139449
CCNA_02140,quintero_wt-highK_vs_wt-lowK,-0.0936635060141486,0.61903025752643
CCNA_02141,quintero_wt-highK_vs_wt-lowK,-0.244953904453105,0.160069619710089
CCNA_02142,quintero_wt-highK_vs_wt-lowK,0.069697045350487,0.763051454305177
CCNA_02143,quintero_wt-highK_vs_wt-lowK,-0.084294385697019,0.705266917059772
CCNA_02144,quintero_wt-highK_vs_wt-lowK,-0.0976742353645247,0.657994630950763
CCNA_02145,quintero_wt-highK_vs_wt-lowK,-0.0386555116476113,0.853515228329717
CCNA_02146,quintero_wt-highK_vs_wt-lowK,-1.56540985254041,4.57546568878874e-11
CCNA_02147,quintero_wt-highK_vs_wt-lowK,-0.134225793019132,0.481855308383426
CCNA_02148,quintero_wt-highK_vs_wt-lowK,0,0
CCNA_R0154,quintero_wt-highK_vs_wt-lowK,0.689939368904006,0.315934880157521
CCNA_02149,quintero_wt-highK_vs_wt-lowK,0.270509824600596,0.0896183869769974
CCNA_02150,quintero_wt-highK_vs_wt-lowK,0.165982753042965,0.324352129574052
CCNA_02151,quintero_wt-highK_vs_wt-lowK,-0.0715421648220783,0.722071903084493
CCNA_02152,quintero_wt-highK_vs_wt-lowK,0.35098007496299,0.0636584699389052
CCNA_02153,quintero_wt-highK_vs_wt-lowK,-0.370479946007635,0.0474348596527572
CCNA_02154,quintero_wt-highK_vs_wt-lowK,0.243364845641805,0.190680422703061
CCNA_02155,quintero_wt-highK_vs_wt-lowK,-0.869259443524924,8.80010735838789e-5
CCNA_02156,quintero_wt-highK_vs_wt-lowK,0.333882148218871,0.0911336912575731
CCNA_02157,quintero_wt-highK_vs_wt-lowK,0.437148334322621,0.0631790540299151
CCNA_02158,quintero_wt-highK_vs_wt-lowK,-0.350595646996719,0.17301122392329
CCNA_R0155,quintero_wt-highK_vs_wt-lowK,0,0
CCNA_02159,quintero_wt-highK_vs_wt-lowK,0.140813510271791,0.622239077970766
CCNA_02160,quintero_wt-highK_vs_wt-lowK,-0.508341578376788,0.00124088939206553
CCNA_02161,quintero_wt-highK_vs_wt-lowK,-0.305965199221136,0.0626757192926014
CCNA_02163,quintero_wt-highK_vs_wt-lowK,-0.138421574340502,0.494932765668878
CCNA_02164,quintero_wt-highK_vs_wt-lowK,0.531716503362426,0.00571351126293297
CCNA_02165,quintero_wt-highK_vs_wt-lowK,-0.184310553613072,0.391627745218294
CCNA_02166,quintero_wt-highK_vs_wt-lowK,0.18499797012248,0.411828341598135
CCNA_02167,quintero_wt-highK_vs_wt-lowK,0.203323806120788,0.292895920402848
CCNA_03897,quintero_wt-highK_vs_wt-lowK,0.368815078096573,0.07725723978698
CCNA_02169,quintero_wt-highK_vs_wt-lowK,0.37633228812537,0.0495241028513432
CCNA_02170,quintero_wt-highK_vs_wt-lowK,-0.863673037197807,7.52348113723903e-6
CCNA_02171,quintero_wt-highK_vs_wt-lowK,0.28878018843597,0.128002349425724
CCNA_02172,quintero_wt-highK_vs_wt-lowK,-0.0591832792735433,0.763657730721389
CCNA_02173,quintero_wt-highK_vs_wt-lowK,0.224312373092354,0.237687001527042
CCNA_02174,quintero_wt-highK_vs_wt-lowK,-0.0262170403145211,0.895469197693724
CCNA_02175,quintero_wt-highK_vs_wt-lowK,0.762753000546537,0.00891324434998311
CCNA_02176,quintero_wt-highK_vs_wt-lowK,-0.871035351979391,0.00721229130179831
CCNA_02177,quintero_wt-highK_vs_wt-lowK,-0.253601712698651,0.722354943763197
CCNA_02178,quintero_wt-highK_vs_wt-lowK,-0.147477763715633,0.411320158136466
CCNA_02179,quintero_wt-highK_vs_wt-lowK,1.58989720936983,4.92243622082309e-16
CCNA_02180,quintero_wt-highK_vs_wt-lowK,0.675316654442581,7.18909929838609e-4
CCNA_02181,quintero_wt-highK_vs_wt-lowK,1.16499948346075,3.00198377541397e-10
CCNA_02182,quintero_wt-highK_vs_wt-lowK,0.95424396627034,9.62463078794072e-7
CCNA_02183,quintero_wt-highK_vs_wt-lowK,0.182749567439812,0.320015687053584
CCNA_02184,quintero_wt-highK_vs_wt-lowK,0.00108501942163509,0.996899453521006
CCNA_03962,quintero_wt-highK_vs_wt-lowK,0.841531706243405,2.11070900869697e-6
CCNA_02185,quintero_wt-highK_vs_wt-lowK,0.376895122324614,0.0120520159880934
CCNA_02186,quintero_wt-highK_vs_wt-lowK,0.403968996680575,0.00893110098296162
CCNA_R0049,quintero_wt-highK_vs_wt-lowK,0.480653188852719,0.0523027062891863
CCNA_R0206,quintero_wt-highK_vs_wt-lowK,-0.295062898348191,0.654636351788619
CCNA_02187,quintero_wt-highK_vs_wt-lowK,-0.309765087831106,0.045969993025676
CCNA_02188,quintero_wt-highK_vs_wt-lowK,-0.0609548082323256,0.748739332824934
CCNA_02189,quintero_wt-highK_vs_wt-lowK,-1.07426731482733,8.73780920339882e-10
CCNA_R0156,quintero_wt-highK_vs_wt-lowK,0,0
CCNA_02190,quintero_wt-highK_vs_wt-lowK,0.23692976285679,0.198850333543993
CCNA_02191,quintero_wt-highK_vs_wt-lowK,0.490986412552513,0.033472736174447
CCNA_02192,quintero_wt-highK_vs_wt-lowK,0.405269633569195,0.0439462682138324
CCNA_02193,quintero_wt-highK_vs_wt-lowK,0.483120678057562,0.00687490328433491
CCNA_02194,quintero_wt-highK_vs_wt-lowK,0.845507429020693,2.17423610040277e-6
CCNA_02195,quintero_wt-highK_vs_wt-lowK,0.248531719790325,0.162290092802508
CCNA_02196,quintero_wt-highK_vs_wt-lowK,-0.972324717391015,1.8627055439552e-4
CCNA_02197,quintero_wt-highK_vs_wt-lowK,0.0969813393261492,0.617206815231336
CCNA_02198,quintero_wt-highK_vs_wt-lowK,0.285884597757633,0.067054998434619
CCNA_02199,quintero_wt-highK_vs_wt-lowK,-0.585837448977535,0.0311206771282051
CCNA_02200,quintero_wt-highK_vs_wt-lowK,-1.67135376611052,0.00227447856703863
CCNA_02201,quintero_wt-highK_vs_wt-lowK,-0.0765252707025439,0.753714054529562
CCNA_02202,quintero_wt-highK_vs_wt-lowK,-0.317871901291623,0.0481179627860333
CCNA_02203,quintero_wt-highK_vs_wt-lowK,-0.551995096368645,1.93590316189589e-4
CCNA_02204,quintero_wt-highK_vs_wt-lowK,0.878245779631613,7.95428174746035e-6
CCNA_02205,quintero_wt-highK_vs_wt-lowK,-1.27686742364705,2.92607025311089e-8
CCNA_02206,quintero_wt-highK_vs_wt-lowK,-0.682932904042819,1.50690323608788e-5
CCNA_02207,quintero_wt-highK_vs_wt-lowK,-0.495846242377538,0.00566759873425491
CCNA_02208,quintero_wt-highK_vs_wt-lowK,-0.135387162216209,0.456421331396547
CCNA_02209,quintero_wt-highK_vs_wt-lowK,-0.622223111718328,0.00115504082836225
CCNA_02210,quintero_wt-highK_vs_wt-lowK,-0.0874645484122781,0.643295680840011
CCNA_02211,quintero_wt-highK_vs_wt-lowK,0.320537031766016,0.0543612694771562
CCNA_02212,quintero_wt-highK_vs_wt-lowK,-1.26573802005647,2.01318148813154e-9
CCNA_02213,quintero_wt-highK_vs_wt-lowK,0.710546322932654,8.02065323836619e-5
CCNA_02214,quintero_wt-highK_vs_wt-lowK,-0.0638174643251798,0.773990392057288
CCNA_02215,quintero_wt-highK_vs_wt-lowK,-1.13713943791179,1.74553202038961e-12
CCNA_02216,quintero_wt-highK_vs_wt-lowK,-1.13751217971339,5.20331078067492e-11
CCNA_02217,quintero_wt-highK_vs_wt-lowK,-0.751810611394469,7.17687686046919e-4
CCNA_02218,quintero_wt-highK_vs_wt-lowK,-0.386458662155341,0.0278153725145968
CCNA_02219,quintero_wt-highK_vs_wt-lowK,-0.00105039439080126,0.995985198572214
CCNA_02220,quintero_wt-highK_vs_wt-lowK,-0.697698752117338,3.23023379391445e-6
CCNA_02221,quintero_wt-highK_vs_wt-lowK,0.644669951602014,0.00304490002819549
CCNA_03963,quintero_wt-highK_vs_wt-lowK,0.493763173967155,0.383922388193145
CCNA_02222,quintero_wt-highK_vs_wt-lowK,0.664978430174252,0.00140385744773872
CCNA_02223,quintero_wt-highK_vs_wt-lowK,0.611185097158032,0.00221816326169457
CCNA_02224,quintero_wt-highK_vs_wt-lowK,0.579209084261575,0.00373054764875282
CCNA_02225,quintero_wt-highK_vs_wt-lowK,0.694465026224888,2.49411780888982e-4
CCNA_02226,quintero_wt-highK_vs_wt-lowK,-0.40983144805723,0.0463387110913431
CCNA_02227,quintero_wt-highK_vs_wt-lowK,-0.0133141003949261,0.958586375113118
CCNA_02228,quintero_wt-highK_vs_wt-lowK,0.262536884310439,0.481285184494785
CCNA_02229,quintero_wt-highK_vs_wt-lowK,-0.2327069887408,0.375097229048047
CCNA_02230,quintero_wt-highK_vs_wt-lowK,-0.804976537857474,1.89915743483775e-6
CCNA_02231,quintero_wt-highK_vs_wt-lowK,0.88592576164267,1.42830246277859e-6
CCNA_02232,quintero_wt-highK_vs_wt-lowK,0.29387427984467,0.165710470688016
CCNA_02233,quintero_wt-highK_vs_wt-lowK,0.224026041401871,0.323529148492178
CCNA_02234,quintero_wt-highK_vs_wt-lowK,-0.76721132751744,4.58901356895228e-4
CCNA_R0157,quintero_wt-highK_vs_wt-lowK,0.313078128351531,0.66810857693282
CCNA_02235,quintero_wt-highK_vs_wt-lowK,-0.814644087309609,6.82374949835279e-4
CCNA_02236,quintero_wt-highK_vs_wt-lowK,-0.458017029761634,0.0410768697181242
CCNA_02237,quintero_wt-highK_vs_wt-lowK,0.377562041621923,0.0392584253780244
CCNA_02238,quintero_wt-highK_vs_wt-lowK,-1.36612473118585,8.04765315854974e-6
CCNA_02239,quintero_wt-highK_vs_wt-lowK,-0.435703912541092,0.0147690891064644
CCNA_02240,quintero_wt-highK_vs_wt-lowK,-0.512384895436837,0.00134316766690581
CCNA_02241,quintero_wt-highK_vs_wt-lowK,-0.286787313993939,0.148957926804385
CCNA_02242,quintero_wt-highK_vs_wt-lowK,-0.00248192834162858,0.991685132699446
CCNA_02243,quintero_wt-highK_vs_wt-lowK,-0.646981559151203,1.63501357923511e-4
CCNA_02244,quintero_wt-highK_vs_wt-lowK,0.371135634348292,0.0229046233302499
CCNA_03964,quintero_wt-highK_vs_wt-lowK,0.00478057225303405,0.995668277544865
CCNA_02245,quintero_wt-highK_vs_wt-lowK,-0.352507323527741,0.133862014099566
CCNA_02246,quintero_wt-highK_vs_wt-lowK,-1.05524576861598,7.03640614503752e-6
CCNA_02247,quintero_wt-highK_vs_wt-lowK,0.689069900262798,9.39273367196369e-5
CCNA_02248,quintero_wt-highK_vs_wt-lowK,0.737513384255776,7.70946349897078e-4
CCNA_02249,quintero_wt-highK_vs_wt-lowK,0.75530997249164,5.00756741517283e-6
CCNA_R0050,quintero_wt-highK_vs_wt-lowK,0.272985612524669,0.434370919584164
CCNA_02250,quintero_wt-highK_vs_wt-lowK,-1.46351718147911,4.96637554186599e-7
CCNA_02251,quintero_wt-highK_vs_wt-lowK,-1.96526864526482,6.74274522928885e-11
CCNA_02252,quintero_wt-highK_vs_wt-lowK,-0.0821507897536729,0.669336586614615
CCNA_02253,quintero_wt-highK_vs_wt-lowK,-0.473135522857074,0.00534033899887331
CCNA_R0051,quintero_wt-highK_vs_wt-lowK,-0.947856117002253,0.130450766143859
CCNA_03965,quintero_wt-highK_vs_wt-lowK,0,0
CCNA_02254,quintero_wt-highK_vs_wt-lowK,-0.1588789508836,0.402696209549755
CCNA_02255,quintero_wt-highK_vs_wt-lowK,0.370471475418856,0.0924360908952354
CCNA_02256,quintero_wt-highK_vs_wt-lowK,-0.113720216514521,0.526989677341951
CCNA_R0052,quintero_wt-highK_vs_wt-lowK,1.21004549023479,2.54259284854464e-9
CCNA_02257,quintero_wt-highK_vs_wt-lowK,0.207938646287262,0.283253050163267
CCNA_02258,quintero_wt-highK_vs_wt-lowK,0.277033932307474,0.151455395633958
CCNA_02259,quintero_wt-highK_vs_wt-lowK,0.487179792185621,0.0338752930894618
CCNA_02260,quintero_wt-highK_vs_wt-lowK,-0.0121559836547361,0.949659171460792
CCNA_02261,quintero_wt-highK_vs_wt-lowK,-0.220499311081694,0.166682404231433
CCNA_02262,quintero_wt-highK_vs_wt-lowK,-0.685064526824629,5.70986203925737e-4
CCNA_02263,quintero_wt-highK_vs_wt-lowK,0.238032490558927,0.421429928804987
CCNA_R0207,quintero_wt-highK_vs_wt-lowK,0.610158382744718,0.0804041042361942
CCNA_02264,quintero_wt-highK_vs_wt-lowK,0.162752770411784,0.411828341598135
CCNA_02265,quintero_wt-highK_vs_wt-lowK,-0.506179793126458,0.00582360210942525
CCNA_02266,quintero_wt-highK_vs_wt-lowK,-0.412467801560685,0.0438740482686913
CCNA_02267,quintero_wt-highK_vs_wt-lowK,0.129712404096127,0.684153247076092
CCNA_02268,quintero_wt-highK_vs_wt-lowK,0.0137862819138682,0.965503780287433
CCNA_R0053,quintero_wt-highK_vs_wt-lowK,0.426886026319688,0.231160477341057
CCNA_02269,quintero_wt-highK_vs_wt-lowK,-0.50146527590966,0.00897652655871371
CCNA_02270,quintero_wt-highK_vs_wt-lowK,-0.793946691523386,3.98084409392209e-6
CCNA_02271,quintero_wt-highK_vs_wt-lowK,-0.478485301604532,0.00303668967729647
CCNA_02272,quintero_wt-highK_vs_wt-lowK,1.47399991497946,1.62595263300817e-11
CCNA_02273,quintero_wt-highK_vs_wt-lowK,1.6826943416367799,3.37520696295752e-14
CCNA_02274,quintero_wt-highK_vs_wt-lowK,NA,NA
CCNA_02275,quintero_wt-highK_vs_wt-lowK,NA,NA
CCNA_02277,quintero_wt-highK_vs_wt-lowK,NA,NA
CCNA_R0158,quintero_wt-highK_vs_wt-lowK,NA,NA
CCNA_02278,quintero_wt-highK_vs_wt-lowK,0.875497915569178,5.40686584816022e-6
CCNA_02279,quintero_wt-highK_vs_wt-lowK,0.650438237093151,0.00114698029165694
CCNA_02280,quintero_wt-highK_vs_wt-lowK,0.664560952112069,2.74807615798204e-4
CCNA_02281,quintero_wt-highK_vs_wt-lowK,0.00114577979212877,0.995686307125318
CCNA_02282,quintero_wt-highK_vs_wt-lowK,-0.261898864276605,0.127585944349832
CCNA_02283,quintero_wt-highK_vs_wt-lowK,-1.97970513848563,4.15270155546608e-25
CCNA_R0159,quintero_wt-highK_vs_wt-lowK,0.289732462429782,0.586456916399276
CCNA_02284,quintero_wt-highK_vs_wt-lowK,0.458190910909784,0.192217698413404
CCNA_02285,quintero_wt-highK_vs_wt-lowK,0.418927489515807,0.0342120485335534
CCNA_02286,quintero_wt-highK_vs_wt-lowK,-1.59693010212487,0.00807684157541928
CCNA_02287,quintero_wt-highK_vs_wt-lowK,-0.295126222031931,0.104511384003471
CCNA_02288,quintero_wt-highK_vs_wt-lowK,0.0993023416811537,0.696215262631
CCNA_02289,quintero_wt-highK_vs_wt-lowK,0.453775399424878,0.0511349012117356
CCNA_02290,quintero_wt-highK_vs_wt-lowK,0.154366688564035,0.442751588474501
CCNA_02291,quintero_wt-highK_vs_wt-lowK,0.273161170071533,0.212577558495833
CCNA_02292,quintero_wt-highK_vs_wt-lowK,0.494291567908556,0.0157839533513649
CCNA_02293,quintero_wt-highK_vs_wt-lowK,-0.0191365493224694,0.932365421750302
CCNA_02294,quintero_wt-highK_vs_wt-lowK,0.63925593771672,3.8204461781337e-4
CCNA_02295,quintero_wt-highK_vs_wt-lowK,0.0345260133941472,0.892035299571043
CCNA_02296,quintero_wt-highK_vs_wt-lowK,0.539623893845837,0.00270405044702722
CCNA_R0160,quintero_wt-highK_vs_wt-lowK,1.17513964641778,0.00309349246802658
CCNA_02297,quintero_wt-highK_vs_wt-lowK,0.519925448727604,0.00703116472873247
CCNA_02298,quintero_wt-highK_vs_wt-lowK,-0.04972873088644,0.799256267512947
CCNA_02299,quintero_wt-highK_vs_wt-lowK,0.277799415673658,0.116091022521764
CCNA_02300,quintero_wt-highK_vs_wt-lowK,-0.20672457189319,0.28134039386999
CCNA_02301,quintero_wt-highK_vs_wt-lowK,-0.250049287871071,0.172696881136404
CCNA_02302,quintero_wt-highK_vs_wt-lowK,0.0774909673896306,0.68518053852064
CCNA_02303,quintero_wt-highK_vs_wt-lowK,0.309423157068459,0.086046397821183
CCNA_02304,quintero_wt-highK_vs_wt-lowK,0.107186853420679,0.562102938500688
CCNA_02305,quintero_wt-highK_vs_wt-lowK,0.84572820249984,9.89842469269619e-7
CCNA_02306,quintero_wt-highK_vs_wt-lowK,0.886003268538794,3.70222711268503e-6
CCNA_02307,quintero_wt-highK_vs_wt-lowK,1.19969095533281,1.59593722393647e-10
CCNA_02308,quintero_wt-highK_vs_wt-lowK,-0.335809868863005,0.121472803231457
CCNA_02309,quintero_wt-highK_vs_wt-lowK,-0.642522791468498,0.00895350661544407
CCNA_R0161,quintero_wt-highK_vs_wt-lowK,-0.531822938298335,0.391627745218294
CCNA_02310,quintero_wt-highK_vs_wt-lowK,-1.03916599132939,6.41278090870917e-5
CCNA_R0054,quintero_wt-highK_vs_wt-lowK,0.929985648823883,0.00391431727019186
CCNA_02311,quintero_wt-highK_vs_wt-lowK,-0.0145078055133471,0.951294227367032
CCNA_02312,quintero_wt-highK_vs_wt-lowK,-0.157061851931897,0.36693350883482
CCNA_02313,quintero_wt-highK_vs_wt-lowK,0.271581811041863,0.22706283051518
CCNA_02314,quintero_wt-highK_vs_wt-lowK,-0.28624361161,0.137339578993086
CCNA_02315,quintero_wt-highK_vs_wt-lowK,-0.192056317855319,0.418343057517327
CCNA_02316,quintero_wt-highK_vs_wt-lowK,-0.278970866602681,0.184104571378418
CCNA_02317,quintero_wt-highK_vs_wt-lowK,-0.145310426722256,0.484409757182211
CCNA_02318,quintero_wt-highK_vs_wt-lowK,-0.225998422154769,0.310295782938717
CCNA_02319,quintero_wt-highK_vs_wt-lowK,-1.38052132723901,8.0870136838432e-8
CCNA_02320,quintero_wt-highK_vs_wt-lowK,0.189341301607369,0.286646465354727
CCNA_02321,quintero_wt-highK_vs_wt-lowK,0.68994978795364,1.27918446557667e-4
CCNA_02322,quintero_wt-highK_vs_wt-lowK,0.960446873587769,1.92087029869075e-7
CCNA_03966,quintero_wt-highK_vs_wt-lowK,-1.23301772086045,1.21256725002017e-8
CCNA_02324,quintero_wt-highK_vs_wt-lowK,1.14923532214989,2.57140799396457e-10
CCNA_R0162,quintero_wt-highK_vs_wt-lowK,1.25375269818871,3.11612310628186e-9
CCNA_02325,quintero_wt-highK_vs_wt-lowK,1.08246523857217,2.28438862634404e-8
CCNA_02326,quintero_wt-highK_vs_wt-lowK,0.897986804985305,1.02603093159158e-6
CCNA_02327,quintero_wt-highK_vs_wt-lowK,0.106405597866021,0.549657324813285
CCNA_02328,quintero_wt-highK_vs_wt-lowK,-0.267262515092015,0.166285289069702
CCNA_02329,quintero_wt-highK_vs_wt-lowK,0.526949125145738,0.00158337117511902
CCNA_02330,quintero_wt-highK_vs_wt-lowK,-0.128489433299303,0.60372129554464
CCNA_02331,quintero_wt-highK_vs_wt-lowK,0.0472045282491267,0.805735810223967
CCNA_02332,quintero_wt-highK_vs_wt-lowK,0.495450907366601,0.004526303413261
CCNA_02333,quintero_wt-highK_vs_wt-lowK,0.0648075734183491,0.737410659793143
CCNA_02334,quintero_wt-highK_vs_wt-lowK,0.506932060785013,0.0108473302986756
CCNA_02335,quintero_wt-highK_vs_wt-lowK,0.78178457832069,1.15630137393333e-5
CCNA_02336,quintero_wt-highK_vs_wt-lowK,0.0931344962179468,0.666347725462298
CCNA_02337,quintero_wt-highK_vs_wt-lowK,0.112250738122842,0.554916595512735
CCNA_02338,quintero_wt-highK_vs_wt-lowK,0.612221232950973,0.00100704969625488
CCNA_02339,quintero_wt-highK_vs_wt-lowK,0.635007732157305,3.65934920066654e-4
CCNA_02340,quintero_wt-highK_vs_wt-lowK,0.661493117462451,7.5491303465411e-4
CCNA_02341,quintero_wt-highK_vs_wt-lowK,0.780440946843043,1.73919236033655e-7
CCNA_02342,quintero_wt-highK_vs_wt-lowK,0.10607553640513,0.580725039577619
CCNA_02343,quintero_wt-highK_vs_wt-lowK,0.333213311387744,0.0534248250246645
CCNA_02344,quintero_wt-highK_vs_wt-lowK,0.953585851167925,1.78223015028085e-6
CCNA_02345,quintero_wt-highK_vs_wt-lowK,0.158847709506551,0.45288125037398
CCNA_02346,quintero_wt-highK_vs_wt-lowK,0.34608213342271,0.0369131945158082
CCNA_02347,quintero_wt-highK_vs_wt-lowK,0.558896372046602,3.53765229345973e-4
CCNA_02348,quintero_wt-highK_vs_wt-lowK,0.290368064046764,0.30441462589752
CCNA_02349,quintero_wt-highK_vs_wt-lowK,0.085241296774115,0.64866542381147
CCNA_02350,quintero_wt-highK_vs_wt-lowK,-0.499639621924472,0.0022517303681331
CCNA_02351,quintero_wt-highK_vs_wt-lowK,0.0931797511707322,0.640378112518314
CCNA_02352,quintero_wt-highK_vs_wt-lowK,-0.470961613913263,0.00153300358943283
CCNA_02353,quintero_wt-highK_vs_wt-lowK,-0.469683885622312,0.00377175765694296
CCNA_02354,quintero_wt-highK_vs_wt-lowK,0.605617140507514,1.89548967785054e-4
CCNA_02355,quintero_wt-highK_vs_wt-lowK,-0.00876792461231188,0.969747282502067
CCNA_02356,quintero_wt-highK_vs_wt-lowK,-0.230181439971487,0.259120657872672
CCNA_02357,quintero_wt-highK_vs_wt-lowK,-0.267481780876784,0.0926776903823262
CCNA_02358,quintero_wt-highK_vs_wt-lowK,0.00706448819083755,0.973406435701516
CCNA_02359,quintero_wt-highK_vs_wt-lowK,0.0355239462607321,0.8581371868368
CCNA_02360,quintero_wt-highK_vs_wt-lowK,0.231961985716885,0.208150962044392
CCNA_02361,quintero_wt-highK_vs_wt-lowK,0.373293648954904,0.0191510124549718
CCNA_02362,quintero_wt-highK_vs_wt-lowK,0.923673756704594,4.46886027593473e-6
CCNA_02363,quintero_wt-highK_vs_wt-lowK,0.361568071519521,0.0650563542141627
CCNA_02364,quintero_wt-highK_vs_wt-lowK,-0.196395812641253,0.355607513885757
CCNA_02365,quintero_wt-highK_vs_wt-lowK,0.0464215106912721,0.869018921411161
CCNA_02366,quintero_wt-highK_vs_wt-lowK,-0.462109358047607,0.00408383761425733
CCNA_02367,quintero_wt-highK_vs_wt-lowK,0.328113373468325,0.128642152378416
CCNA_02368,quintero_wt-highK_vs_wt-lowK,0.178106062684622,0.482625307373177
CCNA_02369,quintero_wt-highK_vs_wt-lowK,-0.210849809003694,0.285663998096348
CCNA_02370,quintero_wt-highK_vs_wt-lowK,-0.268118636705293,0.197069459621835
CCNA_02371,quintero_wt-highK_vs_wt-lowK,0.22343643431809,0.242623082711417
CCNA_02372,quintero_wt-highK_vs_wt-lowK,-0.120610754065491,0.660770319453253
CCNA_02373,quintero_wt-highK_vs_wt-lowK,-0.49395731614003,0.209454601527796
CCNA_02374,quintero_wt-highK_vs_wt-lowK,-0.152402439202415,0.805735810223967
CCNA_02375,quintero_wt-highK_vs_wt-lowK,-0.169409522350041,0.666347725462298
CCNA_02376,quintero_wt-highK_vs_wt-lowK,-0.171527203898117,0.58428924951778
CCNA_02377,quintero_wt-highK_vs_wt-lowK,-0.122829655924005,0.559133957011714
CCNA_R0055,quintero_wt-highK_vs_wt-lowK,0.64744500240212,0.0144554731069379
CCNA_02378,quintero_wt-highK_vs_wt-lowK,-0.872811202004852,1.92970972454566e-5
CCNA_02379,quintero_wt-highK_vs_wt-lowK,-0.085561046357096,0.635244853863305
CCNA_02380,quintero_wt-highK_vs_wt-lowK,0.167455385205684,0.359485622438622
CCNA_02381,quintero_wt-highK_vs_wt-lowK,-0.979866611479764,5.60930341278445e-7
CCNA_02382,quintero_wt-highK_vs_wt-lowK,-0.884551866259624,9.12387493786745e-8
CCNA_02383,quintero_wt-highK_vs_wt-lowK,-0.0933157736747785,0.608509275969408
CCNA_02384,quintero_wt-highK_vs_wt-lowK,-0.391573273785768,0.00940052042500375
CCNA_02385,quintero_wt-highK_vs_wt-lowK,0.862085498330039,2.07500264365622e-6
CCNA_02386,quintero_wt-highK_vs_wt-lowK,0.725645006967678,3.55376496165792e-4
CCNA_02387,quintero_wt-highK_vs_wt-lowK,0.557955523355165,0.00153118210246021
CCNA_02388,quintero_wt-highK_vs_wt-lowK,0.562841845556838,0.00276221314597439
CCNA_02389,quintero_wt-highK_vs_wt-lowK,0.428488994778284,0.0305425816610556
CCNA_02390,quintero_wt-highK_vs_wt-lowK,0.692716102377285,1.19320216390392e-4
CCNA_R0056,quintero_wt-highK_vs_wt-lowK,0.984671532708888,1.30425229476413e-5
CCNA_02391,quintero_wt-highK_vs_wt-lowK,0.0478817754355296,0.856716340358421
CCNA_02392,quintero_wt-highK_vs_wt-lowK,-0.11565285113947,0.666347725462298
CCNA_03898,quintero_wt-highK_vs_wt-lowK,0.276046229198096,0.238944000610825
CCNA_03881,quintero_wt-highK_vs_wt-lowK,0.2802806829296,0.378578117631093
CCNA_02394,quintero_wt-highK_vs_wt-lowK,-0.0209564976979346,0.929608695782448
CCNA_02395,quintero_wt-highK_vs_wt-lowK,-0.24197069355316,0.2312429911203
CCNA_02396,quintero_wt-highK_vs_wt-lowK,0.0706846116015931,0.742772193695153
CCNA_02397,quintero_wt-highK_vs_wt-lowK,-0.780867969198323,9.73969756671941e-4
CCNA_02398,quintero_wt-highK_vs_wt-lowK,0.0440559241138598,0.834502959345833
CCNA_02399,quintero_wt-highK_vs_wt-lowK,0.394165208390506,0.0316410188179288
CCNA_02400,quintero_wt-highK_vs_wt-lowK,-0.753723342492484,7.21871669286851e-6
CCNA_02401,quintero_wt-highK_vs_wt-lowK,-0.17150156172632,0.308105163014259
CCNA_02402,quintero_wt-highK_vs_wt-lowK,-0.296815345179871,0.0690727966991005
CCNA_02403,quintero_wt-highK_vs_wt-lowK,-0.509085509391857,0.00502489203614301
CCNA_02404,quintero_wt-highK_vs_wt-lowK,-0.412415461414358,0.0380328455985297
CCNA_02405,quintero_wt-highK_vs_wt-lowK,-0.664517777414867,1.19467532283624e-4
CCNA_02406,quintero_wt-highK_vs_wt-lowK,-0.610973815814655,6.73672710376938e-4
CCNA_02407,quintero_wt-highK_vs_wt-lowK,-0.806651290047595,1.50734422074823e-5
CCNA_02408,quintero_wt-highK_vs_wt-lowK,-0.0336734880970681,0.856762433817207
CCNA_02409,quintero_wt-highK_vs_wt-lowK,-0.252086119612907,0.141014958115995
CCNA_02410,quintero_wt-highK_vs_wt-lowK,-1.1402813230492,3.49959839014095e-7
CCNA_02411,quintero_wt-highK_vs_wt-lowK,-0.278696282754014,0.124462671113041
CCNA_02412,quintero_wt-highK_vs_wt-lowK,-0.834631542545599,2.46247459683311e-5
CCNA_02413,quintero_wt-highK_vs_wt-lowK,-0.0894024582673134,0.617939859238344
CCNA_02414,quintero_wt-highK_vs_wt-lowK,0.562035605457625,0.00276734246665477
CCNA_02415,quintero_wt-highK_vs_wt-lowK,-0.760799266093239,0.00331316470609293
CCNA_R0163,quintero_wt-highK_vs_wt-lowK,0.206751731603235,0.411209377461054
CCNA_02416,quintero_wt-highK_vs_wt-lowK,0.777423580003807,3.73231415086582e-6
CCNA_02417,quintero_wt-highK_vs_wt-lowK,0.0567481326839663,0.805997956607698
CCNA_02418,quintero_wt-highK_vs_wt-lowK,0.4351249955317,0.0404129659831984
CCNA_R0057,quintero_wt-highK_vs_wt-lowK,-0.0101238282260331,0.990602634169292
CCNA_02419,quintero_wt-highK_vs_wt-lowK,0.544608738776161,0.00497951141483594
CCNA_02420,quintero_wt-highK_vs_wt-lowK,0.512067359230353,0.00490669293816487
CCNA_02421,quintero_wt-highK_vs_wt-lowK,0.450920927112319,0.0116418826226357
CCNA_02422,quintero_wt-highK_vs_wt-lowK,-0.145825308174015,0.468901264217119
CCNA_02423,quintero_wt-highK_vs_wt-lowK,0.0874898125193661,0.671278024214344
CCNA_02424,quintero_wt-highK_vs_wt-lowK,-0.163616539493191,0.414768010117981
CCNA_R0058,quintero_wt-highK_vs_wt-lowK,1.23123188733268,1.09462844445611e-13
CCNA_02425,quintero_wt-highK_vs_wt-lowK,0.380859596056009,0.0775049487426342
CCNA_02426,quintero_wt-highK_vs_wt-lowK,0.589452599973858,8.28618422429133e-4
CCNA_02427,quintero_wt-highK_vs_wt-lowK,0.677005071693311,2.9155932448565e-5
CCNA_02428,quintero_wt-highK_vs_wt-lowK,0.572297945359903,1.52561218809856e-4
CCNA_02429,quintero_wt-highK_vs_wt-lowK,0.0556691442061958,0.797054734005973
CCNA_02430,quintero_wt-highK_vs_wt-lowK,-0.492927849496378,0.0122837375162573
CCNA_02431,quintero_wt-highK_vs_wt-lowK,0.763223283227219,3.23447918804389e-5
CCNA_02432,quintero_wt-highK_vs_wt-lowK,-2.22504040391596,5.59464800006497e-33
CCNA_02433,quintero_wt-highK_vs_wt-lowK,-3.06124785020115,2.24964759684494e-27
CCNA_02434,quintero_wt-highK_vs_wt-lowK,0.936869362299978,3.3386145015093e-7
CCNA_02435,quintero_wt-highK_vs_wt-lowK,0.619107036417185,3.2009108221613e-4
CCNA_02436,quintero_wt-highK_vs_wt-lowK,0.297851583504045,0.0962434241284986
CCNA_R0059,quintero_wt-highK_vs_wt-lowK,0.918397477073661,0.00998863467498205
CCNA_02437,quintero_wt-highK_vs_wt-lowK,-0.00276800292573126,0.991685132699446
CCNA_02438,quintero_wt-highK_vs_wt-lowK,0.0266178713943089,0.915351825727089
CCNA_02439,quintero_wt-highK_vs_wt-lowK,-0.160594444059005,0.399537382320537
CCNA_02440,quintero_wt-highK_vs_wt-lowK,0.216249710898626,0.312555248008417
CCNA_02441,quintero_wt-highK_vs_wt-lowK,0.116923168392486,0.755495872298814
CCNA_02442,quintero_wt-highK_vs_wt-lowK,-0.754717561678369,8.08511389305875e-4
CCNA_02443,quintero_wt-highK_vs_wt-lowK,-0.728854750211429,1.00759819271085e-6
CCNA_02444,quintero_wt-highK_vs_wt-lowK,-0.396893715073812,0.0199446073327718
CCNA_02445,quintero_wt-highK_vs_wt-lowK,0.0786497927041555,0.730332376776077
CCNA_02446,quintero_wt-highK_vs_wt-lowK,0.119266980911601,0.535579726536369
CCNA_02447,quintero_wt-highK_vs_wt-lowK,-0.313935378690676,0.0420107385526611
CCNA_02448,quintero_wt-highK_vs_wt-lowK,-0.228271777299247,0.188472925441922
CCNA_02449,quintero_wt-highK_vs_wt-lowK,-0.137993417864655,0.431700092279685
CCNA_02450,quintero_wt-highK_vs_wt-lowK,-0.63525564558916,2.52344056674015e-5
CCNA_02451,quintero_wt-highK_vs_wt-lowK,-0.554787954335738,2.8728933179319e-4
CCNA_02452,quintero_wt-highK_vs_wt-lowK,0.824935360449041,0.0010620802490855
CCNA_02453,quintero_wt-highK_vs_wt-lowK,0.298498309013172,0.165018138152765
CCNA_02454,quintero_wt-highK_vs_wt-lowK,0.0956396116762434,0.604193448752096
CCNA_02455,quintero_wt-highK_vs_wt-lowK,0.509764201706518,0.018587288514492
CCNA_02456,quintero_wt-highK_vs_wt-lowK,-1.06739138202901,9.53481446885032e-8
CCNA_02457,quintero_wt-highK_vs_wt-lowK,-0.747899039937126,6.40459591177097e-6
CCNA_02458,quintero_wt-highK_vs_wt-lowK,-0.241387260997339,0.162818123963886
CCNA_02459,quintero_wt-highK_vs_wt-lowK,-0.162750364687375,0.320846050264235
CCNA_02460,quintero_wt-highK_vs_wt-lowK,-0.521381748606592,0.00385264815277355
CCNA_02461,quintero_wt-highK_vs_wt-lowK,-0.35359319206775,0.052433312789107
CCNA_02462,quintero_wt-highK_vs_wt-lowK,-0.251629984158704,0.209454601527796
CCNA_02463,quintero_wt-highK_vs_wt-lowK,0.440267409987127,0.00737908413600346
CCNA_02464,quintero_wt-highK_vs_wt-lowK,0.156610481887813,0.354320955972477
CCNA_R0060,quintero_wt-highK_vs_wt-lowK,-0.471523203608717,0.464272051366312
CCNA_R0164,quintero_wt-highK_vs_wt-lowK,0.316516089268524,0.09245435691441
CCNA_02465,quintero_wt-highK_vs_wt-lowK,0.390124051112245,0.0238615178669325
CCNA_02466,quintero_wt-highK_vs_wt-lowK,0.441222304184421,0.0173049120477262
CCNA_02467,quintero_wt-highK_vs_wt-lowK,0.0335573027434659,0.859651752462433
CCNA_02468,quintero_wt-highK_vs_wt-lowK,0.0664672929084178,0.865513704380899
CCNA_02469,quintero_wt-highK_vs_wt-lowK,-0.125346146905145,0.663893104725185
CCNA_02470,quintero_wt-highK_vs_wt-lowK,-0.18138161141834,0.495184797215136
CCNA_03967,quintero_wt-highK_vs_wt-lowK,0,0
CCNA_02471,quintero_wt-highK_vs_wt-lowK,-1.26276973969703,5.55994924825179e-8
CCNA_02472,quintero_wt-highK_vs_wt-lowK,-1.11688661535756,1.69557418814677e-7
CCNA_02473,quintero_wt-highK_vs_wt-lowK,-0.294544308481646,0.178990513877131
CCNA_02474,quintero_wt-highK_vs_wt-lowK,-0.344715700565116,0.0474354628460858
CCNA_02475,quintero_wt-highK_vs_wt-lowK,-0.33908665754554,0.0548205284727013
CCNA_02476,quintero_wt-highK_vs_wt-lowK,0.299278626797156,0.186491694888012
CCNA_02477,quintero_wt-highK_vs_wt-lowK,0.16532582493524,0.61744395588723
CCNA_02478,quintero_wt-highK_vs_wt-lowK,-0.415120510567399,0.0743507874639536
CCNA_02479,quintero_wt-highK_vs_wt-lowK,-0.451938546357611,0.0143254717884256
CCNA_02480,quintero_wt-highK_vs_wt-lowK,-0.610067471113754,0.00128166266239131
CCNA_02481,quintero_wt-highK_vs_wt-lowK,-0.167543041328954,0.438454030330036
CCNA_02482,quintero_wt-highK_vs_wt-lowK,-0.91095995545164,1.59276535056578e-6
CCNA_02483,quintero_wt-highK_vs_wt-lowK,-0.422888886227789,0.0186714199064786
CCNA_02484,quintero_wt-highK_vs_wt-lowK,0.105151838571444,0.600091903355172
CCNA_02485,quintero_wt-highK_vs_wt-lowK,-0.326045958750916,0.0671218412713247
CCNA_02486,quintero_wt-highK_vs_wt-lowK,-0.0583101068472346,0.800873964507642
CCNA_02487,quintero_wt-highK_vs_wt-lowK,-1.89431456712051,2.02435433230672e-9
CCNA_02488,quintero_wt-highK_vs_wt-lowK,-1.89745815346387,0.00162021811554735
CCNA_02489,quintero_wt-highK_vs_wt-lowK,-2.84049945697105,8.01909602276731e-17
CCNA_02490,quintero_wt-highK_vs_wt-lowK,-2.82300891071834,3.23904233749571e-8
CCNA_02491,quintero_wt-highK_vs_wt-lowK,-3.03171835012234,1.64408176026387e-21
CCNA_02492,quintero_wt-highK_vs_wt-lowK,-2.68051021945329,8.02455735146639e-20
CCNA_02493,quintero_wt-highK_vs_wt-lowK,-2.72517192790162,2.49669331688642e-23
CCNA_02494,quintero_wt-highK_vs_wt-lowK,-2.12052710557664,7.81490858443771e-20
CCNA_02495,quintero_wt-highK_vs_wt-lowK,-1.45993784306625,2.29894257246217e-11
CCNA_02496,quintero_wt-highK_vs_wt-lowK,-0.655526301091822,5.5728924439263e-5
CCNA_02497,quintero_wt-highK_vs_wt-lowK,-0.752044077730517,1.83930495535212e-6
CCNA_02498,quintero_wt-highK_vs_wt-lowK,-0.454342105004641,0.00972860413343627
CCNA_02499,quintero_wt-highK_vs_wt-lowK,-0.645597646998708,8.32953615931385e-4
CCNA_02500,quintero_wt-highK_vs_wt-lowK,-0.297591227691242,0.168406881174353
CCNA_02501,quintero_wt-highK_vs_wt-lowK,-0.0807250644546248,0.668881845485967
CCNA_02502,quintero_wt-highK_vs_wt-lowK,-0.386615394091691,0.0267156764680961
CCNA_02503,quintero_wt-highK_vs_wt-lowK,-0.159796734911992,0.437350212227187
CCNA_02504,quintero_wt-highK_vs_wt-lowK,-0.018475332112706,0.935090796267851
CCNA_02505,quintero_wt-highK_vs_wt-lowK,0.217606854439139,0.286195099916276
CCNA_02506,quintero_wt-highK_vs_wt-lowK,0.196130903239125,0.449440126836412
CCNA_R0062,quintero_wt-highK_vs_wt-lowK,0.616730413904108,0.0522691500756163
CCNA_02507,quintero_wt-highK_vs_wt-lowK,-0.101427232903472,0.628909173273945
CCNA_02508,quintero_wt-highK_vs_wt-lowK,-0.0121336566456606,0.959927317589224
CCNA_02509,quintero_wt-highK_vs_wt-lowK,0.305772001887138,0.128037618437209
CCNA_02510,quintero_wt-highK_vs_wt-lowK,0.243098454000853,0.260709868537629
CCNA_02511,quintero_wt-highK_vs_wt-lowK,0.136709796383335,0.556742119326126
CCNA_02512,quintero_wt-highK_vs_wt-lowK,0.0323910913828481,0.881044739937891
CCNA_02513,quintero_wt-highK_vs_wt-lowK,-0.122659562414565,0.491913923990968
CCNA_02514,quintero_wt-highK_vs_wt-lowK,-0.329481474576677,0.041900655849482
CCNA_02515,quintero_wt-highK_vs_wt-lowK,-0.385265511802378,0.0321116354574897
CCNA_02516,quintero_wt-highK_vs_wt-lowK,-0.547302445774896,0.00944574437894895
CCNA_02517,quintero_wt-highK_vs_wt-lowK,-1.63050913472116,3.29086329960969e-12
CCNA_02518,quintero_wt-highK_vs_wt-lowK,0.568657817877754,0.00106359912268513
CCNA_02519,quintero_wt-highK_vs_wt-lowK,0.579813436169305,6.19024894764663e-4
CCNA_02520,quintero_wt-highK_vs_wt-lowK,0.611022283186917,5.72220639260017e-5
CCNA_02521,quintero_wt-highK_vs_wt-lowK,0.0188388112855269,0.93221880177956
CCNA_02522,quintero_wt-highK_vs_wt-lowK,0.127953441782391,0.593645148300341
CCNA_R0165,quintero_wt-highK_vs_wt-lowK,0.532773660190224,0.0183835275329308
CCNA_02523,quintero_wt-highK_vs_wt-lowK,0.196683984508142,0.247183062916356
CCNA_03899,quintero_wt-highK_vs_wt-lowK,-0.620211295070928,8.93938622482046e-4
CCNA_02525,quintero_wt-highK_vs_wt-lowK,0.674627287033807,5.9348986164349e-5
CCNA_03968,quintero_wt-highK_vs_wt-lowK,1.33266148336253,0.0384737207106096
CCNA_02526,quintero_wt-highK_vs_wt-lowK,0.556347587679533,0.0011693991038142
CCNA_02527,quintero_wt-highK_vs_wt-lowK,0.327800952257358,0.0884348837643725
CCNA_02528,quintero_wt-highK_vs_wt-lowK,-0.0784363290237657,0.66792432945122
CCNA_02529,quintero_wt-highK_vs_wt-lowK,-0.270572221440576,0.102296076308661
CCNA_02530,quintero_wt-highK_vs_wt-lowK,-0.484393051103344,0.0154801649606782
CCNA_02531,quintero_wt-highK_vs_wt-lowK,-0.774773285464475,4.80884603168886e-4
CCNA_02532,quintero_wt-highK_vs_wt-lowK,0.286975499876854,0.670250480287845
CCNA_02533,quintero_wt-highK_vs_wt-lowK,-0.155443963998278,0.538318939322274
CCNA_03969,quintero_wt-highK_vs_wt-lowK,0,0
CCNA_02534,quintero_wt-highK_vs_wt-lowK,0.40011218003846,0.051781341003958
CCNA_02535,quintero_wt-highK_vs_wt-lowK,0.502063050497989,0.00417329961372295
CCNA_03900,quintero_wt-highK_vs_wt-lowK,-0.203738947064798,0.293283318799737
CCNA_02537,quintero_wt-highK_vs_wt-lowK,0.126769724181185,0.454648344835489
CCNA_02538,quintero_wt-highK_vs_wt-lowK,-0.12582357391145,0.550710306623918
CCNA_02539,quintero_wt-highK_vs_wt-lowK,0.357995006082093,0.0280578792158921
CCNA_R0166,quintero_wt-highK_vs_wt-lowK,0.0741119213726426,0.821340636430062
CCNA_02540,quintero_wt-highK_vs_wt-lowK,0.407035668821559,0.0305425816610556
CCNA_02541,quintero_wt-highK_vs_wt-lowK,-0.734375183288617,0.00265644656496899
CCNA_02542,quintero_wt-highK_vs_wt-lowK,-1.26662279696205,1.0239488279164e-8
CCNA_02543,quintero_wt-highK_vs_wt-lowK,1.06429760832536,2.05557844771125e-9
CCNA_02544,quintero_wt-highK_vs_wt-lowK,-0.152669798824441,0.538945015956531
CCNA_02545,quintero_wt-highK_vs_wt-lowK,0.210484100220131,0.197638906733962
CCNA_02546,quintero_wt-highK_vs_wt-lowK,0.0191472087073751,0.919140994863382
CCNA_02547,quintero_wt-highK_vs_wt-lowK,0.220951983651048,0.19532146619326
CCNA_02548,quintero_wt-highK_vs_wt-lowK,-0.135338063439021,0.444326891534675
CCNA_02549,quintero_wt-highK_vs_wt-lowK,0.495782295954764,0.00159104834641397
CCNA_02550,quintero_wt-highK_vs_wt-lowK,0.440636704197725,0.0232794534933903
CCNA_02551,quintero_wt-highK_vs_wt-lowK,0.72990200428372,0.00142748515126412
CCNA_02552,quintero_wt-highK_vs_wt-lowK,-1.21447060224457,3.77433802669377e-7
CCNA_02553,quintero_wt-highK_vs_wt-lowK,-1.23523078172331,1.24553990834371e-7
CCNA_02554,quintero_wt-highK_vs_wt-lowK,-0.505512405577905,0.0224359041149254
CCNA_02555,quintero_wt-highK_vs_wt-lowK,0.120150550398179,0.507194976582053
CCNA_02556,quintero_wt-highK_vs_wt-lowK,-0.45937140703637,0.147869616917047
CCNA_R0167,quintero_wt-highK_vs_wt-lowK,0,0
CCNA_02557,quintero_wt-highK_vs_wt-lowK,-0.0877214172045648,0.657509493766288
CCNA_02558,quintero_wt-highK_vs_wt-lowK,-0.261830845108724,0.160706626168866
CCNA_02559,quintero_wt-highK_vs_wt-lowK,0.104401826009594,0.666347725462298
CCNA_02560,quintero_wt-highK_vs_wt-lowK,-0.279069653823068,0.143430676247428
CCNA_02561,quintero_wt-highK_vs_wt-lowK,-0.172708400633415,0.296846693696621
CCNA_02562,quintero_wt-highK_vs_wt-lowK,-0.0821695038399837,0.651503334014748
CCNA_02563,quintero_wt-highK_vs_wt-lowK,-1.05467423507547,5.26100997732687e-10
CCNA_02564,quintero_wt-highK_vs_wt-lowK,-1.07058700909399,3.65204603221163e-9
CCNA_02565,quintero_wt-highK_vs_wt-lowK,-0.100748418582631,0.620982794280207
CCNA_02566,quintero_wt-highK_vs_wt-lowK,0.148616667183089,0.417562296550398
CCNA_02567,quintero_wt-highK_vs_wt-lowK,0.145386327753192,0.402944589171022
CCNA_02568,quintero_wt-highK_vs_wt-lowK,0.464048223362048,0.00938566621815756
CCNA_02569,quintero_wt-highK_vs_wt-lowK,-0.191288146301646,0.317827039468528
CCNA_02570,quintero_wt-highK_vs_wt-lowK,-1.91115226110821,4.18789924199118e-19
CCNA_02571,quintero_wt-highK_vs_wt-lowK,-1.32772937853668,2.38695601032797e-10
CCNA_02572,quintero_wt-highK_vs_wt-lowK,1.0380358542713,1.3290555957965e-8
CCNA_02573,quintero_wt-highK_vs_wt-lowK,1.0126935428911,2.01632909391162e-9
CCNA_02574,quintero_wt-highK_vs_wt-lowK,1.15350456573955,4.79047377501612e-7
CCNA_02575,quintero_wt-highK_vs_wt-lowK,0.961508455285056,1.00330743209321e-9
CCNA_02576,quintero_wt-highK_vs_wt-lowK,0.534774890663691,8.1181256252942e-4
CCNA_02577,quintero_wt-highK_vs_wt-lowK,0.296263106053735,0.0787811493928403
CCNA_02578,quintero_wt-highK_vs_wt-lowK,0.411799533718082,0.0410879793481497
CCNA_02579,quintero_wt-highK_vs_wt-lowK,-0.778585303276903,1.81549838202944e-5
CCNA_02580,quintero_wt-highK_vs_wt-lowK,-0.449466224260984,0.119085827846809
CCNA_02581,quintero_wt-highK_vs_wt-lowK,-1.08437283504967,7.5224394086531e-7
CCNA_02582,quintero_wt-highK_vs_wt-lowK,-0.48419311345868,0.367463703206202
CCNA_02583,quintero_wt-highK_vs_wt-lowK,0.190138692978847,0.241949680690288
CCNA_03970,quintero_wt-highK_vs_wt-lowK,-3.48607954102255,2.02064816636449e-31
CCNA_03901,quintero_wt-highK_vs_wt-lowK,1.22712027961221,1.11375343022384e-9
CCNA_02586,quintero_wt-highK_vs_wt-lowK,0.710715809732561,4.06666427648782e-5
CCNA_02587,quintero_wt-highK_vs_wt-lowK,-0.344028472922126,0.0455370953895845
CCNA_02588,quintero_wt-highK_vs_wt-lowK,0.416987378895007,0.00758234803170806
CCNA_02589,quintero_wt-highK_vs_wt-lowK,-0.310642031254494,0.0996843794028601
CCNA_02590,quintero_wt-highK_vs_wt-lowK,-0.431276929533734,0.00547252073133836
CCNA_02591,quintero_wt-highK_vs_wt-lowK,0.368852891005476,0.0171080972887376
CCNA_02592,quintero_wt-highK_vs_wt-lowK,0.80899689818916,1.76256924793349e-6
CCNA_02593,quintero_wt-highK_vs_wt-lowK,-0.516846935330924,0.018076797496226
CCNA_02594,quintero_wt-highK_vs_wt-lowK,-0.217630592740813,0.398599962033972
CCNA_02595,quintero_wt-highK_vs_wt-lowK,-0.13202722396942,0.593645148300341
CCNA_02596,quintero_wt-highK_vs_wt-lowK,1.3903249159291,3.00611383830442e-13
CCNA_02597,quintero_wt-highK_vs_wt-lowK,-0.0519713448441479,0.824877968631696
CCNA_02598,quintero_wt-highK_vs_wt-lowK,0.0759318960254515,0.809633159300641
CCNA_R0168,quintero_wt-highK_vs_wt-lowK,0,0
CCNA_02599,quintero_wt-highK_vs_wt-lowK,0,0
CCNA_02600,quintero_wt-highK_vs_wt-lowK,-0.336413706095474,0.0339199558916162
CCNA_02601,quintero_wt-highK_vs_wt-lowK,-0.541612686862711,2.88460115551693e-4
CCNA_02602,quintero_wt-highK_vs_wt-lowK,-0.0918463998328337,0.708955434389134
CCNA_02603,quintero_wt-highK_vs_wt-lowK,-2.035963159305,1.31329902206923e-10
CCNA_02604,quintero_wt-highK_vs_wt-lowK,-2.6395747444054,1.07091896445577e-5
CCNA_02605,quintero_wt-highK_vs_wt-lowK,0.502412984475281,0.0108079554797874
CCNA_02606,quintero_wt-highK_vs_wt-lowK,-1.91643314545351,5.43552567887584e-20
CCNA_R0169,quintero_wt-highK_vs_wt-lowK,0,0
CCNA_02607,quintero_wt-highK_vs_wt-lowK,0.830475400945788,2.59578587124004e-5
CCNA_02608,quintero_wt-highK_vs_wt-lowK,-0.309466932989498,0.0727791199488938
CCNA_02609,quintero_wt-highK_vs_wt-lowK,-0.0321568758478467,0.921822074072236
CCNA_02610,quintero_wt-highK_vs_wt-lowK,-0.0608341368308912,0.808700205390237
CCNA_02611,quintero_wt-highK_vs_wt-lowK,0.361288392534224,0.0522270788663459
CCNA_02612,quintero_wt-highK_vs_wt-lowK,0.756822963684293,3.1371832120451e-5
CCNA_02613,quintero_wt-highK_vs_wt-lowK,-0.535696389456195,0.00764873210099295
CCNA_02614,quintero_wt-highK_vs_wt-lowK,-1.03551573526654,1.91339608311205e-9
CCNA_02615,quintero_wt-highK_vs_wt-lowK,-1.01638533915562,1.91565636568348e-5
CCNA_02616,quintero_wt-highK_vs_wt-lowK,-1.20393805158659,1.09375964083785e-5
CCNA_02617,quintero_wt-highK_vs_wt-lowK,-0.930497687575782,7.31535679481065e-4
CCNA_02618,quintero_wt-highK_vs_wt-lowK,-0.0720433173067977,0.787189617875407
CCNA_02619,quintero_wt-highK_vs_wt-lowK,-0.0699851905845964,0.689947031886206
CCNA_02620,quintero_wt-highK_vs_wt-lowK,-0.00208946060876084,0.993536155032775
CCNA_02621,quintero_wt-highK_vs_wt-lowK,0.541011459424159,0.00592019090505947
CCNA_02622,quintero_wt-highK_vs_wt-lowK,0.108238237985722,0.56522536580327
CCNA_02623,quintero_wt-highK_vs_wt-lowK,-0.742937665572993,2.0622392756387e-5
CCNA_03971,quintero_wt-highK_vs_wt-lowK,-0.570624151914216,0.0168600408653442
CCNA_02624,quintero_wt-highK_vs_wt-lowK,0.200862276062996,0.242391529356091
CCNA_02625,quintero_wt-highK_vs_wt-lowK,0.243527308821893,0.133877575632299
CCNA_02626,quintero_wt-highK_vs_wt-lowK,0.392304598060397,0.0148646104849856
CCNA_02627,quintero_wt-highK_vs_wt-lowK,0.36298862448097,0.041154676189461
CCNA_R0170,quintero_wt-highK_vs_wt-lowK,0.653265605061918,0.0962980085728895
CCNA_02628,quintero_wt-highK_vs_wt-lowK,0.704201436252434,2.29051579214721e-5
CCNA_02629,quintero_wt-highK_vs_wt-lowK,0.25870789323856,0.103694159668035
CCNA_02630,quintero_wt-highK_vs_wt-lowK,0.217071647722225,0.389331916872306
CCNA_02631,quintero_wt-highK_vs_wt-lowK,4.61740760715634e-5,0.999851976492846
CCNA_02632,quintero_wt-highK_vs_wt-lowK,-1.75164460634319,1.82070751482491e-13
CCNA_02633,quintero_wt-highK_vs_wt-lowK,-0.125930499768715,0.525170159181809
CCNA_02634,quintero_wt-highK_vs_wt-lowK,0.48340641181812,0.00570238975000624
CCNA_02635,quintero_wt-highK_vs_wt-lowK,-0.136306040011168,0.450665263966084
CCNA_02636,quintero_wt-highK_vs_wt-lowK,-0.245078932327379,0.178484161787146
CCNA_02637,quintero_wt-highK_vs_wt-lowK,-0.778352917368865,2.64105753865168e-4
CCNA_02638,quintero_wt-highK_vs_wt-lowK,-0.0977387731675886,0.61593912907941
CCNA_02639,quintero_wt-highK_vs_wt-lowK,0.170879665886242,0.323805071659446
CCNA_02640,quintero_wt-highK_vs_wt-lowK,0.127780524414944,0.505016513862198
CCNA_02641,quintero_wt-highK_vs_wt-lowK,0.0185653759667734,0.922836621061391
CCNA_02642,quintero_wt-highK_vs_wt-lowK,-0.116771110019616,0.526496042231022
CCNA_02643,quintero_wt-highK_vs_wt-lowK,-0.189096940096163,0.248229055208376
CCNA_02644,quintero_wt-highK_vs_wt-lowK,-0.282225263588787,0.143176002884131
CCNA_02645,quintero_wt-highK_vs_wt-lowK,-0.263617963599306,0.134335488330494
CCNA_02646,quintero_wt-highK_vs_wt-lowK,-0.402849012609937,0.0180621683519485
CCNA_R0171,quintero_wt-highK_vs_wt-lowK,0.390287104804967,0.213624462822127
CCNA_R0061,quintero_wt-highK_vs_wt-lowK,-0.284828198230744,0.138690195449287
CCNA_02647,quintero_wt-highK_vs_wt-lowK,-0.559200704939955,0.0101035192136
CCNA_02648,quintero_wt-highK_vs_wt-lowK,-0.39370337517406,0.224654782194623
CCNA_02649,quintero_wt-highK_vs_wt-lowK,0.419197881070374,0.0263769547941964
CCNA_02650,quintero_wt-highK_vs_wt-lowK,0.369291708866619,0.0491992564877012
CCNA_02651,quintero_wt-highK_vs_wt-lowK,-0.2037288481446,0.308285918380528
CCNA_02652,quintero_wt-highK_vs_wt-lowK,-1.36000269707354,1.94018984738828e-12
CCNA_02653,quintero_wt-highK_vs_wt-lowK,-1.1949277520224,6.12280776779431e-7
CCNA_02654,quintero_wt-highK_vs_wt-lowK,-0.620348952493335,0.0274299507190221
CCNA_02655,quintero_wt-highK_vs_wt-lowK,-0.871122200294203,2.14201587141646e-5
CCNA_02656,quintero_wt-highK_vs_wt-lowK,-0.568382766935227,0.00367665479796683
CCNA_02657,quintero_wt-highK_vs_wt-lowK,-0.630962029337172,5.16413099297147e-4
CCNA_02658,quintero_wt-highK_vs_wt-lowK,-0.721468125977655,2.12540548895126e-5
CCNA_02659,quintero_wt-highK_vs_wt-lowK,-1.71963609570111,2.2665845720887e-12
CCNA_02660,quintero_wt-highK_vs_wt-lowK,-1.76946795897664,1.07037858429627e-12
CCNA_02661,quintero_wt-highK_vs_wt-lowK,-0.279612703877806,0.085658627277837407
CCNA_02662,quintero_wt-highK_vs_wt-lowK,-0.232464296926332,0.155597696773632
CCNA_02663,quintero_wt-highK_vs_wt-lowK,0.210281711483694,0.221952658332266
CCNA_02664,quintero_wt-highK_vs_wt-lowK,-0.507439135045775,0.00125533684669444
CCNA_02665,quintero_wt-highK_vs_wt-lowK,0.0905166141175639,0.658237722831846
CCNA_02666,quintero_wt-highK_vs_wt-lowK,0.111015510307722,0.654795312474539
CCNA_02667,quintero_wt-highK_vs_wt-lowK,-0.00915277200655121,0.973406435701516
CCNA_02668,quintero_wt-highK_vs_wt-lowK,0.362005552924656,0.121571495981776
CCNA_02669,quintero_wt-highK_vs_wt-lowK,-0.292739202467259,0.307364479874755
CCNA_02670,quintero_wt-highK_vs_wt-lowK,6.690566550618e-4,0.997572694107938
CCNA_03972,quintero_wt-highK_vs_wt-lowK,0.317314400765863,0.424496514764569
CCNA_02671,quintero_wt-highK_vs_wt-lowK,0.0633601310487665,0.761211909535292
CCNA_02672,quintero_wt-highK_vs_wt-lowK,-0.86047683452543,3.09047368205435e-5
CCNA_02673,quintero_wt-highK_vs_wt-lowK,0.678106795565619,9.14194079083612e-5
CCNA_02674,quintero_wt-highK_vs_wt-lowK,-1.35244448760201,0.0368842473652391
CCNA_02675,quintero_wt-highK_vs_wt-lowK,-0.195632476466742,0.529167411149539
CCNA_02676,quintero_wt-highK_vs_wt-lowK,-0.323432730049255,0.0445914967140799
CCNA_02677,quintero_wt-highK_vs_wt-lowK,-0.861898373515011,4.35833989938872e-5
CCNA_02678,quintero_wt-highK_vs_wt-lowK,-0.234447024420655,0.172733696941261
CCNA_02679,quintero_wt-highK_vs_wt-lowK,-0.261662375019755,0.135222234491978
CCNA_02680,quintero_wt-highK_vs_wt-lowK,-0.947215847116263,9.03844432183745e-9
CCNA_02681,quintero_wt-highK_vs_wt-lowK,0.748012733165976,2.25662285298976e-5
CCNA_02682,quintero_wt-highK_vs_wt-lowK,0.548061090082433,0.00944574437894895
CCNA_02683,quintero_wt-highK_vs_wt-lowK,-0.644665609024887,0.0053053754642165
CCNA_02684,quintero_wt-highK_vs_wt-lowK,-1.82496083956289,2.08030291559773e-23
CCNA_02685,quintero_wt-highK_vs_wt-lowK,-1.4867374827126,6.80185717090369e-13
CCNA_02686,quintero_wt-highK_vs_wt-lowK,-1.43164775630109,1.54127146599026e-9
CCNA_02687,quintero_wt-highK_vs_wt-lowK,-1.04938036504332,4.51700890536189e-7
CCNA_02688,quintero_wt-highK_vs_wt-lowK,-0.769700626068843,1.43867195185457e-5
CCNA_02689,quintero_wt-highK_vs_wt-lowK,-0.682450560337983,0.0011253406633574
CCNA_02690,quintero_wt-highK_vs_wt-lowK,-0.818225417092726,4.75783018808099e-7
CCNA_02691,quintero_wt-highK_vs_wt-lowK,0.254474500996932,0.173868811230247
CCNA_R0208,quintero_wt-highK_vs_wt-lowK,0,0
CCNA_02692,quintero_wt-highK_vs_wt-lowK,-0.831086763209245,4.31088913735758e-7
CCNA_02693,quintero_wt-highK_vs_wt-lowK,1.43463119518817,1.2078282449446e-19
CCNA_02694,quintero_wt-highK_vs_wt-lowK,-0.24953965487149,0.33229765542063
CCNA_02695,quintero_wt-highK_vs_wt-lowK,-1.21529252472612,2.54755604609656e-5
CCNA_02696,quintero_wt-highK_vs_wt-lowK,-1.28238783008426,5.47223881937069e-9
CCNA_02697,quintero_wt-highK_vs_wt-lowK,-1.23162994041622,1.25572319475492e-7
CCNA_02698,quintero_wt-highK_vs_wt-lowK,-0.251733422053715,0.175250488133625
CCNA_02699,quintero_wt-highK_vs_wt-lowK,-0.56443410012267,9.64978870651952e-4
CCNA_02700,quintero_wt-highK_vs_wt-lowK,-1.16833684229902,1.30663577821834e-9
CCNA_02701,quintero_wt-highK_vs_wt-lowK,-1.37674583064991,1.21387782121764e-10
CCNA_02702,quintero_wt-highK_vs_wt-lowK,-1.43387164895499,9.73493738841569e-11
CCNA_02703,quintero_wt-highK_vs_wt-lowK,-1.76167986740663,2.60655259476534e-13
CCNA_02704,quintero_wt-highK_vs_wt-lowK,0.152394444636102,0.351134578628091
CCNA_02705,quintero_wt-highK_vs_wt-lowK,-0.0835947043182871,0.648659621584612
CCNA_R0064,quintero_wt-highK_vs_wt-lowK,0.87010757562233,8.63891039851453e-6
CCNA_R0065,quintero_wt-highK_vs_wt-lowK,1.35483000818446,4.72422771357832e-16
CCNA_R0066,quintero_wt-highK_vs_wt-lowK,-0.43573999720198,0.0625131062832077
CCNA_R0067,quintero_wt-highK_vs_wt-lowK,1.36139562088101,1.57541117011636e-5
CCNA_R0068,quintero_wt-highK_vs_wt-lowK,1.59155818999251,6.06049891379996e-12
CCNA_R0069,quintero_wt-highK_vs_wt-lowK,-0.12810543108267,0.710468257466231
CCNA_02708,quintero_wt-highK_vs_wt-lowK,-0.860323699006504,2.88318665424678e-8
CCNA_02709,quintero_wt-highK_vs_wt-lowK,-1.89947594378342,6.45785584097881e-16
CCNA_02710,quintero_wt-highK_vs_wt-lowK,0.0028996214475007,0.992468763096233
CCNA_02711,quintero_wt-highK_vs_wt-lowK,-0.0086820342647374,0.970657600407113
CCNA_02712,quintero_wt-highK_vs_wt-lowK,0.109673892637721,0.55878160050554
CCNA_02713,quintero_wt-highK_vs_wt-lowK,-0.0875675551434513,0.644509595778052
CCNA_02714,quintero_wt-highK_vs_wt-lowK,0.870655904980132,6.32225730400236e-6
CCNA_02715,quintero_wt-highK_vs_wt-lowK,-2.19420374219183,5.10928879959302e-21
CCNA_02716,quintero_wt-highK_vs_wt-lowK,-0.551262877906727,7.49734663464985e-4
CCNA_02717,quintero_wt-highK_vs_wt-lowK,-0.181263809299169,0.341981070252422
CCNA_02718,quintero_wt-highK_vs_wt-lowK,-0.233198287471687,0.206800353841615
CCNA_02719,quintero_wt-highK_vs_wt-lowK,0.163049223292584,0.406738455161477
CCNA_02720,quintero_wt-highK_vs_wt-lowK,0.197689432887657,0.28134039386999
CCNA_02721,quintero_wt-highK_vs_wt-lowK,0.441185651933772,0.010974749232728
CCNA_02722,quintero_wt-highK_vs_wt-lowK,-0.0472779807664006,0.79433789749975
CCNA_02723,quintero_wt-highK_vs_wt-lowK,0.201304623302571,0.467626652652809
CCNA_02724,quintero_wt-highK_vs_wt-lowK,-0.455746792168804,0.0127308349096654
CCNA_02725,quintero_wt-highK_vs_wt-lowK,-1.00862022885699,7.98697333223203e-10
CCNA_R0063,quintero_wt-highK_vs_wt-lowK,-0.170100594403179,0.659981057257207
CCNA_02726,quintero_wt-highK_vs_wt-lowK,-0.668281568034975,2.76250063234666e-4
CCNA_03973,quintero_wt-highK_vs_wt-lowK,-3.04804115932023,3.56306995519904e-27
CCNA_02727,quintero_wt-highK_vs_wt-lowK,-4.13613631248564,6.20599999957515e-55
CCNA_02728,quintero_wt-highK_vs_wt-lowK,-1.7447222846604,6.40603568519717e-21
CCNA_02729,quintero_wt-highK_vs_wt-lowK,-0.120285160888603,0.503676322248739
CCNA_02730,quintero_wt-highK_vs_wt-lowK,0.324874579947635,0.126601913321493
CCNA_02731,quintero_wt-highK_vs_wt-lowK,0.127362488488847,0.509830762949016
CCNA_02732,quintero_wt-highK_vs_wt-lowK,0.633496335679256,4.4683007552464e-4
CCNA_02733,quintero_wt-highK_vs_wt-lowK,0.0687878907924121,0.721752689505355
CCNA_02734,quintero_wt-highK_vs_wt-lowK,-0.323721996349233,0.10123139134944
CCNA_02735,quintero_wt-highK_vs_wt-lowK,0.0279083166657096,0.917806224961617
CCNA_02736,quintero_wt-highK_vs_wt-lowK,0.539083368508164,0.00668873195450729
CCNA_02737,quintero_wt-highK_vs_wt-lowK,0.825954621127076,4.85296396003014e-6
CCNA_02738,quintero_wt-highK_vs_wt-lowK,-0.126426510229696,0.511580452350012
CCNA_03974,quintero_wt-highK_vs_wt-lowK,-0.406661647636378,0.0238649256968863
CCNA_02739,quintero_wt-highK_vs_wt-lowK,-0.365192260783725,0.257865292508548
CCNA_02740,quintero_wt-highK_vs_wt-lowK,0.910893223668527,0.0899384576299073
CCNA_02741,quintero_wt-highK_vs_wt-lowK,-0.292079326882677,0.0683850045446724
CCNA_02742,quintero_wt-highK_vs_wt-lowK,0.876012117152393,6.457656894635e-5
CCNA_03975,quintero_wt-highK_vs_wt-lowK,0.361534257598299,0.29495095459959
CCNA_02743,quintero_wt-highK_vs_wt-lowK,0.700093570296157,0.00270695521141862
CCNA_02744,quintero_wt-highK_vs_wt-lowK,0.290743908681338,0.264576536557238
CCNA_02745,quintero_wt-highK_vs_wt-lowK,-0.107996347086385,0.637928610059017
CCNA_02746,quintero_wt-highK_vs_wt-lowK,0.251044963355226,0.182027046269995
CCNA_02747,quintero_wt-highK_vs_wt-lowK,0.622055699314667,0.00178637313630581
CCNA_02748,quintero_wt-highK_vs_wt-lowK,0.245370222202728,0.386416960796023
CCNA_02749,quintero_wt-highK_vs_wt-lowK,0.833245251229179,9.70990138106406e-6
CCNA_02750,quintero_wt-highK_vs_wt-lowK,0.596884393189015,0.0116438608378458
CCNA_02751,quintero_wt-highK_vs_wt-lowK,0.804260044783974,7.37868796864969e-6
CCNA_02752,quintero_wt-highK_vs_wt-lowK,-0.937259017186519,5.59497628257666e-8
CCNA_02753,quintero_wt-highK_vs_wt-lowK,-0.436998582797768,0.00586810646272468
CCNA_02754,quintero_wt-highK_vs_wt-lowK,-0.561331172658181,4.71615601347013e-4
CCNA_R0071,quintero_wt-highK_vs_wt-lowK,0.766756782850846,9.47710218287108e-4
CCNA_02755,quintero_wt-highK_vs_wt-lowK,-0.28933871298518,0.184104571378418
CCNA_02756,quintero_wt-highK_vs_wt-lowK,-0.302609730039005,0.139620527823446
CCNA_02757,quintero_wt-highK_vs_wt-lowK,0.504816340489906,0.00980601611075222
CCNA_02758,quintero_wt-highK_vs_wt-lowK,-0.45863031309864,0.0560954575566637
CCNA_02759,quintero_wt-highK_vs_wt-lowK,-0.0529742151691533,0.778127820863134
CCNA_02760,quintero_wt-highK_vs_wt-lowK,-0.49535416873307,0.00331998210931128
CCNA_03976,quintero_wt-highK_vs_wt-lowK,-0.430108018730445,0.0427335667371417
CCNA_02761,quintero_wt-highK_vs_wt-lowK,-0.292353535359162,0.135460571389115
CCNA_02762,quintero_wt-highK_vs_wt-lowK,-1.37563280715883,3.32057392754434e-10
CCNA_02763,quintero_wt-highK_vs_wt-lowK,-0.307746323163875,0.0636584699389052
CCNA_02764,quintero_wt-highK_vs_wt-lowK,0.586191607919451,0.00616343206113283
CCNA_02765,quintero_wt-highK_vs_wt-lowK,-0.456023969688077,0.059784781019276
CCNA_02766,quintero_wt-highK_vs_wt-lowK,-0.668053355805757,0.0411176853964505
CCNA_02767,quintero_wt-highK_vs_wt-lowK,-0.299411271331052,0.160620646225096
CCNA_02768,quintero_wt-highK_vs_wt-lowK,-0.327903350338641,0.120977832328331
CCNA_02769,quintero_wt-highK_vs_wt-lowK,-0.415932095807583,0.062187885442753
CCNA_02770,quintero_wt-highK_vs_wt-lowK,-0.239840540074678,0.295107346089463
CCNA_02771,quintero_wt-highK_vs_wt-lowK,-0.099804564917196,0.881044739937891
CCNA_02772,quintero_wt-highK_vs_wt-lowK,-0.395335712917108,0.506340494511368
CCNA_02773,quintero_wt-highK_vs_wt-lowK,-0.49471802551078,0.0487436733656559
CCNA_02774,quintero_wt-highK_vs_wt-lowK,-0.885279002501319,1.33789763968641e-5
CCNA_02775,quintero_wt-highK_vs_wt-lowK,0.309192925987675,0.144783468031264
CCNA_02776,quintero_wt-highK_vs_wt-lowK,-0.993187362097093,1.20541639659586e-7
CCNA_02777,quintero_wt-highK_vs_wt-lowK,-0.358339080678865,0.225807816472597
CCNA_02778,quintero_wt-highK_vs_wt-lowK,0.576276895549499,0.050634863294784
CCNA_02779,quintero_wt-highK_vs_wt-lowK,-0.878455953460199,4.67567300804717e-7
CCNA_02780,quintero_wt-highK_vs_wt-lowK,-0.527451341075525,0.00423058362638249
CCNA_02781,quintero_wt-highK_vs_wt-lowK,-0.402071482869262,0.0283512729133899
CCNA_02782,quintero_wt-highK_vs_wt-lowK,0.279655747995266,0.164004533750547
CCNA_R0172,quintero_wt-highK_vs_wt-lowK,0.177173749432214,0.494286879189815
CCNA_02783,quintero_wt-highK_vs_wt-lowK,-0.422768896858828,0.0142811649061108
CCNA_02784,quintero_wt-highK_vs_wt-lowK,-0.24972240007324,0.263731540616738
CCNA_02785,quintero_wt-highK_vs_wt-lowK,-0.16920333186528,0.376789381557147
CCNA_02786,quintero_wt-highK_vs_wt-lowK,-0.233280317175682,0.224586693848272
CCNA_02787,quintero_wt-highK_vs_wt-lowK,-0.22103483912301,0.270791439218643
CCNA_02788,quintero_wt-highK_vs_wt-lowK,-0.076669320365978,0.807417531518742
CCNA_02789,quintero_wt-highK_vs_wt-lowK,0.128630825499409,0.733475357774564
CCNA_02790,quintero_wt-highK_vs_wt-lowK,-1.00570055659546,4.4199369664527e-6
CCNA_02791,quintero_wt-highK_vs_wt-lowK,-1.13242454920369,1.61674829665529e-9
CCNA_02792,quintero_wt-highK_vs_wt-lowK,-0.986547946388905,3.8621406746584e-9
CCNA_02793,quintero_wt-highK_vs_wt-lowK,-0.135742248132795,0.494286879189815
CCNA_02794,quintero_wt-highK_vs_wt-lowK,-0.453374449172022,0.0532769162864129
CCNA_02795,quintero_wt-highK_vs_wt-lowK,-0.651737230094825,0.0506910536672209
CCNA_02796,quintero_wt-highK_vs_wt-lowK,-1.63381111206885,1.97716330073092e-7
CCNA_02797,quintero_wt-highK_vs_wt-lowK,-1.49080253104323,2.15969654780047e-7
CCNA_02798,quintero_wt-highK_vs_wt-lowK,-0.535961031100132,0.141539874859578
CCNA_02800,quintero_wt-highK_vs_wt-lowK,-0.939400142783405,5.50139320053673e-5
CCNA_02801,quintero_wt-highK_vs_wt-lowK,-0.744390800516683,0.0170895492908522
CCNA_02802,quintero_wt-highK_vs_wt-lowK,0.055684915859489,0.819985401437501
CCNA_03977,quintero_wt-highK_vs_wt-lowK,-0.347659310326661,0.200037007587909
CCNA_02804,quintero_wt-highK_vs_wt-lowK,-0.475256402711724,0.229878802766641
CCNA_02805,quintero_wt-highK_vs_wt-lowK,-1.20078427352265,1.55767240079274e-16
CCNA_02806,quintero_wt-highK_vs_wt-lowK,-1.05435034375518,8.93081489195156e-6
CCNA_02807,quintero_wt-highK_vs_wt-lowK,-0.780515109291321,0.00197497633890105
CCNA_02808,quintero_wt-highK_vs_wt-lowK,-0.647464084065435,0.151091518581665
CCNA_02809,quintero_wt-highK_vs_wt-lowK,-0.144661548264513,0.473600865906678
CCNA_02810,quintero_wt-highK_vs_wt-lowK,0.406377758198886,0.53279664381451
CCNA_R0173,quintero_wt-highK_vs_wt-lowK,0,0
CCNA_02811,quintero_wt-highK_vs_wt-lowK,-0.0774083535563539,0.710596067054346
CCNA_02812,quintero_wt-highK_vs_wt-lowK,0.0881146563977863,0.802429056860123
CCNA_02813,quintero_wt-highK_vs_wt-lowK,-1.06978872534172,0.0125957108726084
CCNA_02814,quintero_wt-highK_vs_wt-lowK,-0.569455550362341,0.0200452499750876
CCNA_02815,quintero_wt-highK_vs_wt-lowK,-1.0398566955518,1.54127146599026e-9
CCNA_02816,quintero_wt-highK_vs_wt-lowK,-1.10207431460472,1.33931132409353e-10
CCNA_02817,quintero_wt-highK_vs_wt-lowK,-0.0397164318379555,0.847920422816472
CCNA_02818,quintero_wt-highK_vs_wt-lowK,-0.407120271532396,0.084102779604975
CCNA_02819,quintero_wt-highK_vs_wt-lowK,-0.244156881284443,0.277350773635229
CCNA_02820,quintero_wt-highK_vs_wt-lowK,-0.525654052687443,0.00250257682110249
CCNA_R0174,quintero_wt-highK_vs_wt-lowK,-0.0592737224909352,0.892814531408749
CCNA_02821,quintero_wt-highK_vs_wt-lowK,-0.222493074973688,0.195852992917048
CCNA_02822,quintero_wt-highK_vs_wt-lowK,-0.281582958787441,0.104511384003471
CCNA_03978,quintero_wt-highK_vs_wt-lowK,0,0
CCNA_03979,quintero_wt-highK_vs_wt-lowK,-0.323618699793773,0.638431751012921
CCNA_02823,quintero_wt-highK_vs_wt-lowK,-0.00476008253509798,0.989087987494648
CCNA_02824,quintero_wt-highK_vs_wt-lowK,0.0367617620197386,0.908598089505136
CCNA_02825,quintero_wt-highK_vs_wt-lowK,-0.302263297456912,0.190815944919044
CCNA_R0070,quintero_wt-highK_vs_wt-lowK,0.00452811820388551,0.993536155032775
CCNA_02826,quintero_wt-highK_vs_wt-lowK,-0.854672475631639,2.46651374150402e-7
CCNA_02827,quintero_wt-highK_vs_wt-lowK,-0.732482582968953,0.00151437519796691
CCNA_02828,quintero_wt-highK_vs_wt-lowK,-0.489920159136143,0.322081557143134
CCNA_02829,quintero_wt-highK_vs_wt-lowK,0.129454609902622,0.595286120403871
CCNA_03980,quintero_wt-highK_vs_wt-lowK,0.464291669564641,0.171691256059172
CCNA_02830,quintero_wt-highK_vs_wt-lowK,0.208196620510488,0.368610715877095
CCNA_02831,quintero_wt-highK_vs_wt-lowK,-0.567457744233971,4.53519252631909e-4
CCNA_02832,quintero_wt-highK_vs_wt-lowK,-0.725695870421572,3.27513655029653e-6
CCNA_02833,quintero_wt-highK_vs_wt-lowK,-0.123208348623594,0.526989677341951
CCNA_02834,quintero_wt-highK_vs_wt-lowK,-0.83348913545667,3.27366175769309e-7
CCNA_02835,quintero_wt-highK_vs_wt-lowK,-0.28885107415703,0.129814110419919
CCNA_02836,quintero_wt-highK_vs_wt-lowK,-0.578141886478512,0.00346191132003704
CCNA_02837,quintero_wt-highK_vs_wt-lowK,-0.316453326503529,0.0978327275544489
CCNA_02838,quintero_wt-highK_vs_wt-lowK,-0.520625911958082,0.00120900810314109
CCNA_02839,quintero_wt-highK_vs_wt-lowK,-0.73892979498270694,9.48854721890662e-6
CCNA_02840,quintero_wt-highK_vs_wt-lowK,-1.31483486540725,6.6582149749165e-12
CCNA_02841,quintero_wt-highK_vs_wt-lowK,-0.586658433259105,0.124473314719839
CCNA_02842,quintero_wt-highK_vs_wt-lowK,0.155245802966495,0.411369069877642
CCNA_02843,quintero_wt-highK_vs_wt-lowK,0.387596830766989,0.0356660406602407
CCNA_02844,quintero_wt-highK_vs_wt-lowK,0.164331712129514,0.381683700858757
CCNA_02845,quintero_wt-highK_vs_wt-lowK,0.0454434689620909,0.801868911241667
CCNA_02846,quintero_wt-highK_vs_wt-lowK,-0.172282226942243,0.322081557143134
CCNA_02847,quintero_wt-highK_vs_wt-lowK,0.445947051203235,0.0146693517475083
CCNA_02848,quintero_wt-highK_vs_wt-lowK,0.547917384397579,0.002360059477966
CCNA_02849,quintero_wt-highK_vs_wt-lowK,0.259273414421453,0.257442521139449
CCNA_02850,quintero_wt-highK_vs_wt-lowK,0.446158014645553,0.00766425121861426
CCNA_02851,quintero_wt-highK_vs_wt-lowK,0.238892577958456,0.220792930944587
CCNA_02852,quintero_wt-highK_vs_wt-lowK,0.0369025344296738,0.846005331905091
CCNA_02853,quintero_wt-highK_vs_wt-lowK,0.0832893891857014,0.654795312474539
CCNA_02854,quintero_wt-highK_vs_wt-lowK,-0.175128152916876,0.328258368590583
CCNA_02855,quintero_wt-highK_vs_wt-lowK,-0.191458939769275,0.375451423690764
CCNA_02856,quintero_wt-highK_vs_wt-lowK,-0.127568648049566,0.592975295020402
CCNA_02858,quintero_wt-highK_vs_wt-lowK,0.021156830813846,0.926529288032986
CCNA_02859,quintero_wt-highK_vs_wt-lowK,0.869696052785255,3.88346362999727e-6
CCNA_02860,quintero_wt-highK_vs_wt-lowK,0.572821347154427,4.58901356895228e-4
CCNA_02861,quintero_wt-highK_vs_wt-lowK,-1.52708568642847,5.34349669203767e-15
CCNA_02862,quintero_wt-highK_vs_wt-lowK,-1.9434081529647,3.22640181376748e-12
CCNA_02863,quintero_wt-highK_vs_wt-lowK,-1.42938263626491,4.79763976835668e-5
CCNA_02864,quintero_wt-highK_vs_wt-lowK,-1.38617827306181,4.94787729615732e-7
CCNA_02865,quintero_wt-highK_vs_wt-lowK,-1.66885283042238,6.51593563083562e-9
CCNA_02866,quintero_wt-highK_vs_wt-lowK,-1.40405538295601,2.48245849924878e-7
CCNA_02867,quintero_wt-highK_vs_wt-lowK,-1.39480860106219,4.38483147083895e-7
CCNA_02868,quintero_wt-highK_vs_wt-lowK,-2.0597596747442,1.9262265538775e-6
CCNA_02869,quintero_wt-highK_vs_wt-lowK,-2.34054213088364,1.06775856207601e-12
CCNA_02870,quintero_wt-highK_vs_wt-lowK,-1.88519914886752,5.27582885666686e-14
CCNA_02871,quintero_wt-highK_vs_wt-lowK,-2.38810748003743,8.4555590056449e-15
CCNA_03882,quintero_wt-highK_vs_wt-lowK,-2.21600107518417,3.52084222510133e-16
CCNA_02872,quintero_wt-highK_vs_wt-lowK,-2.3952160086338,1.1720823055689e-35
CCNA_02873,quintero_wt-highK_vs_wt-lowK,-0.708196310772718,0.00255227722302426
CCNA_02874,quintero_wt-highK_vs_wt-lowK,-0.771425232485477,0.012882371643611
CCNA_02875,quintero_wt-highK_vs_wt-lowK,-1.48363258671001,1.54661139806442e-5
CCNA_02877,quintero_wt-highK_vs_wt-lowK,-1.7073399831373,3.38851339872694e-13
CCNA_02876,quintero_wt-highK_vs_wt-lowK,-0.827193627715118,0.00178637313630581
CCNA_02878,quintero_wt-highK_vs_wt-lowK,-0.818173765741931,0.151186935293833
CCNA_02879,quintero_wt-highK_vs_wt-lowK,-0.609829500939296,0.327866260724681
CCNA_02880,quintero_wt-highK_vs_wt-lowK,-2.06058786397246,2.83074005241053e-22
CCNA_02881,quintero_wt-highK_vs_wt-lowK,-0.345564915211098,0.112937384260491
CCNA_02882,quintero_wt-highK_vs_wt-lowK,0.0898784301646467,0.824326426501065
CCNA_02883,quintero_wt-highK_vs_wt-lowK,0.00318912147401276,0.992468763096233
CCNA_02884,quintero_wt-highK_vs_wt-lowK,-0.994046851581051,1.66336347263442e-6
CCNA_02885,quintero_wt-highK_vs_wt-lowK,-1.72470433068615,2.51363096321816e-12
CCNA_02886,quintero_wt-highK_vs_wt-lowK,-1.14417069434633,7.73929492838316e-10
CCNA_02887,quintero_wt-highK_vs_wt-lowK,-0.919430298736834,3.05442847153017e-8
CCNA_02888,quintero_wt-highK_vs_wt-lowK,-0.651697553777599,2.75114606805885e-5
CCNA_02889,quintero_wt-highK_vs_wt-lowK,-0.0292717144530679,0.876744309536167
CCNA_02891,quintero_wt-highK_vs_wt-lowK,-0.474277125756614,0.00734156851040909
CCNA_02892,quintero_wt-highK_vs_wt-lowK,0.577495045184187,0.198850333543993
CCNA_02893,quintero_wt-highK_vs_wt-lowK,-0.441627999002595,0.0368237313146459
CCNA_02894,quintero_wt-highK_vs_wt-lowK,-0.430384810535974,0.0752356913376108
CCNA_02895,quintero_wt-highK_vs_wt-lowK,-1.61665825205684,2.73963996023391e-22
CCNA_02896,quintero_wt-highK_vs_wt-lowK,-0.543005031587272,0.00171901987685731
CCNA_02897,quintero_wt-highK_vs_wt-lowK,-0.434849191333936,0.0212394684172254
CCNA_02898,quintero_wt-highK_vs_wt-lowK,-0.30521214383587,0.0975306180947669
CCNA_02899,quintero_wt-highK_vs_wt-lowK,0.0536549314474904,0.807176065503145
CCNA_02900,quintero_wt-highK_vs_wt-lowK,-0.0183138790069061,0.928064804756604
CCNA_02901,quintero_wt-highK_vs_wt-lowK,0.301285413826349,0.169916663633475
CCNA_02902,quintero_wt-highK_vs_wt-lowK,-0.467408511568034,0.0102364669492846
CCNA_02903,quintero_wt-highK_vs_wt-lowK,-0.417937257102383,0.0941352957320845
CCNA_02904,quintero_wt-highK_vs_wt-lowK,-0.0983820278880034,0.647725501105489
CCNA_02905,quintero_wt-highK_vs_wt-lowK,-0.0915379654957013,0.769828184064842
CCNA_02906,quintero_wt-highK_vs_wt-lowK,0.116959731390105,0.531524653685611
CCNA_R0072,quintero_wt-highK_vs_wt-lowK,0.605918961929361,0.375097229048047
CCNA_02907,quintero_wt-highK_vs_wt-lowK,0.621787290279062,0.221602885635686
CCNA_02908,quintero_wt-highK_vs_wt-lowK,0.102075425600342,0.619750175294507
CCNA_02909,quintero_wt-highK_vs_wt-lowK,-0.0880550161886777,0.670014057939698
CCNA_02910,quintero_wt-highK_vs_wt-lowK,0.272480168577435,0.286631831574946
CCNA_02912,quintero_wt-highK_vs_wt-lowK,-0.225134383640703,0.177448172564542
CCNA_02913,quintero_wt-highK_vs_wt-lowK,-0.318334704266565,0.0601307100966072
CCNA_02914,quintero_wt-highK_vs_wt-lowK,-0.0725730661116076,0.689165712510752
CCNA_02915,quintero_wt-highK_vs_wt-lowK,0.0108478141701453,0.959063812380908
CCNA_02916,quintero_wt-highK_vs_wt-lowK,0.100411106379603,0.652079940160803
CCNA_02917,quintero_wt-highK_vs_wt-lowK,0.162205579202813,0.543806601429381
CCNA_02918,quintero_wt-highK_vs_wt-lowK,0.464232181195462,0.0325137597055777
CCNA_02919,quintero_wt-highK_vs_wt-lowK,0.763610067333647,8.58740254738662e-4
CCNA_02920,quintero_wt-highK_vs_wt-lowK,0.551655959852248,0.00969403976367392
CCNA_02921,quintero_wt-highK_vs_wt-lowK,-0.0623346511889891,0.776570640312105
CCNA_02922,quintero_wt-highK_vs_wt-lowK,-0.416096165013141,0.0848207447475493
CCNA_R0175,quintero_wt-highK_vs_wt-lowK,-0.213931791447593,0.776215801291864
CCNA_02923,quintero_wt-highK_vs_wt-lowK,-0.613287740060025,4.83505874428094e-4
CCNA_02924,quintero_wt-highK_vs_wt-lowK,-1.02089042579553,1.6988252087594e-4
CCNA_02925,quintero_wt-highK_vs_wt-lowK,0.598738377704857,1.86082130396514e-4
CCNA_02926,quintero_wt-highK_vs_wt-lowK,-1.39432319786364,3.71220307783034e-9
CCNA_02927,quintero_wt-highK_vs_wt-lowK,-1.01770110261021,5.506672669044e-6
CCNA_02929,quintero_wt-highK_vs_wt-lowK,-0.840824179016345,1.8627055439552e-4
CCNA_02930,quintero_wt-highK_vs_wt-lowK,-0.179068871563831,0.439253454446446
CCNA_R0176,quintero_wt-highK_vs_wt-lowK,-1.18139620824987,1.33078976974191e-4
CCNA_02931,quintero_wt-highK_vs_wt-lowK,-1.08071239706429,1.68243437541682e-5
CCNA_02933,quintero_wt-highK_vs_wt-lowK,0.689312284492499,8.69310456845823e-4
CCNA_02934,quintero_wt-highK_vs_wt-lowK,0.289455561161524,0.166815461730572
CCNA_02935,quintero_wt-highK_vs_wt-lowK,0.692442184635781,1.92695396194554e-4
CCNA_02936,quintero_wt-highK_vs_wt-lowK,-1.02237772966209,2.89084286412785e-10
CCNA_02937,quintero_wt-highK_vs_wt-lowK,-0.579278108559967,5.63111179803211e-4
CCNA_02938,quintero_wt-highK_vs_wt-lowK,-0.479200718370367,0.00272622888759764
CCNA_02939,quintero_wt-highK_vs_wt-lowK,-0.788733360627499,1.1379345250196e-4
CCNA_02940,quintero_wt-highK_vs_wt-lowK,-0.985781350165548,2.16392157460408e-9
CCNA_02941,quintero_wt-highK_vs_wt-lowK,0.493617205265288,0.00245681057833574
CCNA_02942,quintero_wt-highK_vs_wt-lowK,1.00036462080985,3.24125023974158e-9
CCNA_03981,quintero_wt-highK_vs_wt-lowK,-0.24074608911627501,0.230842695494593
CCNA_03982,quintero_wt-highK_vs_wt-lowK,-0.659213215204957,0.00167010428925359
CCNA_02944,quintero_wt-highK_vs_wt-lowK,0.0523517556025674,0.77689209367868
CCNA_02945,quintero_wt-highK_vs_wt-lowK,-0.53368244963211,0.00247000274659598
CCNA_02946,quintero_wt-highK_vs_wt-lowK,-0.653972343868817,2.28526322038171e-4
CCNA_02947,quintero_wt-highK_vs_wt-lowK,-0.395506745679858,0.0633238007961329
CCNA_02948,quintero_wt-highK_vs_wt-lowK,0.0651944655471775,0.813974342414368
CCNA_02949,quintero_wt-highK_vs_wt-lowK,-0.482932596103431,0.00685662135219966
CCNA_02950,quintero_wt-highK_vs_wt-lowK,-0.193544475840382,0.292132750176767
CCNA_02951,quintero_wt-highK_vs_wt-lowK,-0.103300607092213,0.656373823079315
CCNA_R0177,quintero_wt-highK_vs_wt-lowK,-0.353065297205259,0.415105667118928
CCNA_02952,quintero_wt-highK_vs_wt-lowK,-0.498177970982844,0.424658493273528
CCNA_02953,quintero_wt-highK_vs_wt-lowK,-0.199928518864498,0.450147833348646
CCNA_02954,quintero_wt-highK_vs_wt-lowK,-0.996905221590279,1.54010204179866e-5
CCNA_02955,quintero_wt-highK_vs_wt-lowK,-0.546557662495368,0.0153608889252771
CCNA_02956,quintero_wt-highK_vs_wt-lowK,-0.946940890649857,5.76364151249885e-5
CCNA_02957,quintero_wt-highK_vs_wt-lowK,-0.552674539142338,0.0246303353582672
CCNA_02959,quintero_wt-highK_vs_wt-lowK,-0.158187536241991,0.519581358558929
CCNA_02960,quintero_wt-highK_vs_wt-lowK,0.0066689416679136,0.982032263528384
CCNA_02961,quintero_wt-highK_vs_wt-lowK,-0.395861961744754,0.0238361271196023
CCNA_03983,quintero_wt-highK_vs_wt-lowK,-0.0738565199414155,0.749417257132154
CCNA_02962,quintero_wt-highK_vs_wt-lowK,-0.268182629296681,0.218617555869674
CCNA_02963,quintero_wt-highK_vs_wt-lowK,-0.0908519512316379,0.684386542008711
CCNA_03984,quintero_wt-highK_vs_wt-lowK,-0.365913877640434,0.111476546027407
CCNA_02964,quintero_wt-highK_vs_wt-lowK,0.453345614234116,0.00375243568712427
CCNA_02965,quintero_wt-highK_vs_wt-lowK,0.443288593872742,0.0217662022416192
CCNA_02966,quintero_wt-highK_vs_wt-lowK,-0.257771304613806,0.104182434839833
CCNA_02967,quintero_wt-highK_vs_wt-lowK,-1.36955902858005,1.91843108551495e-12
CCNA_03902,quintero_wt-highK_vs_wt-lowK,-0.0281837305577026,0.915351825727089
CCNA_03883,quintero_wt-highK_vs_wt-lowK,0.23378478953291,0.288536189295938
CCNA_02969,quintero_wt-highK_vs_wt-lowK,-0.21439642655436,0.405123873361099
CCNA_02970,quintero_wt-highK_vs_wt-lowK,0.3156486360532,0.160069619710089
CCNA_02971,quintero_wt-highK_vs_wt-lowK,0.426424367735339,0.0432908982531553
CCNA_02972,quintero_wt-highK_vs_wt-lowK,0.705542834782263,1.5675736615908e-5
CCNA_02973,quintero_wt-highK_vs_wt-lowK,-0.745336746818404,0.00401500085659764
CCNA_02974,quintero_wt-highK_vs_wt-lowK,-0.15048761077028,0.494500579608861
CCNA_02975,quintero_wt-highK_vs_wt-lowK,0.181712493206867,0.270400283816782
CCNA_02976,quintero_wt-highK_vs_wt-lowK,-0.234753009623675,0.152127062971155
CCNA_02977,quintero_wt-highK_vs_wt-lowK,-1.57787042233381,1.84457264956903e-10
CCNA_02978,quintero_wt-highK_vs_wt-lowK,-1.27717517902155,2.50231425448952e-9
CCNA_02979,quintero_wt-highK_vs_wt-lowK,-0.39373189686691,0.0339199558916162
CCNA_02980,quintero_wt-highK_vs_wt-lowK,-0.869551726831376,6.21340758065366e-5
CCNA_02981,quintero_wt-highK_vs_wt-lowK,-0.179571109326,0.411209377461054
CCNA_02982,quintero_wt-highK_vs_wt-lowK,0.368337254138958,0.0436114396427962
CCNA_02983,quintero_wt-highK_vs_wt-lowK,-0.124232655968545,0.489251396221287
CCNA_02984,quintero_wt-highK_vs_wt-lowK,0.0187300205910813,0.946274810834412
CCNA_02985,quintero_wt-highK_vs_wt-lowK,0.461725112050968,0.00546297062194762
CCNA_02986,quintero_wt-highK_vs_wt-lowK,0.54621515511152,0.00810092671708455
CCNA_02987,quintero_wt-highK_vs_wt-lowK,0.705367915065822,0.00120900810314109
CCNA_02988,quintero_wt-highK_vs_wt-lowK,-0.603747939337089,0.0113184882794419
CCNA_02989,quintero_wt-highK_vs_wt-lowK,-0.361195188885572,0.259200107771363
CCNA_03903,quintero_wt-highK_vs_wt-lowK,-0.0648613756178061,0.908826378315292
CCNA_02991,quintero_wt-highK_vs_wt-lowK,-0.099804564917196,0.881044739937891
CCNA_02992,quintero_wt-highK_vs_wt-lowK,-0.427676286416358,0.0691012184222008
CCNA_02993,quintero_wt-highK_vs_wt-lowK,0.246514341994856,0.214874536942194
CCNA_02994,quintero_wt-highK_vs_wt-lowK,0.948712609017255,4.82998053420045e-7
CCNA_02995,quintero_wt-highK_vs_wt-lowK,-1.21940403767328,1.3059970704555101e-10
CCNA_02996,quintero_wt-highK_vs_wt-lowK,-0.679152469009614,8.58123663414394e-5
CCNA_02997,quintero_wt-highK_vs_wt-lowK,0.610765344743447,0.0114545509645745
CCNA_03904,quintero_wt-highK_vs_wt-lowK,1.38159561071075,6.31004329062095e-8
CCNA_02999,quintero_wt-highK_vs_wt-lowK,1.10745554369353,1.1850985469984e-6
CCNA_03000,quintero_wt-highK_vs_wt-lowK,-0.658898879976702,5.31483755006622e-5
CCNA_03001,quintero_wt-highK_vs_wt-lowK,-0.68160899509499,1.68657939689189e-5
CCNA_03002,quintero_wt-highK_vs_wt-lowK,0.0719632671673707,0.714269737913585
CCNA_03003,quintero_wt-highK_vs_wt-lowK,-0.546144466293043,9.56781603887993e-4
CCNA_03004,quintero_wt-highK_vs_wt-lowK,-0.376704702200316,0.0889697625830952
CCNA_03005,quintero_wt-highK_vs_wt-lowK,-0.263609564115804,0.194719800264999
CCNA_03006,quintero_wt-highK_vs_wt-lowK,0.183782066825481,0.265134563353467
CCNA_03007,quintero_wt-highK_vs_wt-lowK,-0.265904484080834,0.125276719114282
CCNA_03008,quintero_wt-highK_vs_wt-lowK,-0.780921708361426,1.39734709643465e-4
CCNA_03009,quintero_wt-highK_vs_wt-lowK,-0.433258589560025,0.0136123523528202
CCNA_03010,quintero_wt-highK_vs_wt-lowK,-0.617941776942809,3.40751977010959e-4
CCNA_03011,quintero_wt-highK_vs_wt-lowK,-1.11012109124402,4.45520432602462e-10
CCNA_03012,quintero_wt-highK_vs_wt-lowK,1.00281864166081,9.32786126419695e-7
CCNA_03013,quintero_wt-highK_vs_wt-lowK,0.826076172709761,1.5020544410632e-5
CCNA_03014,quintero_wt-highK_vs_wt-lowK,-0.0213287919628415,0.921777981119557
CCNA_03015,quintero_wt-highK_vs_wt-lowK,-0.174963404529233,0.767400958826313
CCNA_03016,quintero_wt-highK_vs_wt-lowK,-0.42807051195651,0.0754188119035194
CCNA_03017,quintero_wt-highK_vs_wt-lowK,-0.569198386902289,0.138277794938445
CCNA_R0178,quintero_wt-highK_vs_wt-lowK,0.0113996450872761,0.990602634169292
CCNA_R0073,quintero_wt-highK_vs_wt-lowK,0.725405054906595,0.184833533823134
CCNA_03018,quintero_wt-highK_vs_wt-lowK,0.10539481419944,0.888407974430419
CCNA_03019,quintero_wt-highK_vs_wt-lowK,6.8036030012171e-4,0.997754085412263
CCNA_03020,quintero_wt-highK_vs_wt-lowK,0.107565794254457,0.583194518960669
CCNA_03021,quintero_wt-highK_vs_wt-lowK,1.75312340170306,1.41740290468464e-11
CCNA_03022,quintero_wt-highK_vs_wt-lowK,NA,NA
CCNA_03023,quintero_wt-highK_vs_wt-lowK,1.74944603115078,1.80382745953917e-11
CCNA_03024,quintero_wt-highK_vs_wt-lowK,0.656373207876066,4.5086209337687e-4
CCNA_03025,quintero_wt-highK_vs_wt-lowK,0.0280737281001,0.909118856109649
CCNA_03026,quintero_wt-highK_vs_wt-lowK,-0.145335939005519,0.448398115674761
CCNA_03027,quintero_wt-highK_vs_wt-lowK,0.361605708039063,0.0577180135691137
CCNA_03028,quintero_wt-highK_vs_wt-lowK,1.0940439150608,3.41753107665567e-9
CCNA_03029,quintero_wt-highK_vs_wt-lowK,0.893591488664752,8.8356013719881e-6
CCNA_R0209,quintero_wt-highK_vs_wt-lowK,0.3527023019221,0.266045401108794
CCNA_03030,quintero_wt-highK_vs_wt-lowK,0.447956752784234,0.0148304942835795
CCNA_03031,quintero_wt-highK_vs_wt-lowK,0.295014470673738,0.112478566083298
CCNA_03032,quintero_wt-highK_vs_wt-lowK,0.0545598860312574,0.787038444267105
CCNA_03033,quintero_wt-highK_vs_wt-lowK,-0.117352748510158,0.542375426270497
CCNA_03034,quintero_wt-highK_vs_wt-lowK,0.084058939853439,0.673823346156052
CCNA_03035,quintero_wt-highK_vs_wt-lowK,0.463064450473858,0.0270036954940221
CCNA_03036,quintero_wt-highK_vs_wt-lowK,0.261544022507566,0.295733692161146
CCNA_03037,quintero_wt-highK_vs_wt-lowK,0.233038384016455,0.239763284422685
CCNA_03038,quintero_wt-highK_vs_wt-lowK,0.026894804753348302,0.91356073115316
CCNA_03039,quintero_wt-highK_vs_wt-lowK,0.0325202959822552,0.893236710415549
CCNA_03040,quintero_wt-highK_vs_wt-lowK,-0.118215086128793,0.55980431172229
CCNA_03041,quintero_wt-highK_vs_wt-lowK,-0.33315526395905,0.0634942368688311
CCNA_03042,quintero_wt-highK_vs_wt-lowK,-0.200761880968266,0.293948570555473
CCNA_03043,quintero_wt-highK_vs_wt-lowK,0.398039241796646,0.101335065905372
CCNA_03044,quintero_wt-highK_vs_wt-lowK,0.0594564677590954,0.770909108009961
CCNA_03045,quintero_wt-highK_vs_wt-lowK,0.0860416710137383,0.688305348244511
CCNA_03046,quintero_wt-highK_vs_wt-lowK,-0.0343284070249171,0.884647751046934
CCNA_03047,quintero_wt-highK_vs_wt-lowK,0.258500582877874,0.291208632504673
CCNA_03048,quintero_wt-highK_vs_wt-lowK,0.324203960551277,0.118451511612778
CCNA_03049,quintero_wt-highK_vs_wt-lowK,-0.652523913912529,2.28526322038171e-4
CCNA_03050,quintero_wt-highK_vs_wt-lowK,0.559392408149073,0.00391431727019186
CCNA_03051,quintero_wt-highK_vs_wt-lowK,-0.429840203152327,0.0522141161895731
CCNA_03052,quintero_wt-highK_vs_wt-lowK,0.45971170503669,0.0154541947155271
CCNA_03053,quintero_wt-highK_vs_wt-lowK,-0.143724421647426,0.592637256036554
CCNA_03055,quintero_wt-highK_vs_wt-lowK,-0.549342244013259,0.0354031135993913
CCNA_03054,quintero_wt-highK_vs_wt-lowK,-0.520116643356665,0.00335358636949464
CCNA_03056,quintero_wt-highK_vs_wt-lowK,-0.12206215455503,0.60319812625551394
CCNA_03057,quintero_wt-highK_vs_wt-lowK,-0.686913649232956,0.00194841802886306
CCNA_03058,quintero_wt-highK_vs_wt-lowK,-0.487730999154101,0.00331998210931128
CCNA_03059,quintero_wt-highK_vs_wt-lowK,-0.535660589003481,0.00270695521141862
CCNA_03060,quintero_wt-highK_vs_wt-lowK,-0.28944471488504,0.33976894612058
CCNA_03061,quintero_wt-highK_vs_wt-lowK,-0.555636807348933,5.40061103264377e-4
CCNA_03062,quintero_wt-highK_vs_wt-lowK,-0.207494824284342,0.192166201522315
CCNA_03063,quintero_wt-highK_vs_wt-lowK,0.243590918875714,0.196566338039696
CCNA_03064,quintero_wt-highK_vs_wt-lowK,0.636817495446575,0.0159578180547404
CCNA_03065,quintero_wt-highK_vs_wt-lowK,-1.46591343668738,1.95626164386753e-10
CCNA_03066,quintero_wt-highK_vs_wt-lowK,-0.676358072912011,1.26668932358328e-4
CCNA_03067,quintero_wt-highK_vs_wt-lowK,-0.0194570902298933,0.946274810834412
CCNA_03068,quintero_wt-highK_vs_wt-lowK,0.583591983731247,0.0153581103395009
CCNA_03069,quintero_wt-highK_vs_wt-lowK,0.484166713324303,0.167235378885147
CCNA_03070,quintero_wt-highK_vs_wt-lowK,0.15045261088812,0.632126923788619
CCNA_03071,quintero_wt-highK_vs_wt-lowK,0.612119876622387,3.1737660304922e-4
CCNA_03072,quintero_wt-highK_vs_wt-lowK,0.0828670386624256,0.670910557965324
CCNA_03073,quintero_wt-highK_vs_wt-lowK,-0.41634416016444,0.297763992105708
CCNA_03074,quintero_wt-highK_vs_wt-lowK,-0.358790509541863,0.271141218604167
CCNA_03075,quintero_wt-highK_vs_wt-lowK,-0.0364551375086209,0.917937946644467
CCNA_03076,quintero_wt-highK_vs_wt-lowK,0.227074922735932,0.202346690191519
CCNA_03077,quintero_wt-highK_vs_wt-lowK,-0.4457823485424,0.0371773350000422
CCNA_03078,quintero_wt-highK_vs_wt-lowK,0.0497499844922104,0.864373242522689
CCNA_03079,quintero_wt-highK_vs_wt-lowK,0.121635045791462,0.634596680382606
CCNA_03080,quintero_wt-highK_vs_wt-lowK,-0.106234526959243,0.632126923788619
CCNA_03884,quintero_wt-highK_vs_wt-lowK,0.348065115671389,0.553126813772091
CCNA_03081,quintero_wt-highK_vs_wt-lowK,0.950767053130482,1.92970972454566e-5
CCNA_03082,quintero_wt-highK_vs_wt-lowK,0.769677637610456,1.72279694837101e-5
CCNA_03083,quintero_wt-highK_vs_wt-lowK,-0.654208502521224,0.00102828826269685
CCNA_03084,quintero_wt-highK_vs_wt-lowK,-0.379756592030895,0.0412461702367119
CCNA_03085,quintero_wt-highK_vs_wt-lowK,-1.16202881203793,2.13130853511263e-8
CCNA_03086,quintero_wt-highK_vs_wt-lowK,-0.659303574561818,1.71397845765367e-4
CCNA_03087,quintero_wt-highK_vs_wt-lowK,-1.25041952397692,2.39188121072298e-7
CCNA_03088,quintero_wt-highK_vs_wt-lowK,0.180323264663232,0.359485622438622
CCNA_03089,quintero_wt-highK_vs_wt-lowK,0.245421023879596,0.160464672495922
CCNA_03090,quintero_wt-highK_vs_wt-lowK,0.267635589566473,0.112688600141335
CCNA_03091,quintero_wt-highK_vs_wt-lowK,-1.64955846182472,1.67829378970069e-12
CCNA_03092,quintero_wt-highK_vs_wt-lowK,-1.27234669720755,1.91943437606542e-9
CCNA_03093,quintero_wt-highK_vs_wt-lowK,0.160992147262102,0.383187234745006
CCNA_03094,quintero_wt-highK_vs_wt-lowK,-0.500561468886406,0.00119916464656524
CCNA_03095,quintero_wt-highK_vs_wt-lowK,-0.980605245575351,5.80822846732526e-7
CCNA_03096,quintero_wt-highK_vs_wt-lowK,-2.59363251587917,2.92930004630127e-38
CCNA_03097,quintero_wt-highK_vs_wt-lowK,-0.584915058040765,0.00745505354609431
CCNA_03098,quintero_wt-highK_vs_wt-lowK,-0.421080089772559,0.0214475487942189
CCNA_03099,quintero_wt-highK_vs_wt-lowK,0.107403911612579,0.578232601517772
CCNA_03100,quintero_wt-highK_vs_wt-lowK,0.575434182606734,0.00908465104060962
CCNA_03101,quintero_wt-highK_vs_wt-lowK,-0.0105058830402855,0.961172539134787
CCNA_03102,quintero_wt-highK_vs_wt-lowK,-0.562940468088427,0.00278493241676991
CCNA_03103,quintero_wt-highK_vs_wt-lowK,0.510565071098957,0.00891499238665992
CCNA_03104,quintero_wt-highK_vs_wt-lowK,0.640484413323378,0.00126087932301472
CCNA_03105,quintero_wt-highK_vs_wt-lowK,0.0509424411535097,0.830044217256874
CCNA_03106,quintero_wt-highK_vs_wt-lowK,-0.449808778591541,0.0203725795918422
CCNA_03107,quintero_wt-highK_vs_wt-lowK,-0.672951199774056,5.26945609873637e-5
CCNA_03108,quintero_wt-highK_vs_wt-lowK,1.02560973675007,1.31575423541303e-6
CCNA_03110,quintero_wt-highK_vs_wt-lowK,-0.970833450222814,1.78146513389001e-6
CCNA_03112,quintero_wt-highK_vs_wt-lowK,-0.107686950479331,0.581195373526643
CCNA_03985,quintero_wt-highK_vs_wt-lowK,-0.0482233770806075,0.837861790352083
CCNA_03113,quintero_wt-highK_vs_wt-lowK,-0.547571645704336,0.023097928241349
CCNA_03114,quintero_wt-highK_vs_wt-lowK,-0.759121591693914,0.145125679632221
CCNA_03115,quintero_wt-highK_vs_wt-lowK,0.190432214681114,0.268450305723416
CCNA_R0179,quintero_wt-highK_vs_wt-lowK,0.257486189804545,0.531304317087277
CCNA_03116,quintero_wt-highK_vs_wt-lowK,0.515315330770741,0.255067303244554
CCNA_03117,quintero_wt-highK_vs_wt-lowK,-0.0804418313272387,0.704650148310091
CCNA_R0180,quintero_wt-highK_vs_wt-lowK,0.263616572352061,0.274501481079957
CCNA_03118,quintero_wt-highK_vs_wt-lowK,0.198282734677863,0.299205145472484
CCNA_R0181,quintero_wt-highK_vs_wt-lowK,0.767340720325813,0.198727437746293
CCNA_03119,quintero_wt-highK_vs_wt-lowK,-0.977296278118579,5.39312658922617e-4
CCNA_03120,quintero_wt-highK_vs_wt-lowK,-0.611752365033135,1.1097838381581e-4
CCNA_03121,quintero_wt-highK_vs_wt-lowK,-0.489297304647053,0.00355503665799514
CCNA_03122,quintero_wt-highK_vs_wt-lowK,-0.507852828978044,0.00468131634074199
CCNA_03123,quintero_wt-highK_vs_wt-lowK,-0.165409012408288,0.52758157298228
CCNA_03124,quintero_wt-highK_vs_wt-lowK,-1.64703774706453,3.80583760352638e-13
CCNA_03125,quintero_wt-highK_vs_wt-lowK,-1.33019359734578,7.16709111276924e-11
CCNA_03126,quintero_wt-highK_vs_wt-lowK,-0.86587892953955,5.85840009096896e-6
CCNA_03127,quintero_wt-highK_vs_wt-lowK,0.341003428378395,0.0291272320668975
CCNA_03128,quintero_wt-highK_vs_wt-lowK,0.592752329029009,0.00262106625957209
CCNA_03129,quintero_wt-highK_vs_wt-lowK,0.077868217051611,0.691691984640852
CCNA_03130,quintero_wt-highK_vs_wt-lowK,-0.195567340589964,0.269452091025424
CCNA_03131,quintero_wt-highK_vs_wt-lowK,-0.276845295114436,0.159237013440477
CCNA_03132,quintero_wt-highK_vs_wt-lowK,-0.437334286372444,0.00982222370189515
CCNA_03133,quintero_wt-highK_vs_wt-lowK,-0.172092925846597,0.38186011714746
CCNA_03134,quintero_wt-highK_vs_wt-lowK,-0.138828295458973,0.576302842684013
CCNA_03135,quintero_wt-highK_vs_wt-lowK,-0.139352885118719,0.513661788303613
CCNA_03136,quintero_wt-highK_vs_wt-lowK,-0.201348924107566,0.292132750176767
CCNA_03137,quintero_wt-highK_vs_wt-lowK,0.117272181115119,0.511188347494468
CCNA_03986,quintero_wt-highK_vs_wt-lowK,-0.562204689779424,0.0108462977638144
CCNA_03138,quintero_wt-highK_vs_wt-lowK,-2.53430229899807,4.05259049480416e-29
CCNA_R0182,quintero_wt-highK_vs_wt-lowK,1.00723353986811,1.82779289827856e-5
CCNA_03139,quintero_wt-highK_vs_wt-lowK,0.454184383081367,0.0355425174201289
CCNA_03140,quintero_wt-highK_vs_wt-lowK,-0.232342021134665,0.357263652888488
CCNA_03141,quintero_wt-highK_vs_wt-lowK,-0.94067666149619,2.3849528924375202e-08
CCNA_03142,quintero_wt-highK_vs_wt-lowK,0.453152608640845,0.00735324990117688
CCNA_R0183,quintero_wt-highK_vs_wt-lowK,0.487189619315274,0.00195872340838777
CCNA_03143,quintero_wt-highK_vs_wt-lowK,-0.742019770314043,5.8032543355462e-5
CCNA_03144,quintero_wt-highK_vs_wt-lowK,0.243055516552816,0.16361976544868
CCNA_03146,quintero_wt-highK_vs_wt-lowK,-0.0358379926001035,0.852971322960103
CCNA_03147,quintero_wt-highK_vs_wt-lowK,-0.0276028954172444,0.915281613666777
CCNA_03148,quintero_wt-highK_vs_wt-lowK,-0.279482653368418,0.113227962746359
CCNA_03149,quintero_wt-highK_vs_wt-lowK,0.0201187937232157,0.942900254507994
CCNA_03150,quintero_wt-highK_vs_wt-lowK,0.508133490896257,0.449849882875323
CCNA_03151,quintero_wt-highK_vs_wt-lowK,0.224100963310539,0.348077883696359
CCNA_03152,quintero_wt-highK_vs_wt-lowK,1.02124776333586,1.09813379300163e-4
CCNA_03153,quintero_wt-highK_vs_wt-lowK,1.04697534499137,3.06499243302473e-7
CCNA_03154,quintero_wt-highK_vs_wt-lowK,-1.38628766642518,6.32333363758894e-7
CCNA_03155,quintero_wt-highK_vs_wt-lowK,1.31877386744917,8.83879564512407e-7
CCNA_03156,quintero_wt-highK_vs_wt-lowK,1.50858544602316,6.45583234032497e-8
CCNA_03157,quintero_wt-highK_vs_wt-lowK,1.77934545356765,1.22181645645929e-10
CCNA_03158,quintero_wt-highK_vs_wt-lowK,NA,NA
CCNA_03159,quintero_wt-highK_vs_wt-lowK,NA,NA
CCNA_03160,quintero_wt-highK_vs_wt-lowK,0.975571742666642,3.7907405017674e-6
CCNA_03161,quintero_wt-highK_vs_wt-lowK,0.148826146313188,0.402994879087035
CCNA_03162,quintero_wt-highK_vs_wt-lowK,0.438922194395475,0.00783384821161033
CCNA_03163,quintero_wt-highK_vs_wt-lowK,0.306175803716018,0.0663563717185918
CCNA_03164,quintero_wt-highK_vs_wt-lowK,1.0785673120518,2.8326809117694e-9
CCNA_03165,quintero_wt-highK_vs_wt-lowK,0.0868968345145517,0.801644249861482
CCNA_03166,quintero_wt-highK_vs_wt-lowK,0.119053987547532,0.620018569964842
CCNA_03167,quintero_wt-highK_vs_wt-lowK,1.00125847243935,2.58413412998118e-9
CCNA_03168,quintero_wt-highK_vs_wt-lowK,1.03681032004752,5.25792229494691e-8
CCNA_03169,quintero_wt-highK_vs_wt-lowK,-1.84657892297316,1.52820205527366e-13
CCNA_R0184,quintero_wt-highK_vs_wt-lowK,-0.314696008948919,0.578232601517772
CCNA_03170,quintero_wt-highK_vs_wt-lowK,-0.011450088045013,0.963079772243598
CCNA_03171,quintero_wt-highK_vs_wt-lowK,0.280050211264443,0.0873677193829815
CCNA_03172,quintero_wt-highK_vs_wt-lowK,-1.2782331710682,7.59731898262208e-8
CCNA_03173,quintero_wt-highK_vs_wt-lowK,-0.85313224562173,7.1320107407735e-6
CCNA_03174,quintero_wt-highK_vs_wt-lowK,0.199644368016803,0.284035280176059
CCNA_03175,quintero_wt-highK_vs_wt-lowK,-0.207357164249175,0.37499565760391
CCNA_03176,quintero_wt-highK_vs_wt-lowK,-0.304684631749202,0.130603525157043
CCNA_03177,quintero_wt-highK_vs_wt-lowK,-0.487356474440324,0.00160832533665899
CCNA_03178,quintero_wt-highK_vs_wt-lowK,-0.84344806924869,1.87448014814229e-5
CCNA_03179,quintero_wt-highK_vs_wt-lowK,-0.370587341222862,0.0821485073970511
CCNA_03180,quintero_wt-highK_vs_wt-lowK,-0.252973108305654,0.239763284422685
CCNA_03181,quintero_wt-highK_vs_wt-lowK,-1.06286092555697,2.4594325179866e-13
CCNA_03182,quintero_wt-highK_vs_wt-lowK,0.0447701589964546,0.849449967326486
CCNA_03183,quintero_wt-highK_vs_wt-lowK,-0.0763895499674749,0.687705185596649
CCNA_03184,quintero_wt-highK_vs_wt-lowK,-0.265219239982715,0.0902757182509623
CCNA_03185,quintero_wt-highK_vs_wt-lowK,-0.761791993737576,2.89527510323863e-7
CCNA_03186,quintero_wt-highK_vs_wt-lowK,-0.589873822997627,5.73465387918561e-4
CCNA_03187,quintero_wt-highK_vs_wt-lowK,-0.219689608077329,0.291208632504673
CCNA_03188,quintero_wt-highK_vs_wt-lowK,-1.78740615471048,2.08191705478574e-10
CCNA_03189,quintero_wt-highK_vs_wt-lowK,-0.854732726524417,0.0020621257885492
CCNA_03190,quintero_wt-highK_vs_wt-lowK,0.561271700977867,8.63364719424059e-4
CCNA_03191,quintero_wt-highK_vs_wt-lowK,0.151104693774344,0.454783837301229
CCNA_03192,quintero_wt-highK_vs_wt-lowK,-1.30331454489204,1.00330743209321e-9
CCNA_03193,quintero_wt-highK_vs_wt-lowK,-1.23884888751753,2.87714244186633e-11
CCNA_03194,quintero_wt-highK_vs_wt-lowK,-0.999758119732323,7.183956909724e-7
CCNA_03987,quintero_wt-highK_vs_wt-lowK,0.465737880582691,0.104728039865686
CCNA_03195,quintero_wt-highK_vs_wt-lowK,-0.0357630430902703,0.870515036913154
CCNA_03196,quintero_wt-highK_vs_wt-lowK,1.4376748554009,0.00205195805937462
CCNA_03197,quintero_wt-highK_vs_wt-lowK,0.324806827133914,0.102473952873242
CCNA_03198,quintero_wt-highK_vs_wt-lowK,0.136245111650051,0.47399275040662
CCNA_03199,quintero_wt-highK_vs_wt-lowK,0.396863531470089,0.0359154264143641
CCNA_03200,quintero_wt-highK_vs_wt-lowK,0.414414355688526,0.0380328455985297
CCNA_03201,quintero_wt-highK_vs_wt-lowK,0.91378387254725,3.1687319587481e-7
CCNA_03202,quintero_wt-highK_vs_wt-lowK,0.153932257307788,0.369870899122844
CCNA_03203,quintero_wt-highK_vs_wt-lowK,-0.363331812711942,0.0371683404045334
CCNA_03204,quintero_wt-highK_vs_wt-lowK,-0.35561337495369,0.0234729488302356
CCNA_03205,quintero_wt-highK_vs_wt-lowK,0.0758014247097661,0.704863978525678
CCNA_03206,quintero_wt-highK_vs_wt-lowK,0.703113479154184,4.44114533586154e-4
CCNA_03207,quintero_wt-highK_vs_wt-lowK,0.336925791310739,0.0483869421899325
CCNA_03208,quintero_wt-highK_vs_wt-lowK,0.173252186259254,0.411209377461054
CCNA_03209,quintero_wt-highK_vs_wt-lowK,-0.549352876546983,0.00912026060177453
CCNA_03210,quintero_wt-highK_vs_wt-lowK,0.403547820815205,0.0250423508003156
CCNA_03211,quintero_wt-highK_vs_wt-lowK,-0.034619743870224,0.856780737947471
CCNA_03212,quintero_wt-highK_vs_wt-lowK,-0.330881017268787,0.153295003513639
CCNA_03213,quintero_wt-highK_vs_wt-lowK,0.333752166522968,0.0582904992535511
CCNA_03214,quintero_wt-highK_vs_wt-lowK,0.333157091985632,0.0975987124362965
CCNA_03215,quintero_wt-highK_vs_wt-lowK,0.87117825858496,2.76141704877461e-8
CCNA_03216,quintero_wt-highK_vs_wt-lowK,0.886797139050553,1.59413211787276e-5
CCNA_R0185,quintero_wt-highK_vs_wt-lowK,0.330980103916845,0.64866542381147
CCNA_03217,quintero_wt-highK_vs_wt-lowK,0.390948523358744,0.187948248948193
CCNA_03218,quintero_wt-highK_vs_wt-lowK,-0.248952280870392,0.250009580443958
CCNA_03219,quintero_wt-highK_vs_wt-lowK,0.0618457083812566,0.803316552224856
CCNA_03221,quintero_wt-highK_vs_wt-lowK,-0.0824134274580818,0.707601113657195
CCNA_03222,quintero_wt-highK_vs_wt-lowK,0.0586880866428159,0.798463024153566
CCNA_03223,quintero_wt-highK_vs_wt-lowK,0.852500558533737,9.68351354711394e-5
CCNA_03224,quintero_wt-highK_vs_wt-lowK,0.247933326112813,0.23918376583882
CCNA_03225,quintero_wt-highK_vs_wt-lowK,-0.899370422979446,2.95622594605034e-7
CCNA_03226,quintero_wt-highK_vs_wt-lowK,-0.878350184238637,1.98201409888969e-6
CCNA_03227,quintero_wt-highK_vs_wt-lowK,-1.12934465430347,4.102204201574e-13
CCNA_03228,quintero_wt-highK_vs_wt-lowK,-0.304639673884409,0.0624299127011744
CCNA_03229,quintero_wt-highK_vs_wt-lowK,-0.126582821321731,0.601968196062775
CCNA_03230,quintero_wt-highK_vs_wt-lowK,-0.427039351664669,0.0304788863309618
CCNA_03988,quintero_wt-highK_vs_wt-lowK,0,0
CCNA_03231,quintero_wt-highK_vs_wt-lowK,0,0
CCNA_03232,quintero_wt-highK_vs_wt-lowK,0,0
CCNA_03233,quintero_wt-highK_vs_wt-lowK,-0.609237056118127,0.00167805047446172
CCNA_03234,quintero_wt-highK_vs_wt-lowK,-0.510709436591345,0.0207544899945164
CCNA_03235,quintero_wt-highK_vs_wt-lowK,-0.742428303397118,3.49836638395251e-5
CCNA_03236,quintero_wt-highK_vs_wt-lowK,-0.536264167775299,0.00237960377585091
CCNA_03238,quintero_wt-highK_vs_wt-lowK,-0.706596971844515,4.46766247370997e-6
CCNA_03239,quintero_wt-highK_vs_wt-lowK,-0.996938474137792,1.79938115695567e-6
CCNA_03240,quintero_wt-highK_vs_wt-lowK,-0.602876644445292,2.13236416721226e-4
CCNA_03241,quintero_wt-highK_vs_wt-lowK,-1.13027181025199,1.3169174831085e-8
CCNA_03242,quintero_wt-highK_vs_wt-lowK,-1.92898375699626,4.14581073619129e-17
CCNA_03243,quintero_wt-highK_vs_wt-lowK,-1.1404872883424,1.21227564458959e-6
CCNA_03244,quintero_wt-highK_vs_wt-lowK,-1.20700049190477,2.12306392206118e-6
CCNA_03245,quintero_wt-highK_vs_wt-lowK,-1.59257722250652,1.84095390283629e-11
CCNA_03246,quintero_wt-highK_vs_wt-lowK,-0.466267520252088,0.0120520159880934
CCNA_03247,quintero_wt-highK_vs_wt-lowK,-0.43061912098502,0.016266734222532
CCNA_03248,quintero_wt-highK_vs_wt-lowK,-0.170196990259904,0.298774579304518
CCNA_03249,quintero_wt-highK_vs_wt-lowK,-0.420234105216778,0.00712427001180602
CCNA_03250,quintero_wt-highK_vs_wt-lowK,-0.0831879712975262,0.719554863088934
CCNA_03989,quintero_wt-highK_vs_wt-lowK,-0.504704661060847,0.0120068495860659
CCNA_03252,quintero_wt-highK_vs_wt-lowK,-0.196066770184516,0.487410296494038
CCNA_03253,quintero_wt-highK_vs_wt-lowK,-0.0117270285482133,0.958586375113118
CCNA_03254,quintero_wt-highK_vs_wt-lowK,-0.273658119775061,0.180143898613986
CCNA_R0186,quintero_wt-highK_vs_wt-lowK,0.51294725125142,0.306228803744158
CCNA_03255,quintero_wt-highK_vs_wt-lowK,-0.471727023866002,0.0218061761738061
CCNA_03256,quintero_wt-highK_vs_wt-lowK,0.752596870552626,2.047232446645e-6
CCNA_03990,quintero_wt-highK_vs_wt-lowK,0.624394205939479,0.145024529554694
CCNA_03257,quintero_wt-highK_vs_wt-lowK,0.491589962664495,0.00239103161714479
CCNA_03258,quintero_wt-highK_vs_wt-lowK,0.208864530342426,0.287183776817225
CCNA_03259,quintero_wt-highK_vs_wt-lowK,0.436187864382712,0.0310796967598869
CCNA_03260,quintero_wt-highK_vs_wt-lowK,0.972345165321232,1.9996047587045e-7
CCNA_03261,quintero_wt-highK_vs_wt-lowK,0.55163606310517,8.24675040242835e-4
CCNA_03262,quintero_wt-highK_vs_wt-lowK,0.332937493194704,0.0861264756542832
CCNA_03263,quintero_wt-highK_vs_wt-lowK,-2.06622885357662,2.42256062774155e-32
CCNA_03265,quintero_wt-highK_vs_wt-lowK,-0.132973521108356,0.429568860912322
CCNA_03266,quintero_wt-highK_vs_wt-lowK,-0.777883664052799,2.97857924825118e-4
CCNA_03267,quintero_wt-highK_vs_wt-lowK,-2.11637156347142,7.02881233776021e-14
CCNA_03268,quintero_wt-highK_vs_wt-lowK,-0.344075652600986,0.0629313945474258
CCNA_03269,quintero_wt-highK_vs_wt-lowK,-2.49949643919709,6.86800738933794e-29
CCNA_03271,quintero_wt-highK_vs_wt-lowK,-1.07159329033185,9.48854721890662e-6
CCNA_03270,quintero_wt-highK_vs_wt-lowK,-0.464463463099304,0.0362975680004864
CCNA_03272,quintero_wt-highK_vs_wt-lowK,-0.670387583911305,0.00230154993010618
CCNA_03274,quintero_wt-highK_vs_wt-lowK,0,0
CCNA_03275,quintero_wt-highK_vs_wt-lowK,0,0
CCNA_03276,quintero_wt-highK_vs_wt-lowK,-0.173756417264809,0.503367987381957
CCNA_R0075,quintero_wt-highK_vs_wt-lowK,0.971315961569255,0.00552398197271434
CCNA_03277,quintero_wt-highK_vs_wt-lowK,0.332033912410906,0.0550923325132326
CCNA_03278,quintero_wt-highK_vs_wt-lowK,-0.33372111602227,0.0373861723643154
CCNA_03279,quintero_wt-highK_vs_wt-lowK,-0.0243703984547218,0.9016973149197
CCNA_03280,quintero_wt-highK_vs_wt-lowK,-1.07798710243429,1.30273019614032e-5
CCNA_03281,quintero_wt-highK_vs_wt-lowK,0.376973380789121,0.0334255766160126
CCNA_R0187,quintero_wt-highK_vs_wt-lowK,0.769099001877766,0.2211736921951
CCNA_03282,quintero_wt-highK_vs_wt-lowK,-0.953147343520721,3.03782971880847e-6
CCNA_03283,quintero_wt-highK_vs_wt-lowK,0.0779545642395211,0.689808941857369
CCNA_03284,quintero_wt-highK_vs_wt-lowK,-0.250478108627309,0.148889446651072
CCNA_03285,quintero_wt-highK_vs_wt-lowK,-0.146606026080325,0.418343057517327
CCNA_03286,quintero_wt-highK_vs_wt-lowK,-0.700675061871027,6.20759066716717e-5
CCNA_03287,quintero_wt-highK_vs_wt-lowK,-0.340865958284879,0.179485917807742
CCNA_03288,quintero_wt-highK_vs_wt-lowK,-0.612243491010175,0.00614504007434013
CCNA_03289,quintero_wt-highK_vs_wt-lowK,-0.599041668221185,0.00202076011171792
CCNA_03290,quintero_wt-highK_vs_wt-lowK,0.339918424878148,0.0525454432217347
CCNA_03291,quintero_wt-highK_vs_wt-lowK,-0.86379066684582,5.7387929406725e-7
CCNA_03292,quintero_wt-highK_vs_wt-lowK,-0.833563003733,7.73344582359128e-6
CCNA_03293,quintero_wt-highK_vs_wt-lowK,-1.27502883674637,4.06531336127342e-12
CCNA_R0188,quintero_wt-highK_vs_wt-lowK,-0.749142360900926,0.00139375532802519
CCNA_03294,quintero_wt-highK_vs_wt-lowK,-0.645264131937151,1.23250405913914e-5
CCNA_03295,quintero_wt-highK_vs_wt-lowK,-1.01165745585457,3.94351374858143e-5
CCNA_03296,quintero_wt-highK_vs_wt-lowK,-0.0666712015113339,0.778127820863134
CCNA_03297,quintero_wt-highK_vs_wt-lowK,-0.881505938647536,3.78120989378759e-5
CCNA_03298,quintero_wt-highK_vs_wt-lowK,-2.29394460515446,1.79783848260241e-32
CCNA_03299,quintero_wt-highK_vs_wt-lowK,0.879200967474762,1.64724125935504e-6
CCNA_03300,quintero_wt-highK_vs_wt-lowK,1.0210997827559,1.19854029123156e-7
CCNA_03301,quintero_wt-highK_vs_wt-lowK,1.02446246479625,9.58748063461748e-7
CCNA_03302,quintero_wt-highK_vs_wt-lowK,0.447794718424663,0.0142026525675937
CCNA_03303,quintero_wt-highK_vs_wt-lowK,1.31401005542603,2.32440657968152e-13
CCNA_03304,quintero_wt-highK_vs_wt-lowK,1.15349524266307,2.17880499057312e-9
CCNA_03305,quintero_wt-highK_vs_wt-lowK,1.26244724262939,7.06302046780771e-12
CCNA_03306,quintero_wt-highK_vs_wt-lowK,1.11160609988726,7.18425186366899e-8
CCNA_03307,quintero_wt-highK_vs_wt-lowK,1.44860440191838,1.01114804391272e-14
CCNA_03308,quintero_wt-highK_vs_wt-lowK,0.524276651138902,0.00119176130741929
CCNA_03309,quintero_wt-highK_vs_wt-lowK,-0.561668468140379,4.66049537740637e-4
CCNA_03310,quintero_wt-highK_vs_wt-lowK,0.787990331336485,2.11825487924831e-5
CCNA_03311,quintero_wt-highK_vs_wt-lowK,0.864327386741668,8.63891039851453e-6
CCNA_R0076,quintero_wt-highK_vs_wt-lowK,1.09794666198199,2.94224660017941e-12
CCNA_03312,quintero_wt-highK_vs_wt-lowK,-3.20191529420901,2.50081722506324e-22
CCNA_03313,quintero_wt-highK_vs_wt-lowK,-4.10653747346553,1.52792900550532e-15
CCNA_03314,quintero_wt-highK_vs_wt-lowK,0.577934992197486,0.00557408908932348
CCNA_03315,quintero_wt-highK_vs_wt-lowK,0.269006086378661,0.145994638178609
CCNA_03316,quintero_wt-highK_vs_wt-lowK,-0.230757494802512,0.163602485912804
CCNA_03317,quintero_wt-highK_vs_wt-lowK,-0.12267122076584,0.529167411149539
CCNA_03318,quintero_wt-highK_vs_wt-lowK,-0.160761543885312,0.432956397067337
CCNA_R0074,quintero_wt-highK_vs_wt-lowK,0.0901074908687543,0.908854440511554
CCNA_03319,quintero_wt-highK_vs_wt-lowK,0.17336046221677,0.403748766424633
CCNA_03320,quintero_wt-highK_vs_wt-lowK,-0.897802692357556,1.6135042479215e-5
CCNA_03321,quintero_wt-highK_vs_wt-lowK,1.42246108585376,1.99052109728581e-14
CCNA_03322,quintero_wt-highK_vs_wt-lowK,1.55755912043804,3.17206028837167e-15
CCNA_03323,quintero_wt-highK_vs_wt-lowK,1.22592047765904,4.66601528826463e-10
CCNA_03324,quintero_wt-highK_vs_wt-lowK,0.282235461715045,0.0892274572530012
CCNA_03325,quintero_wt-highK_vs_wt-lowK,-0.814891804161309,1.74919570084738e-6
CCNA_03326,quintero_wt-highK_vs_wt-lowK,-0.39154370283954,0.0167637404608007
CCNA_03327,quintero_wt-highK_vs_wt-lowK,-1.94930595187567,1.52869277109744e-14
CCNA_03328,quintero_wt-highK_vs_wt-lowK,0.235839520420227,0.184205034311662
CCNA_03329,quintero_wt-highK_vs_wt-lowK,0.00118003014238461,0.997942020233159
CCNA_03330,quintero_wt-highK_vs_wt-lowK,0.762182165745192,9.34570561825779e-5
CCNA_03331,quintero_wt-highK_vs_wt-lowK,0.525616666496801,0.00201943261536154
CCNA_03332,quintero_wt-highK_vs_wt-lowK,0.088848991008999,0.743239396105804
CCNA_03333,quintero_wt-highK_vs_wt-lowK,0.0883946244102825,0.646293130010155
CCNA_03334,quintero_wt-highK_vs_wt-lowK,-0.100976264224353,0.556180699928964
CCNA_03335,quintero_wt-highK_vs_wt-lowK,0.585965881905128,5.63769202390534e-4
CCNA_03336,quintero_wt-highK_vs_wt-lowK,-0.0649213711322374,0.734649018162782
CCNA_03337,quintero_wt-highK_vs_wt-lowK,-0.259604268249932,0.126483311363928
CCNA_03338,quintero_wt-highK_vs_wt-lowK,-0.18991552222988,0.236369028626814
CCNA_03339,quintero_wt-highK_vs_wt-lowK,0.571806339753259,0.00245428195781588
CCNA_03340,quintero_wt-highK_vs_wt-lowK,0.215420324922824,0.228178148300066
CCNA_03341,quintero_wt-highK_vs_wt-lowK,0.157970316092997,0.345229503403249
CCNA_03342,quintero_wt-highK_vs_wt-lowK,-0.207914416649674,0.276754084637369
CCNA_03343,quintero_wt-highK_vs_wt-lowK,-0.35902752160535,0.0503369851410747
CCNA_03344,quintero_wt-highK_vs_wt-lowK,-0.299123054989479,0.0643685325202823
CCNA_03345,quintero_wt-highK_vs_wt-lowK,-0.390309537090487,0.0217982216185365
CCNA_03346,quintero_wt-highK_vs_wt-lowK,-0.395397358243258,0.016600940103257
CCNA_03347,quintero_wt-highK_vs_wt-lowK,-0.772432914481234,3.7907405017674e-6
CCNA_03991,quintero_wt-highK_vs_wt-lowK,-0.94045813920704,0.0162514991535021
CCNA_03348,quintero_wt-highK_vs_wt-lowK,-1.35091296156338,2.50231425448952e-9
CCNA_03349,quintero_wt-highK_vs_wt-lowK,-1.37025629464833,6.03457067992559e-9
CCNA_03350,quintero_wt-highK_vs_wt-lowK,0.644417857116258,0.0396058216732776
CCNA_03351,quintero_wt-highK_vs_wt-lowK,0.860899496186212,9.40976574294547e-7
CCNA_03352,quintero_wt-highK_vs_wt-lowK,1.14822423210672,1.12072337519664e-8
CCNA_03353,quintero_wt-highK_vs_wt-lowK,0.450777430130471,0.00544599329463299
CCNA_03354,quintero_wt-highK_vs_wt-lowK,-0.0592098884828176,0.792895782775225
CCNA_R0077,quintero_wt-highK_vs_wt-lowK,-0.108314555853628,0.577928482810642
CCNA_03355,quintero_wt-highK_vs_wt-lowK,-0.225510461911325,0.209454601527796
CCNA_R0189,quintero_wt-highK_vs_wt-lowK,0,0
CCNA_03356,quintero_wt-highK_vs_wt-lowK,0.110217826670817,0.5800442929043
CCNA_03357,quintero_wt-highK_vs_wt-lowK,0.193768447821618,0.28506685823338
CCNA_03358,quintero_wt-highK_vs_wt-lowK,0.852358912723743,6.62407021580458e-6
CCNA_03359,quintero_wt-highK_vs_wt-lowK,0.718584506062848,3.86453663974767e-4
CCNA_03360,quintero_wt-highK_vs_wt-lowK,0.788064182684261,1.82148194708397e-4
CCNA_03905,quintero_wt-highK_vs_wt-lowK,0.414526476630364,0.0483869421899325
CCNA_03273,quintero_wt-highK_vs_wt-lowK,-0.420244233213115,0.0189791335327726
CCNA_03362,quintero_wt-highK_vs_wt-lowK,-0.245562960219451,0.249797846583565
CCNA_03363,quintero_wt-highK_vs_wt-lowK,-0.609668057565336,1.21166921921207e-4
CCNA_03364,quintero_wt-highK_vs_wt-lowK,-0.658312604202494,1.58331949169933e-4
CCNA_03365,quintero_wt-highK_vs_wt-lowK,-0.373343783083699,0.10012774170368
CCNA_03366,quintero_wt-highK_vs_wt-lowK,-0.25923683542834,0.251785910686416
CCNA_03367,quintero_wt-highK_vs_wt-lowK,-0.738446157564296,1.05911594824863e-5
CCNA_03368,quintero_wt-highK_vs_wt-lowK,-1.20039165463684,5.28776535857207e-10
CCNA_03369,quintero_wt-highK_vs_wt-lowK,-1.52348926675531,1.83568895416644e-11
CCNA_03370,quintero_wt-highK_vs_wt-lowK,-0.475676860873519,0.0381066277158229
CCNA_03371,quintero_wt-highK_vs_wt-lowK,-0.960253775795224,4.38260157050022e-4
CCNA_03372,quintero_wt-highK_vs_wt-lowK,1.14079453649453,2.88585937075952e-9
CCNA_03373,quintero_wt-highK_vs_wt-lowK,0.299956134836387,0.0752801713086397
CCNA_03374,quintero_wt-highK_vs_wt-lowK,-1.46629446966835,7.64867837922597e-16
CCNA_03375,quintero_wt-highK_vs_wt-lowK,-0.936845246818151,9.40456616368813e-8
CCNA_03376,quintero_wt-highK_vs_wt-lowK,-0.213215188448145,0.490621346627939
CCNA_03377,quintero_wt-highK_vs_wt-lowK,-0.167670946463285,0.606448054163246
CCNA_03378,quintero_wt-highK_vs_wt-lowK,1.00907179386791,7.11775276937611e-9
CCNA_03379,quintero_wt-highK_vs_wt-lowK,0.161555836907961,0.480876657073377
CCNA_03380,quintero_wt-highK_vs_wt-lowK,-0.165101709872215,0.363516365078617
CCNA_03381,quintero_wt-highK_vs_wt-lowK,-0.46939269132895,0.00746389680048779
CCNA_03382,quintero_wt-highK_vs_wt-lowK,0.056838731664377,0.792811195294478
CCNA_03383,quintero_wt-highK_vs_wt-lowK,0.552224234490134,0.00570045538351604
CCNA_03384,quintero_wt-highK_vs_wt-lowK,1.3174172192822,1.01125517194424e-16
CCNA_R0190,quintero_wt-highK_vs_wt-lowK,0.844141546308508,0.197024255010153
CCNA_03385,quintero_wt-highK_vs_wt-lowK,0,0
CCNA_03386,quintero_wt-highK_vs_wt-lowK,0.119935603264837,0.485685000257896
CCNA_03387,quintero_wt-highK_vs_wt-lowK,0.399168299231162,0.0330382627910016
CCNA_03388,quintero_wt-highK_vs_wt-lowK,-0.0824514164922231,0.7331589953244
CCNA_03389,quintero_wt-highK_vs_wt-lowK,-0.127160369951887,0.594934913769229
CCNA_03390,quintero_wt-highK_vs_wt-lowK,0.0438485895193675,0.852202109365821
CCNA_03391,quintero_wt-highK_vs_wt-lowK,0.381093461587468,0.173353699676406
CCNA_03392,quintero_wt-highK_vs_wt-lowK,0.623960825916041,0.00141496180503133
CCNA_03393,quintero_wt-highK_vs_wt-lowK,0.719125563339073,6.08977938858314e-4
CCNA_03394,quintero_wt-highK_vs_wt-lowK,0.337660666918264,0.052635771827296
CCNA_03395,quintero_wt-highK_vs_wt-lowK,-0.213266590471175,0.325382004628693
CCNA_03396,quintero_wt-highK_vs_wt-lowK,-1.01208170378337,2.93276058243468e-6
CCNA_03397,quintero_wt-highK_vs_wt-lowK,0.422744891603272,0.0503047840676906
CCNA_03398,quintero_wt-highK_vs_wt-lowK,0.2616610542806,0.180309735734683
CCNA_03399,quintero_wt-highK_vs_wt-lowK,-0.0585437838241618,0.781024968688036
CCNA_03400,quintero_wt-highK_vs_wt-lowK,-2.56632591633999,8.20687698663917e-21
CCNA_03401,quintero_wt-highK_vs_wt-lowK,0.776071122991705,5.58272929065178e-5
CCNA_03402,quintero_wt-highK_vs_wt-lowK,0.385282780883938,0.016089235008106
CCNA_03403,quintero_wt-highK_vs_wt-lowK,-1.14384804738533,4.11287462776023e-6
CCNA_03404,quintero_wt-highK_vs_wt-lowK,-0.0619636926305877,0.74695771279792
CCNA_03405,quintero_wt-highK_vs_wt-lowK,-0.393074722158083,0.0450283241104147
CCNA_03406,quintero_wt-highK_vs_wt-lowK,1.14140749205477,5.506672669044e-6
CCNA_03407,quintero_wt-highK_vs_wt-lowK,-0.913429954587482,3.28610213658487e-8
CCNA_03408,quintero_wt-highK_vs_wt-lowK,-0.509024569221471,0.00364127122297988
CCNA_03409,quintero_wt-highK_vs_wt-lowK,-0.281109105942313,0.107679310333852
CCNA_03410,quintero_wt-highK_vs_wt-lowK,0.187256309081457,0.341981070252422
CCNA_03906,quintero_wt-highK_vs_wt-lowK,-2.77414471206555,1.81457427344022e-6
CCNA_03412,quintero_wt-highK_vs_wt-lowK,0.0211412538217671,0.912621159871571
CCNA_03413,quintero_wt-highK_vs_wt-lowK,0.0180890800825406,0.923253606307847
CCNA_03414,quintero_wt-highK_vs_wt-lowK,-0.00159304786150061,0.993602193784732
CCNA_03415,quintero_wt-highK_vs_wt-lowK,0.387752824457047,0.0130357057434952
CCNA_03416,quintero_wt-highK_vs_wt-lowK,0.260584573513496,0.201884581928068
CCNA_03417,quintero_wt-highK_vs_wt-lowK,-0.999496215068759,1.13482023563737e-5
CCNA_03418,quintero_wt-highK_vs_wt-lowK,-1.01942491398489,1.53829296968595e-5
CCNA_03419,quintero_wt-highK_vs_wt-lowK,-0.817398658196973,0.00104147847248476
CCNA_03420,quintero_wt-highK_vs_wt-lowK,-0.937345817185784,9.1666181681152e-7
CCNA_03421,quintero_wt-highK_vs_wt-lowK,-0.127582997250482,0.482418897285892
CCNA_03422,quintero_wt-highK_vs_wt-lowK,0.207493972886039,0.232915357616516
CCNA_03423,quintero_wt-highK_vs_wt-lowK,-0.201507974376465,0.366097491261478
CCNA_03424,quintero_wt-highK_vs_wt-lowK,-0.059175704922646,0.74695771279792
CCNA_03425,quintero_wt-highK_vs_wt-lowK,0.382539590377383,0.0870401107986413
CCNA_03426,quintero_wt-highK_vs_wt-lowK,-0.0767446290036367,0.665283102698221
CCNA_03907,quintero_wt-highK_vs_wt-lowK,1.02642972050199,4.90924970508245e-9
CCNA_03428,quintero_wt-highK_vs_wt-lowK,1.24456056603504,4.3968824303775e-9
CCNA_03429,quintero_wt-highK_vs_wt-lowK,0.645468927140883,2.14757680949487e-4
CCNA_03430,quintero_wt-highK_vs_wt-lowK,1.35011285779728,2.19705475789801e-19
CCNA_03431,quintero_wt-highK_vs_wt-lowK,-0.375688517141986,0.061064477762094
CCNA_03432,quintero_wt-highK_vs_wt-lowK,0.432138568705497,0.023867866862536
CCNA_03433,quintero_wt-highK_vs_wt-lowK,-0.0696209025061035,0.744680891477474
CCNA_03434,quintero_wt-highK_vs_wt-lowK,-0.563970715651308,0.0011561550967115
CCNA_R0191,quintero_wt-highK_vs_wt-lowK,0,0
CCNA_03435,quintero_wt-highK_vs_wt-lowK,-0.486355649273821,0.00427821732603195
CCNA_03436,quintero_wt-highK_vs_wt-lowK,-0.168119949854966,0.34442717198124
CCNA_03437,quintero_wt-highK_vs_wt-lowK,-1.13558657310509,9.24693056244036e-8
CCNA_03438,quintero_wt-highK_vs_wt-lowK,0.0756726866275963,0.767400958826313
CCNA_03439,quintero_wt-highK_vs_wt-lowK,-0.401897960203508,0.125386478606944
CCNA_03440,quintero_wt-highK_vs_wt-lowK,-0.156578816260979,0.66792432945122
CCNA_03441,quintero_wt-highK_vs_wt-lowK,0,0
CCNA_03442,quintero_wt-highK_vs_wt-lowK,0.822321099940223,0.0469356312226284
CCNA_03443,quintero_wt-highK_vs_wt-lowK,-0.155240451521969,0.489997731392723
CCNA_03444,quintero_wt-highK_vs_wt-lowK,-2.15583039484696,1.30655462091212e-30
CCNA_R0192,quintero_wt-highK_vs_wt-lowK,0.327106070179256,0.582825517651386
CCNA_03445,quintero_wt-highK_vs_wt-lowK,-1.1629241936695,2.99248826974244e-13
CCNA_03446,quintero_wt-highK_vs_wt-lowK,-1.87527747572334,3.58443639743326e-25
CCNA_03447,quintero_wt-highK_vs_wt-lowK,-2.21972877510227,7.57277647471093e-12
CCNA_03448,quintero_wt-highK_vs_wt-lowK,-0.749175985403944,4.33348426553512e-5
CCNA_03449,quintero_wt-highK_vs_wt-lowK,-0.224398876275756,0.193286767081786
CCNA_03450,quintero_wt-highK_vs_wt-lowK,-1.35894806811247,3.56110543861206e-10
CCNA_03451,quintero_wt-highK_vs_wt-lowK,0.329029281136882,0.190626213591602
CCNA_03452,quintero_wt-highK_vs_wt-lowK,0.31576003415064,0.246850176998824
CCNA_03453,quintero_wt-highK_vs_wt-lowK,0.271773230564373,0.160464672495922
CCNA_03454,quintero_wt-highK_vs_wt-lowK,0.197577995784033,0.253483066445481
CCNA_03455,quintero_wt-highK_vs_wt-lowK,0.402031197676477,0.0145425457320414
CCNA_03456,quintero_wt-highK_vs_wt-lowK,-1.02958328083483,4.23079236142199e-5
CCNA_03457,quintero_wt-highK_vs_wt-lowK,-0.820935407954255,4.86235453293933e-4
CCNA_03458,quintero_wt-highK_vs_wt-lowK,-0.794140972010969,2.77108312358518e-4
CCNA_03992,quintero_wt-highK_vs_wt-lowK,-0.628322599130332,0.0807161941342169
CCNA_03459,quintero_wt-highK_vs_wt-lowK,-1.2688964590107,5.67675661723342e-7
CCNA_03460,quintero_wt-highK_vs_wt-lowK,0.499891309800055,0.00465462956206518
CCNA_03461,quintero_wt-highK_vs_wt-lowK,0.219990182252758,0.200902847855003
CCNA_03462,quintero_wt-highK_vs_wt-lowK,0.43858352216121,0.00908465104060962
CCNA_03463,quintero_wt-highK_vs_wt-lowK,0.329900103723095,0.0422417024915544
CCNA_03464,quintero_wt-highK_vs_wt-lowK,0.286646754235605,0.106057170850344
CCNA_03465,quintero_wt-highK_vs_wt-lowK,0.382038069035974,0.0187273960982762
CCNA_03466,quintero_wt-highK_vs_wt-lowK,-0.470239833156847,0.0288531804536592
CCNA_03467,quintero_wt-highK_vs_wt-lowK,-0.290467852205599,0.114881137566784
CCNA_03468,quintero_wt-highK_vs_wt-lowK,-0.578284127748102,0.00738108889403187
CCNA_03469,quintero_wt-highK_vs_wt-lowK,0.854935085266499,3.92904595573556e-7
CCNA_03909,quintero_wt-highK_vs_wt-lowK,0.303747241580462,0.0572191710622746
CCNA_03471,quintero_wt-highK_vs_wt-lowK,0.0420168403779849,0.817070038171401
CCNA_03472,quintero_wt-highK_vs_wt-lowK,0.200610409726524,0.33805448859791
CCNA_03473,quintero_wt-highK_vs_wt-lowK,-0.393886714115045,0.0179645310917058
CCNA_03474,quintero_wt-highK_vs_wt-lowK,-0.485347376323983,0.00558623972934029
CCNA_03475,quintero_wt-highK_vs_wt-lowK,0.747174628847628,2.54920138015386e-5
CCNA_03476,quintero_wt-highK_vs_wt-lowK,1.09675386326846,2.13049480998689e-6
CCNA_03477,quintero_wt-highK_vs_wt-lowK,-0.0189714369930902,0.953979658782153
CCNA_03478,quintero_wt-highK_vs_wt-lowK,-0.512367420488289,0.0135679335181911
CCNA_03479,quintero_wt-highK_vs_wt-lowK,-0.536046973766713,0.0144383664086295
CCNA_03480,quintero_wt-highK_vs_wt-lowK,0.237206583827408,0.316715005610044
CCNA_03481,quintero_wt-highK_vs_wt-lowK,1.0138469034989,8.18459409410782e-7
CCNA_03482,quintero_wt-highK_vs_wt-lowK,0.254074646988635,0.166738967510644
CCNA_03483,quintero_wt-highK_vs_wt-lowK,0.3586319801494,0.0255895498412531
CCNA_03484,quintero_wt-highK_vs_wt-lowK,-1.1688114968654,1.22363783650579e-9
CCNA_03485,quintero_wt-highK_vs_wt-lowK,-1.1156290027624,4.35365109922893e-7
CCNA_03486,quintero_wt-highK_vs_wt-lowK,-0.0119503409886697,0.965884876028724
CCNA_03487,quintero_wt-highK_vs_wt-lowK,-2.93463354437588,2.33847688635695e-17
CCNA_03488,quintero_wt-highK_vs_wt-lowK,-1.8578519462115901,1.13662341700552e-16
CCNA_03489,quintero_wt-highK_vs_wt-lowK,-1.00987615981896,1.26054913516093e-5
CCNA_03490,quintero_wt-highK_vs_wt-lowK,-0.765155420772402,0.00164617282713797
CCNA_03491,quintero_wt-highK_vs_wt-lowK,-0.86698682627155,1.68831681197753e-6
CCNA_03492,quintero_wt-highK_vs_wt-lowK,-0.169497062292112,0.39066386479769
CCNA_03493,quintero_wt-highK_vs_wt-lowK,0.124444564123812,0.588909741737443
CCNA_03494,quintero_wt-highK_vs_wt-lowK,-0.778334625963577,2.22397398742405e-4
CCNA_03495,quintero_wt-highK_vs_wt-lowK,-0.0329060324927886,0.859831869589069
CCNA_03496,quintero_wt-highK_vs_wt-lowK,0.82210871886797,2.17423610040277e-6
CCNA_03497,quintero_wt-highK_vs_wt-lowK,0.129223650312056,0.580725039577619
CCNA_03498,quintero_wt-highK_vs_wt-lowK,0.212595331233419,0.498033306632959
CCNA_03499,quintero_wt-highK_vs_wt-lowK,0.682260485049507,0.002400951690688
CCNA_03500,quintero_wt-highK_vs_wt-lowK,-0.299826459479723,0.0944224828780122
CCNA_03501,quintero_wt-highK_vs_wt-lowK,0.181019260696025,0.304413690799173
CCNA_03502,quintero_wt-highK_vs_wt-lowK,-0.489538916408183,0.00488099170000863
CCNA_03503,quintero_wt-highK_vs_wt-lowK,0.301934586412167,0.0561239416206956
CCNA_03504,quintero_wt-highK_vs_wt-lowK,0.565367747609296,8.41213521719064e-4
CCNA_03505,quintero_wt-highK_vs_wt-lowK,0.0997348429478087,0.595286120403871
CCNA_03506,quintero_wt-highK_vs_wt-lowK,-0.65777900774914,0.00151971437481873
CCNA_03507,quintero_wt-highK_vs_wt-lowK,0.249548626246825,0.1578843117145
CCNA_03508,quintero_wt-highK_vs_wt-lowK,-0.203309260556128,0.341030233213841
CCNA_03509,quintero_wt-highK_vs_wt-lowK,1.21655871824063,4.91167488220367e-9
CCNA_03510,quintero_wt-highK_vs_wt-lowK,0.963891320904745,1.20541639659586e-7
CCNA_03511,quintero_wt-highK_vs_wt-lowK,0.476798670509807,0.0143254717884256
CCNA_03512,quintero_wt-highK_vs_wt-lowK,0.479708959310259,0.0522691500756163
CCNA_03513,quintero_wt-highK_vs_wt-lowK,0.242282347746224,0.128822523322474
CCNA_03514,quintero_wt-highK_vs_wt-lowK,0.569425494561559,4.44034595810123e-4
CCNA_03515,quintero_wt-highK_vs_wt-lowK,0.957950603807644,4.08052887569998e-8
CCNA_03516,quintero_wt-highK_vs_wt-lowK,0.889036804066489,2.26968392187841e-5
CCNA_03517,quintero_wt-highK_vs_wt-lowK,0.745365372822192,3.15590069032533e-4
CCNA_03518,quintero_wt-highK_vs_wt-lowK,0.82586365328345,4.28283449810661e-5
CCNA_03519,quintero_wt-highK_vs_wt-lowK,-0.359497490466977,0.257865292508548
CCNA_03520,quintero_wt-highK_vs_wt-lowK,-0.755527387034033,0.00330549836256154
CCNA_03521,quintero_wt-highK_vs_wt-lowK,-0.68133422309918,0.00597441809061718
CCNA_03522,quintero_wt-highK_vs_wt-lowK,-0.484528136787169,0.00764873210099295
CCNA_03523,quintero_wt-highK_vs_wt-lowK,0.656353073138899,0.00172284096449123
CCNA_R0078,quintero_wt-highK_vs_wt-lowK,0.865423648503093,0.041641636011533
CCNA_R0210,quintero_wt-highK_vs_wt-lowK,0,0
CCNA_03524,quintero_wt-highK_vs_wt-lowK,0.2527352120629,0.189230601629817
CCNA_03525,quintero_wt-highK_vs_wt-lowK,0.408261399896574,0.180281970383676
CCNA_03526,quintero_wt-highK_vs_wt-lowK,-0.38337451088074,0.473600865906678
CCNA_03527,quintero_wt-highK_vs_wt-lowK,0.530634430736795,0.00127571741708808
CCNA_03528,quintero_wt-highK_vs_wt-lowK,0.230409536321362,0.209754429296777
CCNA_03529,quintero_wt-highK_vs_wt-lowK,-0.925819918267924,4.69568609655401e-7
CCNA_03530,quintero_wt-highK_vs_wt-lowK,0.0257699905551429,0.932365421750302
CCNA_03531,quintero_wt-highK_vs_wt-lowK,0.0661484949784035,0.76514523238134
CCNA_03532,quintero_wt-highK_vs_wt-lowK,-1.07789788660805,2.49890575819953e-8
CCNA_03533,quintero_wt-highK_vs_wt-lowK,0.701196690371146,2.81443589473083e-4
CCNA_03534,quintero_wt-highK_vs_wt-lowK,0.193927961306645,0.302758106251154
CCNA_03535,quintero_wt-highK_vs_wt-lowK,-1.63471350536474,1.10562643504091e-9
CCNA_03536,quintero_wt-highK_vs_wt-lowK,0.588071940096352,0.00713763949744131
CCNA_03537,quintero_wt-highK_vs_wt-lowK,0.103753938220212,0.610192101734202
CCNA_03538,quintero_wt-highK_vs_wt-lowK,0.303634211648658,0.0890340782420692
CCNA_03539,quintero_wt-highK_vs_wt-lowK,-0.246869202963829,0.192166201522315
CCNA_03540,quintero_wt-highK_vs_wt-lowK,0.132093222943754,0.47902621782793
CCNA_03541,quintero_wt-highK_vs_wt-lowK,-0.129240815926956,0.500961697082258
CCNA_03542,quintero_wt-highK_vs_wt-lowK,0.0964510033337102,0.626336784031473
CCNA_R0193,quintero_wt-highK_vs_wt-lowK,0.0150124549023949,0.984702003670226
CCNA_03543,quintero_wt-highK_vs_wt-lowK,0.671738886045426,1.43353444194735e-5
CCNA_03544,quintero_wt-highK_vs_wt-lowK,0.83559136064013,6.9690160908103e-5
CCNA_03545,quintero_wt-highK_vs_wt-lowK,-0.627286518358344,3.75630805830202e-4
CCNA_03546,quintero_wt-highK_vs_wt-lowK,0.0371656193207676,0.89591687923738
CCNA_03547,quintero_wt-highK_vs_wt-lowK,0.0708763630322228,0.719094786263033
CCNA_03548,quintero_wt-highK_vs_wt-lowK,-0.671602552179815,3.009150137788e-4
CCNA_03549,quintero_wt-highK_vs_wt-lowK,-0.0806597127409219,0.711300169136641
CCNA_03552,quintero_wt-highK_vs_wt-lowK,-0.206923639460926,0.241179597931115
CCNA_03553,quintero_wt-highK_vs_wt-lowK,0.259889551311021,0.132477941761095
CCNA_03554,quintero_wt-highK_vs_wt-lowK,-0.562391657734828,3.1737660304922e-4
CCNA_03555,quintero_wt-highK_vs_wt-lowK,-0.490822813373275,0.00259712611512601
CCNA_03556,quintero_wt-highK_vs_wt-lowK,0.582304069457482,0.00255227722302426
CCNA_03557,quintero_wt-highK_vs_wt-lowK,0.210188152904822,0.224643893506674
CCNA_03558,quintero_wt-highK_vs_wt-lowK,1.38563999365123,2.74063077216879e-14
CCNA_03559,quintero_wt-highK_vs_wt-lowK,1.36778350133885,2.82029964492738e-12
CCNA_03560,quintero_wt-highK_vs_wt-lowK,1.21280915820945,7.12379788801141e-10
CCNA_R0194,quintero_wt-highK_vs_wt-lowK,0,0
CCNA_03561,quintero_wt-highK_vs_wt-lowK,1.2256661268935,3.53565899698777e-10
CCNA_03562,quintero_wt-highK_vs_wt-lowK,0.90846001552451106,2.07211909226654e-6
CCNA_03563,quintero_wt-highK_vs_wt-lowK,0.946200743946439,1.40791348762199e-7
CCNA_03564,quintero_wt-highK_vs_wt-lowK,0.140164403760241,0.588209097243803
CCNA_03565,quintero_wt-highK_vs_wt-lowK,0.217533586620438,0.349354739897295
CCNA_03993,quintero_wt-highK_vs_wt-lowK,-0.488408947202685,0.00481380869680017
CCNA_03567,quintero_wt-highK_vs_wt-lowK,-1.59189763164629,1.06775856207601e-12
CCNA_03568,quintero_wt-highK_vs_wt-lowK,-1.15920528079238,1.29425840221851e-5
CCNA_03569,quintero_wt-highK_vs_wt-lowK,-1.00412844115666,6.51892343603774e-5
CCNA_03570,quintero_wt-highK_vs_wt-lowK,-0.790035096316145,0.00151549746886899
CCNA_03571,quintero_wt-highK_vs_wt-lowK,-0.321343852774437,0.178990513877131
CCNA_03994,quintero_wt-highK_vs_wt-lowK,0,0
CCNA_03572,quintero_wt-highK_vs_wt-lowK,-1.63554795390324,6.53870272329396e-17
CCNA_03573,quintero_wt-highK_vs_wt-lowK,-1.88177236673031,1.3280791471672e-21
CCNA_03574,quintero_wt-highK_vs_wt-lowK,-1.31618839519202,2.89267427107926e-16
CCNA_03575,quintero_wt-highK_vs_wt-lowK,-0.612634736726131,2.39797400696556e-4
CCNA_03576,quintero_wt-highK_vs_wt-lowK,-0.101434319810441,0.778127820863134
CCNA_03577,quintero_wt-highK_vs_wt-lowK,0.155918851953525,0.34666780192447
CCNA_03578,quintero_wt-highK_vs_wt-lowK,0.73130200460147,1.4269759045824e-5
CCNA_03579,quintero_wt-highK_vs_wt-lowK,-1.90681948269638,7.46134964184772e-13
CCNA_03580,quintero_wt-highK_vs_wt-lowK,-1.0250663179746,4.38483147083895e-7
CCNA_03581,quintero_wt-highK_vs_wt-lowK,0.824368292894416,2.95683904807921e-5
CCNA_03582,quintero_wt-highK_vs_wt-lowK,0.793205112508297,4.57656077853118e-4
CCNA_03583,quintero_wt-highK_vs_wt-lowK,1.06249064374406,1.48134242945774e-6
CCNA_03584,quintero_wt-highK_vs_wt-lowK,0.193805013445583,0.321297138933458
CCNA_03585,quintero_wt-highK_vs_wt-lowK,-0.207420176299654,0.242610812433577
CCNA_03586,quintero_wt-highK_vs_wt-lowK,0.0555267763835978,0.789246850178746
CCNA_03587,quintero_wt-highK_vs_wt-lowK,-0.990410249091514,0.00139426654251006
CCNA_03588,quintero_wt-highK_vs_wt-lowK,0.643579570277964,0.00606452526759776
CCNA_03589,quintero_wt-highK_vs_wt-lowK,-0.00549009927798094,0.982842190258305
CCNA_03590,quintero_wt-highK_vs_wt-lowK,-0.145233267102457,0.421662807283975
CCNA_03591,quintero_wt-highK_vs_wt-lowK,0.250518838384681,0.204621140179592
CCNA_03592,quintero_wt-highK_vs_wt-lowK,-0.878183191761508,4.04347313908564e-6
CCNA_03593,quintero_wt-highK_vs_wt-lowK,-2.75394789685592,3.19334141474969e-35
CCNA_03594,quintero_wt-highK_vs_wt-lowK,-0.705641425366241,6.2019206643108e-4
CCNA_03595,quintero_wt-highK_vs_wt-lowK,-0.355921125461181,0.0353553920488658
CCNA_03596,quintero_wt-highK_vs_wt-lowK,0.361103652515427,0.0690727966991005
CCNA_03597,quintero_wt-highK_vs_wt-lowK,0.273832078552125,0.162290092802508
CCNA_03598,quintero_wt-highK_vs_wt-lowK,-0.0782849805068002,0.652969812496597
CCNA_03995,quintero_wt-highK_vs_wt-lowK,1.02418546404821,1.35633803424227e-10
CCNA_03599,quintero_wt-highK_vs_wt-lowK,0.559558936726715,0.00489114399987081
CCNA_03600,quintero_wt-highK_vs_wt-lowK,0.56120181472933,0.00701527393225644
CCNA_03601,quintero_wt-highK_vs_wt-lowK,-0.592639781231327,6.11750538558757e-4
CCNA_03602,quintero_wt-highK_vs_wt-lowK,-0.375303572518406,0.0362786373593092
CCNA_03603,quintero_wt-highK_vs_wt-lowK,-1.18685251062059,3.00771892336352e-13
CCNA_03604,quintero_wt-highK_vs_wt-lowK,0.174955573211378,0.321479756648494
CCNA_03605,quintero_wt-highK_vs_wt-lowK,-1.61268685325529,6.49385401020157e-15
CCNA_03607,quintero_wt-highK_vs_wt-lowK,-0.533417661614291,3.62532318893091e-4
CCNA_03609,quintero_wt-highK_vs_wt-lowK,-0.0128544822016929,0.946274810834412
CCNA_03610,quintero_wt-highK_vs_wt-lowK,-0.130557787160116,0.517634862130764
CCNA_03611,quintero_wt-highK_vs_wt-lowK,0.0383542537998154,0.853517266961146
CCNA_03612,quintero_wt-highK_vs_wt-lowK,0.439816233586269,0.00991085363997899
CCNA_03613,quintero_wt-highK_vs_wt-lowK,0.799961592006841,1.24203958278851e-6
CCNA_03614,quintero_wt-highK_vs_wt-lowK,0.449674061490757,0.00558623972934029
CCNA_03615,quintero_wt-highK_vs_wt-lowK,-1.41954622024653,2.55703582295481e-16
CCNA_03616,quintero_wt-highK_vs_wt-lowK,-1.6438248084498,2.25736764640894e-21
CCNA_03617,quintero_wt-highK_vs_wt-lowK,-1.57947202835339,3.25614432752103e-12
CCNA_03618,quintero_wt-highK_vs_wt-lowK,-1.48091417326959,1.69726847708944e-13
CCNA_03619,quintero_wt-highK_vs_wt-lowK,0.40916867822321,0.0268911253580067
CCNA_03620,quintero_wt-highK_vs_wt-lowK,-0.326871839676326,0.114986822927029
CCNA_03621,quintero_wt-highK_vs_wt-lowK,-0.52093427699316,0.0143254717884256
CCNA_03622,quintero_wt-highK_vs_wt-lowK,-0.744314567626158,0.00719312182304315
CCNA_03623,quintero_wt-highK_vs_wt-lowK,-0.940400044423976,9.10363630250675e-7
CCNA_03624,quintero_wt-highK_vs_wt-lowK,-2.27598749951438,8.93675470918765e-33
CCNA_03625,quintero_wt-highK_vs_wt-lowK,-0.53675604043175,0.00644396654896918
CCNA_R0079,quintero_wt-highK_vs_wt-lowK,0.2495851812584,0.73098820202826
CCNA_R0093,quintero_wt-highK_vs_wt-lowK,0,0
CCNA_03626,quintero_wt-highK_vs_wt-lowK,0.903508000368834,3.60876541118427e-7
CCNA_03627,quintero_wt-highK_vs_wt-lowK,0.806564679937937,1.81487095283461e-4
CCNA_03628,quintero_wt-highK_vs_wt-lowK,0.814101020810226,1.89915743483775e-6
CCNA_R0080,quintero_wt-highK_vs_wt-lowK,0.77488114285248,1.82756346139422e-5
CCNA_03629,quintero_wt-highK_vs_wt-lowK,-0.803149332228959,5.64610938342619e-6
CCNA_03630,quintero_wt-highK_vs_wt-lowK,-0.419495658228407,0.0177157267153609
CCNA_R0195,quintero_wt-highK_vs_wt-lowK,-0.305149173180798,0.259929229503226
CCNA_03631,quintero_wt-highK_vs_wt-lowK,0.0811098232549995,0.917979659188892
CCNA_03632,quintero_wt-highK_vs_wt-lowK,0.58149330712014,0.15119181806153
CCNA_03633,quintero_wt-highK_vs_wt-lowK,-0.0589935435912151,0.850395497197566
CCNA_03634,quintero_wt-highK_vs_wt-lowK,0.0450462561820151,0.878552446903103
CCNA_03996,quintero_wt-highK_vs_wt-lowK,-0.101878875327727,0.888407974430419
CCNA_03635,quintero_wt-highK_vs_wt-lowK,0.54426496550047,0.00401500085659764
CCNA_R0196,quintero_wt-highK_vs_wt-lowK,0.896557997608068,0.00810262050822603
CCNA_03636,quintero_wt-highK_vs_wt-lowK,0.459567407697515,0.00709490620740824
CCNA_03637,quintero_wt-highK_vs_wt-lowK,-0.312668723405108,0.0522132377306453
CCNA_R0082,quintero_wt-highK_vs_wt-lowK,1.59378899782528,9.91226540984832e-14
CCNA_R0083,quintero_wt-highK_vs_wt-lowK,1.68362273337282,3.37625537615222e-17
CCNA_R0211,quintero_wt-highK_vs_wt-lowK,NA,NA
CCNA_R0084,quintero_wt-highK_vs_wt-lowK,-0.329990370679791,0.0336512012690165
CCNA_R0085,quintero_wt-highK_vs_wt-lowK,1.14998249001553,0.0497153510812119
CCNA_R0086,quintero_wt-highK_vs_wt-lowK,0.946861847365783,0.0532464652476772
CCNA_R0087,quintero_wt-highK_vs_wt-lowK,0.315349188300993,0.136530483201497
CCNA_03639,quintero_wt-highK_vs_wt-lowK,0.371421783213898,0.0246863877233962
CCNA_03640,quintero_wt-highK_vs_wt-lowK,0.349211271046454,0.0727791199488938
CCNA_03641,quintero_wt-highK_vs_wt-lowK,0.536247483287473,0.00572741905921783
CCNA_03642,quintero_wt-highK_vs_wt-lowK,0.402677294177154,0.0377251110543427
CCNA_03643,quintero_wt-highK_vs_wt-lowK,0.292890405774169,0.0933208351403702
CCNA_03644,quintero_wt-highK_vs_wt-lowK,0.150934183793655,0.499748737257878
CCNA_03645,quintero_wt-highK_vs_wt-lowK,0.394778729264921,0.0394974809687682
CCNA_03646,quintero_wt-highK_vs_wt-lowK,0.803089491610451,2.77122056882073e-5
CCNA_03647,quintero_wt-highK_vs_wt-lowK,-0.57935265096519,0.00206574398848183
CCNA_03648,quintero_wt-highK_vs_wt-lowK,0.0850770719509081,0.71025231362202
CCNA_03649,quintero_wt-highK_vs_wt-lowK,0.29235001529418,0.113169912525798
CCNA_03650,quintero_wt-highK_vs_wt-lowK,0.123075275274773,0.629720096959711
CCNA_03651,quintero_wt-highK_vs_wt-lowK,0.308717293805124,0.102708506952979
CCNA_03652,quintero_wt-highK_vs_wt-lowK,0.401365568406445,0.0177939878409944
CCNA_03653,quintero_wt-highK_vs_wt-lowK,0.200729334764434,0.252021559520767
CCNA_03910,quintero_wt-highK_vs_wt-lowK,0.882530663177197,4.68237301044825e-4
CCNA_03655,quintero_wt-highK_vs_wt-lowK,-0.13345578202477,0.497490196326613
CCNA_03656,quintero_wt-highK_vs_wt-lowK,-0.705214304649219,1.21045255258261e-4
CCNA_03657,quintero_wt-highK_vs_wt-lowK,0.901159624262643,1.78223015028085e-6
CCNA_03658,quintero_wt-highK_vs_wt-lowK,0.842108712210606,1.45432052972838e-6
CCNA_03659,quintero_wt-highK_vs_wt-lowK,-0.0827537044931231,0.730792641630727
CCNA_03660,quintero_wt-highK_vs_wt-lowK,-2.93139630135154,1.99485971681545e-19
CCNA_03661,quintero_wt-highK_vs_wt-lowK,0.328020194547143,0.482857225632466
CCNA_03662,quintero_wt-highK_vs_wt-lowK,0.372596200376568,0.0651957406469148
CCNA_03663,quintero_wt-highK_vs_wt-lowK,-0.0979966073676506,0.56695951475986
CCNA_03664,quintero_wt-highK_vs_wt-lowK,-0.073864965571119,0.6958895862733
CCNA_03665,quintero_wt-highK_vs_wt-lowK,-0.301555680432342,0.0716082591772806
CCNA_03666,quintero_wt-highK_vs_wt-lowK,-0.205629514571984,0.308105163014259
CCNA_03667,quintero_wt-highK_vs_wt-lowK,-0.39868502815261597,0.0532769162864129
CCNA_03668,quintero_wt-highK_vs_wt-lowK,-1.33422196588141,5.32158614475784e-7
CCNA_R0081,quintero_wt-highK_vs_wt-lowK,-0.442603357455224,0.0586460840644442
CCNA_03669,quintero_wt-highK_vs_wt-lowK,-1.50844774457138,1.98273370606228e-15
CCNA_03670,quintero_wt-highK_vs_wt-lowK,-0.804951414931994,1.52701563272705e-4
CCNA_03671,quintero_wt-highK_vs_wt-lowK,0.58576890553821,0.00221816326169457
CCNA_03672,quintero_wt-highK_vs_wt-lowK,0.548933636245573,0.00300516386353225
CCNA_03673,quintero_wt-highK_vs_wt-lowK,-0.3301390980267,0.0367358424887037
CCNA_03674,quintero_wt-highK_vs_wt-lowK,-0.857997942579553,2.45747337064725e-6
CCNA_03675,quintero_wt-highK_vs_wt-lowK,-1.1530652454555,6.96809126505912e-8
CCNA_03676,quintero_wt-highK_vs_wt-lowK,-0.313362039584268,0.11991307630145
CCNA_03677,quintero_wt-highK_vs_wt-lowK,0.17228383165574301,0.344378042283216
CCNA_03678,quintero_wt-highK_vs_wt-lowK,-0.0763134585481815,0.689808941857369
CCNA_03679,quintero_wt-highK_vs_wt-lowK,0.420917424633341,0.0357903652071984
CCNA_03680,quintero_wt-highK_vs_wt-lowK,-0.14048237939352,0.395624719239619
CCNA_03681,quintero_wt-highK_vs_wt-lowK,-0.273522716678178,0.0815356561995989
CCNA_03682,quintero_wt-highK_vs_wt-lowK,0.0175498121711384,0.929131198577603
CCNA_03683,quintero_wt-highK_vs_wt-lowK,0.266874395027088,0.123298719846332
CCNA_03684,quintero_wt-highK_vs_wt-lowK,0.469330197950573,0.0041828676506789
CCNA_03685,quintero_wt-highK_vs_wt-lowK,0.558840172862741,0.00156962771857618
CCNA_03686,quintero_wt-highK_vs_wt-lowK,-0.262384686422763,0.139703350006253
CCNA_03687,quintero_wt-highK_vs_wt-lowK,0.399825541676488,0.0300277412955972
CCNA_03688,quintero_wt-highK_vs_wt-lowK,-0.00331956158760529,0.991685132699446
CCNA_03689,quintero_wt-highK_vs_wt-lowK,-3.18829281970063,9.24868110706579e-32
CCNA_03690,quintero_wt-highK_vs_wt-lowK,-0.321877322511885,0.0771780154085814
CCNA_03691,quintero_wt-highK_vs_wt-lowK,-0.019503872976029,0.920120195974267
CCNA_03692,quintero_wt-highK_vs_wt-lowK,-0.343343107363186,0.106892585544726
CCNA_03693,quintero_wt-highK_vs_wt-lowK,-0.61852710916974,0.00264838401267176
CCNA_03694,quintero_wt-highK_vs_wt-lowK,-2.07562742804287,3.21500843583986e-16
CCNA_03695,quintero_wt-highK_vs_wt-lowK,-2.33935585470638,1.55767240079274e-16
CCNA_03696,quintero_wt-highK_vs_wt-lowK,-1.73930661699888,1.21250070688641e-15
CCNA_03697,quintero_wt-highK_vs_wt-lowK,-0.710499842028836,2.76250063234666e-4
CCNA_03698,quintero_wt-highK_vs_wt-lowK,-0.367529087868361,0.0905308223426421
CCNA_03699,quintero_wt-highK_vs_wt-lowK,-0.307734581821335,0.080061199426078
CCNA_R0197,quintero_wt-highK_vs_wt-lowK,0,0
CCNA_03700,quintero_wt-highK_vs_wt-lowK,0.56491450855414,0.0123433216427241
CCNA_03701,quintero_wt-highK_vs_wt-lowK,0.843416062031327,6.04341318848684e-6
CCNA_03702,quintero_wt-highK_vs_wt-lowK,0.95877059304633,1.21190280539658e-6
CCNA_03703,quintero_wt-highK_vs_wt-lowK,0.981854055673402,7.43390754138153e-8
CCNA_03704,quintero_wt-highK_vs_wt-lowK,0.910943309836423,8.1470968307413e-6
CCNA_03705,quintero_wt-highK_vs_wt-lowK,0.837347603072672,4.57320834613988e-6
CCNA_R0089,quintero_wt-highK_vs_wt-lowK,0.833534671752525,4.75802103924351e-5
CCNA_03706,quintero_wt-highK_vs_wt-lowK,0.620376298320096,1.96366738775388e-4
CCNA_03707,quintero_wt-highK_vs_wt-lowK,0.464993840050135,0.00696942655331722
CCNA_03708,quintero_wt-highK_vs_wt-lowK,0.610899464580781,0.0147318809309319
CCNA_03709,quintero_wt-highK_vs_wt-lowK,-1.06205861855614,0.0164110318405442
CCNA_03710,quintero_wt-highK_vs_wt-lowK,-1.11467301303768,6.27242182864014e-9
CCNA_03711,quintero_wt-highK_vs_wt-lowK,-1.64436202389475,2.68721629155926e-11
CCNA_03712,quintero_wt-highK_vs_wt-lowK,-0.344285773085041,0.0560325663306388
CCNA_03713,quintero_wt-highK_vs_wt-lowK,-0.146446888147735,0.416023387284393
CCNA_03714,quintero_wt-highK_vs_wt-lowK,0.448872129856152,0.00339583559893114
CCNA_03715,quintero_wt-highK_vs_wt-lowK,0.126201612069985,0.503367987381957
CCNA_03716,quintero_wt-highK_vs_wt-lowK,0.137032692439384,0.438473355432139
CCNA_03717,quintero_wt-highK_vs_wt-lowK,0.18886745300523,0.260442928498355
CCNA_R0090,quintero_wt-highK_vs_wt-lowK,1.32569479854157,3.01985860107745e-8
CCNA_03718,quintero_wt-highK_vs_wt-lowK,0.360526538556713,0.0401606706419399
CCNA_R0198,quintero_wt-highK_vs_wt-lowK,0.575894070622435,0.0855602255562081
CCNA_03719,quintero_wt-highK_vs_wt-lowK,0.187191596467663,0.283814756227842
CCNA_03721,quintero_wt-highK_vs_wt-lowK,0.718156534436097,1.72696550109237e-4
CCNA_03722,quintero_wt-highK_vs_wt-lowK,0.155161859094036,0.54664145937753
CCNA_03723,quintero_wt-highK_vs_wt-lowK,1.1919263143951,1.06788575213929e-6
CCNA_03724,quintero_wt-highK_vs_wt-lowK,-0.400852578556608,0.0815536928012461
CCNA_03725,quintero_wt-highK_vs_wt-lowK,-0.203283642589231,0.313918590394782
CCNA_03726,quintero_wt-highK_vs_wt-lowK,0.398812538436361,0.0120803644084663
CCNA_03727,quintero_wt-highK_vs_wt-lowK,0.299668324821391,0.0817280399753679
CCNA_03728,quintero_wt-highK_vs_wt-lowK,0.545847934137377,6.81240809513188e-4
CCNA_03729,quintero_wt-highK_vs_wt-lowK,0.562451727106018,0.00114256100571079
CCNA_03730,quintero_wt-highK_vs_wt-lowK,0.423093543643927,0.0304788863309618
CCNA_03731,quintero_wt-highK_vs_wt-lowK,0.211296104994451,0.264367290344083
CCNA_03732,quintero_wt-highK_vs_wt-lowK,0.390455656299903,0.0125699828672993
CCNA_03733,quintero_wt-highK_vs_wt-lowK,0.0330598078105549,0.865513704380899
CCNA_03734,quintero_wt-highK_vs_wt-lowK,0.0649397991924141,0.73552254566984
CCNA_03735,quintero_wt-highK_vs_wt-lowK,0.699012683094843,2.93920560865886e-4
CCNA_R0091,quintero_wt-highK_vs_wt-lowK,1.04437800379035,7.90910465513783e-8
CCNA_03736,quintero_wt-highK_vs_wt-lowK,0.00767673724907485,0.973402793702826
CCNA_03737,quintero_wt-highK_vs_wt-lowK,-0.528238690522137,0.0167637404608007
CCNA_03738,quintero_wt-highK_vs_wt-lowK,-0.0582055253038339,0.77689209367868
CCNA_03739,quintero_wt-highK_vs_wt-lowK,0.441941929836705,0.0532769162864129
CCNA_03740,quintero_wt-highK_vs_wt-lowK,0.200317114715729,0.37499565760391
CCNA_03741,quintero_wt-highK_vs_wt-lowK,-0.166930292392281,0.419408742841
CCNA_03742,quintero_wt-highK_vs_wt-lowK,-0.38788618262743,0.0402276496829415
CCNA_03743,quintero_wt-highK_vs_wt-lowK,-1.02055707436129,4.71057569939652e-10
CCNA_03744,quintero_wt-highK_vs_wt-lowK,0.771262873395075,1.63501357923511e-4
CCNA_03745,quintero_wt-highK_vs_wt-lowK,0.961552355195325,9.87593257592193e-7
CCNA_03746,quintero_wt-highK_vs_wt-lowK,-0.55574289310084,0.00817270051555318
CCNA_03747,quintero_wt-highK_vs_wt-lowK,0.227641308088555,0.233099292398577
CCNA_03748,quintero_wt-highK_vs_wt-lowK,0.317941114100626,0.0885249465892052
CCNA_03749,quintero_wt-highK_vs_wt-lowK,-0.318036636188169,0.118897604088584
CCNA_03750,quintero_wt-highK_vs_wt-lowK,0.635391794691156,3.83510011980387e-4
CCNA_03751,quintero_wt-highK_vs_wt-lowK,0.606495622981386,3.19170277973105e-4
CCNA_03752,quintero_wt-highK_vs_wt-lowK,0.496688355130391,0.00552348746823724
CCNA_03753,quintero_wt-highK_vs_wt-lowK,0.520911174019655,0.00359556442514448
CCNA_03754,quintero_wt-highK_vs_wt-lowK,0.416003261254035,0.0264770885371578
CCNA_03755,quintero_wt-highK_vs_wt-lowK,0.423516770071822,0.0246129866130151
CCNA_03756,quintero_wt-highK_vs_wt-lowK,-0.184092936248326,0.335776840084141
CCNA_03757,quintero_wt-highK_vs_wt-lowK,-0.244233660121405,0.332579374510964
CCNA_03758,quintero_wt-highK_vs_wt-lowK,-0.00838984522575997,0.978249075114689
CCNA_03759,quintero_wt-highK_vs_wt-lowK,-0.178167414084622,0.434951961923797
CCNA_03760,quintero_wt-highK_vs_wt-lowK,-0.160916484227531,0.388259304573646
CCNA_03761,quintero_wt-highK_vs_wt-lowK,-0.103861042426149,0.584850752676924
CCNA_03762,quintero_wt-highK_vs_wt-lowK,-1.28217373240097,4.74342649116655e-5
CCNA_03763,quintero_wt-highK_vs_wt-lowK,-0.491401777422354,0.0175541858731107
CCNA_03764,quintero_wt-highK_vs_wt-lowK,0.638608319123991,2.89291289524588e-4
CCNA_03765,quintero_wt-highK_vs_wt-lowK,0.643801060518826,1.79693534794222e-4
CCNA_03766,quintero_wt-highK_vs_wt-lowK,1.3091700055772,3.55808363909684e-12
CCNA_03767,quintero_wt-highK_vs_wt-lowK,1.43165100215339,6.44664689093672e-12
CCNA_03768,quintero_wt-highK_vs_wt-lowK,1.23676021058458,3.40507879282227e-12
CCNA_03769,quintero_wt-highK_vs_wt-lowK,0.977965383627096,3.06404822343025e-7
CCNA_03770,quintero_wt-highK_vs_wt-lowK,0.627248002350831,0.00116830284540911
CCNA_03771,quintero_wt-highK_vs_wt-lowK,-0.0481836487627554,0.79433789749975
CCNA_03772,quintero_wt-highK_vs_wt-lowK,0.0835989785681874,0.703498074303649
CCNA_03773,quintero_wt-highK_vs_wt-lowK,-0.2955421123796,0.0691797138633542
CCNA_03774,quintero_wt-highK_vs_wt-lowK,-0.744010940998514,7.71026642229172e-7
CCNA_03775,quintero_wt-highK_vs_wt-lowK,-0.88396675233239,2.49545823673125e-4
CCNA_03776,quintero_wt-highK_vs_wt-lowK,0.47371347280689,0.0125807287654983
CCNA_03777,quintero_wt-highK_vs_wt-lowK,0.264671825258612,0.171421911134803
CCNA_03778,quintero_wt-highK_vs_wt-lowK,-0.749870206190561,7.10512733705898e-5
CCNA_03779,quintero_wt-highK_vs_wt-lowK,-0.35983479796155,0.174387990864184
CCNA_R0088,quintero_wt-highK_vs_wt-lowK,-0.525774779585712,0.400269406052983
CCNA_R0092,quintero_wt-highK_vs_wt-lowK,0.360540439295584,0.188131332064142
CCNA_03780,quintero_wt-highK_vs_wt-lowK,0.0724562065405392,0.704464406080796
CCNA_03781,quintero_wt-highK_vs_wt-lowK,0.64091772613276,1.67819458934213e-4
CCNA_03782,quintero_wt-highK_vs_wt-lowK,0.125421377921839,0.573333096398641
CCNA_03783,quintero_wt-highK_vs_wt-lowK,0.137489654921548,0.622239077970766
CCNA_03784,quintero_wt-highK_vs_wt-lowK,0.321967869493054,0.202372238793166
CCNA_03997,quintero_wt-highK_vs_wt-lowK,-1.1191004567117,7.13729346027359e-6
CCNA_03786,quintero_wt-highK_vs_wt-lowK,-0.0956689729797441,0.654636351788619
CCNA_03787,quintero_wt-highK_vs_wt-lowK,0.654090993477431,0.0295580811491302
CCNA_03788,quintero_wt-highK_vs_wt-lowK,0.539514538700489,0.00319322167966844
CCNA_03789,quintero_wt-highK_vs_wt-lowK,0.64182163679596,0.001272566643368
CCNA_03790,quintero_wt-highK_vs_wt-lowK,-0.313882373372603,0.185615634508783
CCNA_03791,quintero_wt-highK_vs_wt-lowK,0.146062824479389,0.527906316156084
CCNA_03792,quintero_wt-highK_vs_wt-lowK,0.634173111703169,8.26808447954147e-4
CCNA_03793,quintero_wt-highK_vs_wt-lowK,0.815913205617026,1.1520234117393e-6
CCNA_03794,quintero_wt-highK_vs_wt-lowK,0.0255592226954164,0.917150809609971
CCNA_03795,quintero_wt-highK_vs_wt-lowK,-1.12082539433645,3.82570955390112e-5
CCNA_03796,quintero_wt-highK_vs_wt-lowK,0.196831414053176,0.244170507987263
CCNA_03797,quintero_wt-highK_vs_wt-lowK,0.412479343863202,0.0992207280271246
CCNA_03798,quintero_wt-highK_vs_wt-lowK,0.471067702988485,0.00741823110255506
CCNA_03799,quintero_wt-highK_vs_wt-lowK,0.489485824514394,0.00421514868390578
CCNA_03800,quintero_wt-highK_vs_wt-lowK,0.271832427558933,0.100010708417393
CCNA_03801,quintero_wt-highK_vs_wt-lowK,-0.58187218276733,1.01085406861168e-4
CCNA_03802,quintero_wt-highK_vs_wt-lowK,-0.314891844234163,0.0506963850506479
CCNA_03803,quintero_wt-highK_vs_wt-lowK,0.206670934717552,0.229188464315218
CCNA_03804,quintero_wt-highK_vs_wt-lowK,-0.0685661917143666,0.805735810223967
CCNA_03805,quintero_wt-highK_vs_wt-lowK,-0.103013622987389,0.632396296236901
CCNA_03806,quintero_wt-highK_vs_wt-lowK,1.08769264442701,1.33979288908481e-7
CCNA_03807,quintero_wt-highK_vs_wt-lowK,1.22592437752663,6.26883652505072e-7
CCNA_03808,quintero_wt-highK_vs_wt-lowK,0.941262467781768,2.7676212931807e-4
CCNA_03809,quintero_wt-highK_vs_wt-lowK,1.03725126611026,7.71026642229172e-7
CCNA_03810,quintero_wt-highK_vs_wt-lowK,1.06492818922618,1.2535025289568e-5
CCNA_03811,quintero_wt-highK_vs_wt-lowK,0.745565952347681,2.24442642327952e-4
CCNA_03812,quintero_wt-highK_vs_wt-lowK,-0.17565810795843,0.458936865132899
CCNA_03813,quintero_wt-highK_vs_wt-lowK,-0.0463663987452641,0.794025982336223
CCNA_03814,quintero_wt-highK_vs_wt-lowK,-0.498856421095394,0.00407898395921797
CCNA_03815,quintero_wt-highK_vs_wt-lowK,-0.30694661958779,0.065761958787954
CCNA_03816,quintero_wt-highK_vs_wt-lowK,-0.480669184827219,0.00490498130414562
CCNA_03817,quintero_wt-highK_vs_wt-lowK,-0.00776744708768353,0.973406435701516
CCNA_03818,quintero_wt-highK_vs_wt-lowK,0.673228560330158,0.00345488784980829
CCNA_03819,quintero_wt-highK_vs_wt-lowK,0.00284146325890007,0.990602634169292
CCNA_03820,quintero_wt-highK_vs_wt-lowK,0.25239669027093,0.172156548676769
CCNA_R0199,quintero_wt-highK_vs_wt-lowK,0.717086887444886,6.41553940739145e-4
CCNA_03821,quintero_wt-highK_vs_wt-lowK,0.62146275579006,1.6858992080415e-4
CCNA_03822,quintero_wt-highK_vs_wt-lowK,0.260296569158184,0.173641382901622
CCNA_03823,quintero_wt-highK_vs_wt-lowK,0.130969160813536,0.450421786295588
CCNA_03824,quintero_wt-highK_vs_wt-lowK,0.106541765085396,0.534633616098941
CCNA_03825,quintero_wt-highK_vs_wt-lowK,-0.783111156592556,1.07551508421776e-5
CCNA_03826,quintero_wt-highK_vs_wt-lowK,-0.788102042826546,1.16059726572026e-5
CCNA_03827,quintero_wt-highK_vs_wt-lowK,-0.048406043892356,0.794025982336223
CCNA_03828,quintero_wt-highK_vs_wt-lowK,0.120307427399305,0.494286879189815
CCNA_03829,quintero_wt-highK_vs_wt-lowK,-0.443230243436614,0.0318204991977721
CCNA_03830,quintero_wt-highK_vs_wt-lowK,0.485128712907047,0.002683648706449
CCNA_03831,quintero_wt-highK_vs_wt-lowK,0.330348668617212,0.063788535334734
CCNA_03832,quintero_wt-highK_vs_wt-lowK,0.792642154576464,1.11227493903801e-5
CCNA_03833,quintero_wt-highK_vs_wt-lowK,0.12541360404081,0.454993975294502
CCNA_03834,quintero_wt-highK_vs_wt-lowK,0.25737178591807103,0.188073294142532
CCNA_03835,quintero_wt-highK_vs_wt-lowK,0.22642173319771,0.156306246453457
CCNA_03836,quintero_wt-highK_vs_wt-lowK,0.30180063509355,0.0683744809315087
CCNA_03837,quintero_wt-highK_vs_wt-lowK,0.0470535570563002,0.843860622765226
CCNA_03838,quintero_wt-highK_vs_wt-lowK,-0.390213714926349,0.0495513937757278
CCNA_03839,quintero_wt-highK_vs_wt-lowK,0.686698197959156,3.009150137788e-4
CCNA_03840,quintero_wt-highK_vs_wt-lowK,0.349124488610382,0.0355450348000858
CCNA_03841,quintero_wt-highK_vs_wt-lowK,-0.372675851155935,0.0352099226526885
CCNA_03842,quintero_wt-highK_vs_wt-lowK,-0.0745964822612269,0.767816342897487
CCNA_03843,quintero_wt-highK_vs_wt-lowK,0.700775362082118,3.09396161482255e-5
CCNA_03844,quintero_wt-highK_vs_wt-lowK,0.795731796919899,7.79498831257266e-7
CCNA_03845,quintero_wt-highK_vs_wt-lowK,0.143652677531566,0.450147833348646
CCNA_03846,quintero_wt-highK_vs_wt-lowK,-0.480847227752417,0.028120934111515
CCNA_03847,quintero_wt-highK_vs_wt-lowK,-0.731281903733095,7.68145279348065e-5
CCNA_03848,quintero_wt-highK_vs_wt-lowK,0.741415512586847,6.24844627608005e-5
CCNA_03849,quintero_wt-highK_vs_wt-lowK,0.926369015828964,2.18345996027871e-6
CCNA_03850,quintero_wt-highK_vs_wt-lowK,0.929343248788532,4.65659150628085e-7
CCNA_03851,quintero_wt-highK_vs_wt-lowK,1.23214631187341,2.6778272057022e-10
CCNA_03852,quintero_wt-highK_vs_wt-lowK,0.882308426181346,5.59497628257666e-8
CCNA_03853,quintero_wt-highK_vs_wt-lowK,0.9606251343688,1.85445536497567e-7
CCNA_03854,quintero_wt-highK_vs_wt-lowK,0.680541113305637,0.00485643833416766
CCNA_03855,quintero_wt-highK_vs_wt-lowK,0.38207003404192,0.0577180135691137
CCNA_03856,quintero_wt-highK_vs_wt-lowK,0.640365997966283,5.10988840766483e-5
CCNA_03857,quintero_wt-highK_vs_wt-lowK,-0.150524261557723,0.443993519501599
CCNA_03858,quintero_wt-highK_vs_wt-lowK,0.77792622641118,7.87673734769524e-6
CCNA_03859,quintero_wt-highK_vs_wt-lowK,-0.15175619188456901,0.450665263966084
CCNA_03860,quintero_wt-highK_vs_wt-lowK,0.25400945897888,0.165980538615126
CCNA_03861,quintero_wt-highK_vs_wt-lowK,0.144278020503009,0.449449097228773
CCNA_03862,quintero_wt-highK_vs_wt-lowK,-0.39230707258129,0.0242073605814384
CCNA_03863,quintero_wt-highK_vs_wt-lowK,-0.102094228298495,0.569589034411386
CCNA_03864,quintero_wt-highK_vs_wt-lowK,0.451276078755983,0.00896374220549341
CCNA_03865,quintero_wt-highK_vs_wt-lowK,0.822500916242318,1.07978668108489e-5
CCNA_03866,quintero_wt-highK_vs_wt-lowK,0.540761202097392,7.07589473390762e-4
CCNA_03867,quintero_wt-highK_vs_wt-lowK,0.755230451328082,1.23557691161329e-5
CCNA_03868,quintero_wt-highK_vs_wt-lowK,0.939624890037293,3.58100160150993e-6
CCNA_03869,quintero_wt-highK_vs_wt-lowK,0.762603625410175,2.18650304180186e-4
CCNA_03870,quintero_wt-highK_vs_wt-lowK,0.350332721051724,0.0532769162864129
CCNA_03871,quintero_wt-highK_vs_wt-lowK,0.620575314443783,3.80786546739415e-4
CCNA_03872,quintero_wt-highK_vs_wt-lowK,-0.183546767309896,0.284035280176059
CCNA_03873,quintero_wt-highK_vs_wt-lowK,-0.503518075687514,0.0022388315007354
CCNA_03874,quintero_wt-highK_vs_wt-lowK,-0.00835713767367979,0.973406435701516
CCNA_03875,quintero_wt-highK_vs_wt-lowK,0.150186724867767,0.48953111641601
CCNA_03876,quintero_wt-highK_vs_wt-lowK,0.80035851510138,1.16402027441608e-5
CCNA_03877,quintero_wt-highK_vs_wt-lowK,0.438448881667254,0.0122420186920295
CCNA_03878,quintero_wt-highK_vs_wt-lowK,0.429386653602057,0.00617949066680785
CCNA_03879,quintero_wt-highK_vs_wt-lowK,0.514858375677167,0.00117517583109194
