gene_id,experiment_id,log2fc,padj
CCNA_R0094,quintero_wt-lowK_vs_ΔkdpE-lowK,0.139304070586671,0.883086242278468
CCNA_00001,quintero_wt-lowK_vs_ΔkdpE-lowK,0.10870874078472,0.853771021002398
CCNA_00002,quintero_wt-lowK_vs_ΔkdpE-lowK,0.102468625592816,0.889280418078436
CCNA_00003,quintero_wt-lowK_vs_ΔkdpE-lowK,-0.0226952636334093,0.982930521322842
CCNA_00004,quintero_wt-lowK_vs_ΔkdpE-lowK,0.0140457222427538,0.996622663272792
CCNA_00005,quintero_wt-lowK_vs_ΔkdpE-lowK,0.197752115437923,0.626368606163003
CCNA_00006,quintero_wt-lowK_vs_ΔkdpE-lowK,0.0733305917049966,0.927551435100477
CCNA_R0095,quintero_wt-lowK_vs_ΔkdpE-lowK,0.229730669947411,0.553578717184214
CCNA_00007,quintero_wt-lowK_vs_ΔkdpE-lowK,0.155138076277581,0.802539892773751
CCNA_00008,quintero_wt-lowK_vs_ΔkdpE-lowK,0.087106156539755,0.896834139023419
CCNA_00009,quintero_wt-lowK_vs_ΔkdpE-lowK,-0.0296940239411572,0.982892728438974
CCNA_00010,quintero_wt-lowK_vs_ΔkdpE-lowK,-0.427791169292046,0.119593512027005
CCNA_00011,quintero_wt-lowK_vs_ΔkdpE-lowK,-0.567502070103441,0.0136238181885031
CCNA_00012,quintero_wt-lowK_vs_ΔkdpE-lowK,0.0867768311677349,0.898143520310077
CCNA_R0096,quintero_wt-lowK_vs_ΔkdpE-lowK,0,NA
CCNA_00013,quintero_wt-lowK_vs_ΔkdpE-lowK,-0.135314622574866,0.795311764006639
CCNA_00014,quintero_wt-lowK_vs_ΔkdpE-lowK,0.0693811181008889,0.928646988453598
CCNA_00015,quintero_wt-lowK_vs_ΔkdpE-lowK,0.123357593833332,0.873517744585788
CCNA_00016,quintero_wt-lowK_vs_ΔkdpE-lowK,-0.0642632171564599,0.958927573897016
CCNA_00017,quintero_wt-lowK_vs_ΔkdpE-lowK,-0.307696372959076,NA
CCNA_00018,quintero_wt-lowK_vs_ΔkdpE-lowK,-0.0901050504702767,0.913015530202387
CCNA_00019,quintero_wt-lowK_vs_ΔkdpE-lowK,0.174028583233977,0.704310769038119
CCNA_00020,quintero_wt-lowK_vs_ΔkdpE-lowK,0.0825410327033345,0.916162964698925
CCNA_03911,quintero_wt-lowK_vs_ΔkdpE-lowK,-0.814625887871084,9.38116492621072e-5
CCNA_00021,quintero_wt-lowK_vs_ΔkdpE-lowK,-0.752909154700427,7.74757039430712e-4
CCNA_00022,quintero_wt-lowK_vs_ΔkdpE-lowK,-0.78565594586765,7.93457898424265e-4
CCNA_00023,quintero_wt-lowK_vs_ΔkdpE-lowK,-0.0228848276365245,0.99056851636028
CCNA_00024,quintero_wt-lowK_vs_ΔkdpE-lowK,-0.0475317998200222,0.958927573897016
CCNA_00025,quintero_wt-lowK_vs_ΔkdpE-lowK,-0.112665813337956,0.860064622125898
CCNA_00026,quintero_wt-lowK_vs_ΔkdpE-lowK,-0.034738026338173,0.973557788736547
CCNA_00027,quintero_wt-lowK_vs_ΔkdpE-lowK,0.360619728547642,0.348942716888153
CCNA_R0097,quintero_wt-lowK_vs_ΔkdpE-lowK,0.00748194762986983,NA
CCNA_00028,quintero_wt-lowK_vs_ΔkdpE-lowK,1.28093229071221,3.56080904808361e-8
CCNA_00029,quintero_wt-lowK_vs_ΔkdpE-lowK,-0.290455915005108,0.341515949544731
CCNA_00030,quintero_wt-lowK_vs_ΔkdpE-lowK,-0.184178104716893,0.650899482899031
CCNA_00031,quintero_wt-lowK_vs_ΔkdpE-lowK,0.0351142811018056,0.974743822317701
CCNA_00032,quintero_wt-lowK_vs_ΔkdpE-lowK,-0.0627820490417438,0.947639518548912
CCNA_03912,quintero_wt-lowK_vs_ΔkdpE-lowK,0.0356708312284816,0.973557788736547
CCNA_00033,quintero_wt-lowK_vs_ΔkdpE-lowK,0.0564228095989645,0.94404726885049
CCNA_00034,quintero_wt-lowK_vs_ΔkdpE-lowK,-0.113888229629425,0.878462045891448
CCNA_00035,quintero_wt-lowK_vs_ΔkdpE-lowK,-0.110165979404975,0.875165625311806
CCNA_00036,quintero_wt-lowK_vs_ΔkdpE-lowK,-0.0523403857029747,0.95404190888615
CCNA_00037,quintero_wt-lowK_vs_ΔkdpE-lowK,-0.290688288438226,0.392918009842618
CCNA_00038,quintero_wt-lowK_vs_ΔkdpE-lowK,0.13960199856815,0.799983136486764
CCNA_00039,quintero_wt-lowK_vs_ΔkdpE-lowK,-0.0800421495772739,0.916162964698925
CCNA_00040,quintero_wt-lowK_vs_ΔkdpE-lowK,0.185704867952105,0.642387185463284
CCNA_00041,quintero_wt-lowK_vs_ΔkdpE-lowK,0.03660802811825,0.973557788736547
CCNA_R0098,quintero_wt-lowK_vs_ΔkdpE-lowK,-0.00919064303079673,0.996622663272792
CCNA_00042,quintero_wt-lowK_vs_ΔkdpE-lowK,-0.413896733248044,0.0762532201632315
CCNA_00043,quintero_wt-lowK_vs_ΔkdpE-lowK,-0.224459830308514,0.581780131805135
CCNA_00044,quintero_wt-lowK_vs_ΔkdpE-lowK,0.177118941501006,0.731299029871549
CCNA_00045,quintero_wt-lowK_vs_ΔkdpE-lowK,0.359260154862279,0.24013826578346
CCNA_00046,quintero_wt-lowK_vs_ΔkdpE-lowK,0.14940731341887,0.775202555370571
CCNA_00047,quintero_wt-lowK_vs_ΔkdpE-lowK,0.375939682073653,0.208006893336077
CCNA_00048,quintero_wt-lowK_vs_ΔkdpE-lowK,0.148953029390277,0.832818174551146
CCNA_00049,quintero_wt-lowK_vs_ΔkdpE-lowK,0.149769172951332,0.853771021002398
CCNA_00050,quintero_wt-lowK_vs_ΔkdpE-lowK,0.0652233229404973,0.9296912805222
CCNA_00051,quintero_wt-lowK_vs_ΔkdpE-lowK,-0.274727682982896,0.32666509564747
CCNA_00052,quintero_wt-lowK_vs_ΔkdpE-lowK,0.06468938877126,0.937919850727579
CCNA_00053,quintero_wt-lowK_vs_ΔkdpE-lowK,0.124220557453127,0.855578929489837
CCNA_00054,quintero_wt-lowK_vs_ΔkdpE-lowK,0.18247461055557,0.681836803848397
CCNA_00055,quintero_wt-lowK_vs_ΔkdpE-lowK,0.00355994182734339,0.996622663272792
CCNA_00056,quintero_wt-lowK_vs_ΔkdpE-lowK,0.326531379541718,0.442756938665154
CCNA_00057,quintero_wt-lowK_vs_ΔkdpE-lowK,0.091883574099914,0.901387296495574
CCNA_00058,quintero_wt-lowK_vs_ΔkdpE-lowK,0.0923631267715736,0.893651922940822
CCNA_00059,quintero_wt-lowK_vs_ΔkdpE-lowK,-0.26578802583179,0.370436809925315
CCNA_00060,quintero_wt-lowK_vs_ΔkdpE-lowK,-0.247524518207765,0.507474293301921
CCNA_00061,quintero_wt-lowK_vs_ΔkdpE-lowK,-0.280693305365357,0.523067112217405
CCNA_00062,quintero_wt-lowK_vs_ΔkdpE-lowK,0.231434353752423,0.538329268350282
CCNA_03913,quintero_wt-lowK_vs_ΔkdpE-lowK,0.474966780994796,0.0884828153828055
CCNA_00063,quintero_wt-lowK_vs_ΔkdpE-lowK,0.166855416056094,0.732000375139041
CCNA_00064,quintero_wt-lowK_vs_ΔkdpE-lowK,-0.718067175244998,0.00977118821797236
CCNA_03914,quintero_wt-lowK_vs_ΔkdpE-lowK,0.210478026579597,NA
CCNA_00065,quintero_wt-lowK_vs_ΔkdpE-lowK,0.110850842434968,0.853726813505866
CCNA_00066,quintero_wt-lowK_vs_ΔkdpE-lowK,-0.14007459463986,0.802618678082021
CCNA_00067,quintero_wt-lowK_vs_ΔkdpE-lowK,-0.181418729500741,0.768118964542274
CCNA_00068,quintero_wt-lowK_vs_ΔkdpE-lowK,-0.0595149200513757,0.941875239365158
CCNA_00069,quintero_wt-lowK_vs_ΔkdpE-lowK,0.0433842740058338,0.966276259130522
CCNA_00070,quintero_wt-lowK_vs_ΔkdpE-lowK,-0.00384358784518701,0.996622663272792
CCNA_00071,quintero_wt-lowK_vs_ΔkdpE-lowK,-0.062290849920763,0.958927573897016
CCNA_00072,quintero_wt-lowK_vs_ΔkdpE-lowK,-0.119215135600905,0.878462045891448
CCNA_00073,quintero_wt-lowK_vs_ΔkdpE-lowK,0.100983959140299,0.878462045891448
CCNA_R0001,quintero_wt-lowK_vs_ΔkdpE-lowK,0.4948697481966,0.04927515834893
CCNA_00074,quintero_wt-lowK_vs_ΔkdpE-lowK,0.327017209377627,0.219093190184849
CCNA_00075,quintero_wt-lowK_vs_ΔkdpE-lowK,0.0324018687198854,0.978372958428171
CCNA_00076,quintero_wt-lowK_vs_ΔkdpE-lowK,-0.660685727199302,2.57206680324144e-4
CCNA_00077,quintero_wt-lowK_vs_ΔkdpE-lowK,-0.679872581308313,0.00124438896588372
CCNA_00078,quintero_wt-lowK_vs_ΔkdpE-lowK,-0.492279907307297,0.014215231619718
CCNA_00079,quintero_wt-lowK_vs_ΔkdpE-lowK,-0.509845596521125,0.0326580613687742
CCNA_00080,quintero_wt-lowK_vs_ΔkdpE-lowK,-0.0371730625979751,0.969567217199533
CCNA_00081,quintero_wt-lowK_vs_ΔkdpE-lowK,-0.0345123813443322,0.973557788736547
CCNA_00082,quintero_wt-lowK_vs_ΔkdpE-lowK,0.37770448301851,0.193143441795135
CCNA_00083,quintero_wt-lowK_vs_ΔkdpE-lowK,0.175928613182446,0.710736762751461
CCNA_00084,quintero_wt-lowK_vs_ΔkdpE-lowK,0.0428128325868664,0.968427682180628
CCNA_00085,quintero_wt-lowK_vs_ΔkdpE-lowK,-0.0780663121495441,0.927991969097429
CCNA_00086,quintero_wt-lowK_vs_ΔkdpE-lowK,-0.137692903282363,0.768618544764916
CCNA_R0002,quintero_wt-lowK_vs_ΔkdpE-lowK,0.0947021963724943,0.937919850727579
CCNA_00087,quintero_wt-lowK_vs_ΔkdpE-lowK,0.0773523454370668,0.922574044312157
CCNA_00088,quintero_wt-lowK_vs_ΔkdpE-lowK,-0.035948878648648,0.966276259130522
CCNA_00089,quintero_wt-lowK_vs_ΔkdpE-lowK,-0.0744107351042807,0.920280456034305
CCNA_00090,quintero_wt-lowK_vs_ΔkdpE-lowK,0.0270895508840158,0.982930521322842
CCNA_00091,quintero_wt-lowK_vs_ΔkdpE-lowK,-0.122944210123926,0.882332527640147
CCNA_00092,quintero_wt-lowK_vs_ΔkdpE-lowK,-0.130752677001831,0.837236431443825
CCNA_00093,quintero_wt-lowK_vs_ΔkdpE-lowK,0.0668267635690455,0.933313267334845
CCNA_00094,quintero_wt-lowK_vs_ΔkdpE-lowK,-0.0158419901276262,0.990640399994165
CCNA_00095,quintero_wt-lowK_vs_ΔkdpE-lowK,-0.43952927469827,0.0570667003032469
CCNA_00096,quintero_wt-lowK_vs_ΔkdpE-lowK,-0.0962098111166135,0.922574044312157
CCNA_00097,quintero_wt-lowK_vs_ΔkdpE-lowK,0.225962029109302,0.735734965755887
CCNA_00098,quintero_wt-lowK_vs_ΔkdpE-lowK,0.156378533954872,0.831818232412691
CCNA_00099,quintero_wt-lowK_vs_ΔkdpE-lowK,0.0181271209912316,0.990640399994165
CCNA_00100,quintero_wt-lowK_vs_ΔkdpE-lowK,-0.0282038925968289,0.978652377991815
CCNA_00101,quintero_wt-lowK_vs_ΔkdpE-lowK,0.162783246214616,0.760649823166838
CCNA_00102,quintero_wt-lowK_vs_ΔkdpE-lowK,-0.468860409826928,0.0980389457523885
CCNA_00103,quintero_wt-lowK_vs_ΔkdpE-lowK,-0.0653303942833313,0.928417555840917
CCNA_00104,quintero_wt-lowK_vs_ΔkdpE-lowK,0.391102015106433,0.221404788259243
CCNA_00105,quintero_wt-lowK_vs_ΔkdpE-lowK,0.0286237595255792,0.97544429371783
CCNA_00106,quintero_wt-lowK_vs_ΔkdpE-lowK,0.0822123783876777,0.910927646949931
CCNA_00107,quintero_wt-lowK_vs_ΔkdpE-lowK,0.0206631925109317,0.990640399994165
CCNA_00108,quintero_wt-lowK_vs_ΔkdpE-lowK,-0.120258559956036,0.844155989236687
CCNA_00109,quintero_wt-lowK_vs_ΔkdpE-lowK,-0.0801518988580822,0.907191149765063
CCNA_00110,quintero_wt-lowK_vs_ΔkdpE-lowK,0.289639089786368,0.370436809925315
CCNA_00111,quintero_wt-lowK_vs_ΔkdpE-lowK,0.0322313289165486,0.972211958334313
CCNA_00112,quintero_wt-lowK_vs_ΔkdpE-lowK,0.0206377980189509,0.987184707454109
CCNA_00113,quintero_wt-lowK_vs_ΔkdpE-lowK,-0.288442688785913,0.581780131805135
CCNA_00114,quintero_wt-lowK_vs_ΔkdpE-lowK,0.0953084563047592,0.922574044312157
CCNA_00115,quintero_wt-lowK_vs_ΔkdpE-lowK,-0.0581301784938924,0.948220924133938
CCNA_R0099,quintero_wt-lowK_vs_ΔkdpE-lowK,0,NA
CCNA_00116,quintero_wt-lowK_vs_ΔkdpE-lowK,-0.00156712450458233,0.997836432254234
CCNA_00117,quintero_wt-lowK_vs_ΔkdpE-lowK,0.0390198828352066,0.966972926487221
CCNA_00118,quintero_wt-lowK_vs_ΔkdpE-lowK,-0.0498111001136674,0.958927573897016
CCNA_00119,quintero_wt-lowK_vs_ΔkdpE-lowK,-0.218285248013605,0.621613207657958
CCNA_00120,quintero_wt-lowK_vs_ΔkdpE-lowK,-0.0949193485083868,0.910927646949931
CCNA_00121,quintero_wt-lowK_vs_ΔkdpE-lowK,-0.023957770470667,0.987384252127804
CCNA_00122,quintero_wt-lowK_vs_ΔkdpE-lowK,0.010328700972749,0.996622663272792
CCNA_00123,quintero_wt-lowK_vs_ΔkdpE-lowK,-0.00256766340274862,0.996622663272792
CCNA_00124,quintero_wt-lowK_vs_ΔkdpE-lowK,0.0942379616438894,0.920280456034305
CCNA_00125,quintero_wt-lowK_vs_ΔkdpE-lowK,0.0849288370208983,0.922574044312157
CCNA_00126,quintero_wt-lowK_vs_ΔkdpE-lowK,-0.0868626263605923,0.900000564472675
CCNA_00127,quintero_wt-lowK_vs_ΔkdpE-lowK,-0.27809521721395,0.6605983551256
CCNA_00128,quintero_wt-lowK_vs_ΔkdpE-lowK,0.198458360502383,0.730936462095074
CCNA_00129,quintero_wt-lowK_vs_ΔkdpE-lowK,0.0318840761688093,0.978652377991815
CCNA_00130,quintero_wt-lowK_vs_ΔkdpE-lowK,-0.00319872493755393,0.996622663272792
CCNA_00131,quintero_wt-lowK_vs_ΔkdpE-lowK,-0.272208024281249,0.372130469045246
CCNA_00132,quintero_wt-lowK_vs_ΔkdpE-lowK,-0.16568550620118,0.710754574501358
CCNA_00133,quintero_wt-lowK_vs_ΔkdpE-lowK,0.180040645734664,0.716508809479726
CCNA_00134,quintero_wt-lowK_vs_ΔkdpE-lowK,-0.0548813227321089,0.948220924133938
CCNA_00135,quintero_wt-lowK_vs_ΔkdpE-lowK,-0.180118793480028,0.652410705045978
CCNA_00136,quintero_wt-lowK_vs_ΔkdpE-lowK,-0.0262343120362614,0.982631579393139
CCNA_00137,quintero_wt-lowK_vs_ΔkdpE-lowK,-0.0424008087534699,0.963216501383123
CCNA_00138,quintero_wt-lowK_vs_ΔkdpE-lowK,0.631124159489967,0.0509061180086613
CCNA_00139,quintero_wt-lowK_vs_ΔkdpE-lowK,0.0967053977937539,0.878462045891448
CCNA_00140,quintero_wt-lowK_vs_ΔkdpE-lowK,-0.146351267742716,0.775887685244165
CCNA_00141,quintero_wt-lowK_vs_ΔkdpE-lowK,0.0777245657026322,0.923539526943726
CCNA_00142,quintero_wt-lowK_vs_ΔkdpE-lowK,0.0552250098364265,0.958927573897016
CCNA_00143,quintero_wt-lowK_vs_ΔkdpE-lowK,0.0998809870011349,0.894855577835273
CCNA_00144,quintero_wt-lowK_vs_ΔkdpE-lowK,0.00131423498117398,0.997836432254234
CCNA_00145,quintero_wt-lowK_vs_ΔkdpE-lowK,-0.0847189695321085,0.913170513657892
CCNA_00146,quintero_wt-lowK_vs_ΔkdpE-lowK,0.0483918766656902,0.958927573897016
CCNA_00147,quintero_wt-lowK_vs_ΔkdpE-lowK,-0.597554897423736,0.0630084361830185
CCNA_00148,quintero_wt-lowK_vs_ΔkdpE-lowK,-0.763059403043371,1.97776556542423e-5
CCNA_00149,quintero_wt-lowK_vs_ΔkdpE-lowK,-0.550344447246709,0.0194257227337248
CCNA_00150,quintero_wt-lowK_vs_ΔkdpE-lowK,-0.190334212026353,0.642387185463284
CCNA_00151,quintero_wt-lowK_vs_ΔkdpE-lowK,0.299412800340641,0.483670601447068
CCNA_00152,quintero_wt-lowK_vs_ΔkdpE-lowK,-0.194608803220767,0.603732915346482
CCNA_00153,quintero_wt-lowK_vs_ΔkdpE-lowK,-0.136977352522723,0.792111378499706
CCNA_00154,quintero_wt-lowK_vs_ΔkdpE-lowK,-0.0312625911730465,0.982930521322842
CCNA_00155,quintero_wt-lowK_vs_ΔkdpE-lowK,0.136967218353688,0.792111378499706
CCNA_00156,quintero_wt-lowK_vs_ΔkdpE-lowK,0.0641911892918918,0.954034318977735
CCNA_00157,quintero_wt-lowK_vs_ΔkdpE-lowK,0.0736597615788928,0.928646988453598
CCNA_R0100,quintero_wt-lowK_vs_ΔkdpE-lowK,-0.467026651690985,0.269734643438536
CCNA_00158,quintero_wt-lowK_vs_ΔkdpE-lowK,0.136354571742195,0.795487438151385
CCNA_00159,quintero_wt-lowK_vs_ΔkdpE-lowK,0.180658256728114,0.681836803848397
CCNA_00160,quintero_wt-lowK_vs_ΔkdpE-lowK,0.155629245675066,0.792111378499706
CCNA_00161,quintero_wt-lowK_vs_ΔkdpE-lowK,0.0355441561684635,0.966972926487221
CCNA_00162,quintero_wt-lowK_vs_ΔkdpE-lowK,0.0581641034747366,0.948220924133938
CCNA_00163,quintero_wt-lowK_vs_ΔkdpE-lowK,-0.0759337882729199,0.927551435100477
CCNA_00164,quintero_wt-lowK_vs_ΔkdpE-lowK,-0.180518772381271,0.727551258370868
CCNA_00165,quintero_wt-lowK_vs_ΔkdpE-lowK,0.0132910120914891,0.996622663272792
CCNA_03915,quintero_wt-lowK_vs_ΔkdpE-lowK,0.281490769399813,0.57805477078723
CCNA_00166,quintero_wt-lowK_vs_ΔkdpE-lowK,0.0451710495791192,0.958927573897016
CCNA_00167,quintero_wt-lowK_vs_ΔkdpE-lowK,-0.0979229189673035,0.910034817545404
CCNA_00168,quintero_wt-lowK_vs_ΔkdpE-lowK,0.0192389429225184,0.990087996233493
CCNA_00169,quintero_wt-lowK_vs_ΔkdpE-lowK,0.159904236580417,0.768618544764916
CCNA_00170,quintero_wt-lowK_vs_ΔkdpE-lowK,0.00879090528521821,0.996622663272792
CCNA_00171,quintero_wt-lowK_vs_ΔkdpE-lowK,-0.180760882255793,0.802539892773751
CCNA_00172,quintero_wt-lowK_vs_ΔkdpE-lowK,0.0154062513007712,0.996622663272792
CCNA_00173,quintero_wt-lowK_vs_ΔkdpE-lowK,-0.0690048730850551,0.943883074781333
CCNA_00174,quintero_wt-lowK_vs_ΔkdpE-lowK,-0.0995627582014535,0.914219273453641
CCNA_00175,quintero_wt-lowK_vs_ΔkdpE-lowK,0.0966022325305388,0.897367818490869
CCNA_00176,quintero_wt-lowK_vs_ΔkdpE-lowK,-0.0836740024352608,0.938322087100988
CCNA_00177,quintero_wt-lowK_vs_ΔkdpE-lowK,0.0101230117420016,NA
CCNA_00178,quintero_wt-lowK_vs_ΔkdpE-lowK,0.0344627075318416,NA
CCNA_00179,quintero_wt-lowK_vs_ΔkdpE-lowK,-0.0810784112332534,0.92923972462657
CCNA_00180,quintero_wt-lowK_vs_ΔkdpE-lowK,-0.0079733448072293,0.996622663272792
CCNA_00181,quintero_wt-lowK_vs_ΔkdpE-lowK,-0.11525794364903,0.897528818205775
CCNA_00182,quintero_wt-lowK_vs_ΔkdpE-lowK,-0.125872320444403,0.870129066192597
CCNA_00183,quintero_wt-lowK_vs_ΔkdpE-lowK,0.0444206488799807,0.966304857621077
CCNA_00184,quintero_wt-lowK_vs_ΔkdpE-lowK,-0.207301348641438,NA
CCNA_00185,quintero_wt-lowK_vs_ΔkdpE-lowK,-0.458858112293478,0.255101794774501
CCNA_R0003,quintero_wt-lowK_vs_ΔkdpE-lowK,0.393187554103708,0.35889710946827
CCNA_00186,quintero_wt-lowK_vs_ΔkdpE-lowK,-0.0664998528418705,0.943590937062561
CCNA_00187,quintero_wt-lowK_vs_ΔkdpE-lowK,-0.0122844370311323,0.996622663272792
CCNA_00188,quintero_wt-lowK_vs_ΔkdpE-lowK,-0.0929745048895498,0.896331396436136
CCNA_00189,quintero_wt-lowK_vs_ΔkdpE-lowK,0.123404900958912,0.851542092283078
CCNA_00190,quintero_wt-lowK_vs_ΔkdpE-lowK,0.231448093276123,0.621553329638494
CCNA_00191,quintero_wt-lowK_vs_ΔkdpE-lowK,-0.0881317441918787,0.910927646949931
CCNA_00192,quintero_wt-lowK_vs_ΔkdpE-lowK,-0.0490251467483231,0.961045724700233
CCNA_00193,quintero_wt-lowK_vs_ΔkdpE-lowK,-0.315536292098663,0.434877213657694
CCNA_00194,quintero_wt-lowK_vs_ΔkdpE-lowK,-0.0191931562618232,0.990640399994165
CCNA_00195,quintero_wt-lowK_vs_ΔkdpE-lowK,0.0613959542042652,0.948220924133938
CCNA_00196,quintero_wt-lowK_vs_ΔkdpE-lowK,0.160367124449802,0.76243208338267
CCNA_R0004,quintero_wt-lowK_vs_ΔkdpE-lowK,-0.28473010542288,NA
CCNA_00197,quintero_wt-lowK_vs_ΔkdpE-lowK,0.063750041751919,0.948220924133938
CCNA_00198,quintero_wt-lowK_vs_ΔkdpE-lowK,0.189375697658076,0.712868238061611
CCNA_00199,quintero_wt-lowK_vs_ΔkdpE-lowK,-0.147046613646639,0.764441124362869
CCNA_00200,quintero_wt-lowK_vs_ΔkdpE-lowK,-0.170093391835898,0.792111378499706
CCNA_00201,quintero_wt-lowK_vs_ΔkdpE-lowK,0.066004066007599893,0.937919850727579
CCNA_00202,quintero_wt-lowK_vs_ΔkdpE-lowK,-0.0387882015525495,0.966276259130522
CCNA_00203,quintero_wt-lowK_vs_ΔkdpE-lowK,-0.103791683069638,0.888070713772228
CCNA_00204,quintero_wt-lowK_vs_ΔkdpE-lowK,-0.066750053044594,0.927780362284331
CCNA_00205,quintero_wt-lowK_vs_ΔkdpE-lowK,-0.0370291613322434,0.969567217199533
CCNA_03916,quintero_wt-lowK_vs_ΔkdpE-lowK,0.341370092304805,NA
CCNA_00206,quintero_wt-lowK_vs_ΔkdpE-lowK,-0.22680196787426,0.633709468343663
CCNA_00207,quintero_wt-lowK_vs_ΔkdpE-lowK,-0.290666241300831,0.400101840898544
CCNA_00208,quintero_wt-lowK_vs_ΔkdpE-lowK,0.00323497383096365,0.996622663272792
CCNA_00209,quintero_wt-lowK_vs_ΔkdpE-lowK,0.0997865926544359,0.893651922940822
CCNA_00210,quintero_wt-lowK_vs_ΔkdpE-lowK,-0.0142967908583078,0.996622663272792
CCNA_00211,quintero_wt-lowK_vs_ΔkdpE-lowK,0.255161991998351,0.523363784838003
CCNA_00212,quintero_wt-lowK_vs_ΔkdpE-lowK,0.11205895481114,0.889065547972275
CCNA_00213,quintero_wt-lowK_vs_ΔkdpE-lowK,0.172973614281828,0.788976201947821
CCNA_00214,quintero_wt-lowK_vs_ΔkdpE-lowK,0.20627660930885,0.80530628850682
CCNA_R0101,quintero_wt-lowK_vs_ΔkdpE-lowK,0.327744386816245,0.585585739814719
CCNA_00215,quintero_wt-lowK_vs_ΔkdpE-lowK,0.29753179632756,0.370436809925315
CCNA_00216,quintero_wt-lowK_vs_ΔkdpE-lowK,0.168811257154778,0.812440502739885
CCNA_00217,quintero_wt-lowK_vs_ΔkdpE-lowK,-0.227771232543143,0.538329268350282
CCNA_00218,quintero_wt-lowK_vs_ΔkdpE-lowK,0.0703640448288162,0.933313267334845
CCNA_00220,quintero_wt-lowK_vs_ΔkdpE-lowK,-0.00554728656498909,0.996622663272792
CCNA_00221,quintero_wt-lowK_vs_ΔkdpE-lowK,-0.233085204918849,0.477059842582569
CCNA_00222,quintero_wt-lowK_vs_ΔkdpE-lowK,0.257015785256175,0.437996826211426
CCNA_00223,quintero_wt-lowK_vs_ΔkdpE-lowK,-0.41384883759366897,0.193098130886828
CCNA_00224,quintero_wt-lowK_vs_ΔkdpE-lowK,-1.49174850214045,2.51721547918274e-24
CCNA_00225,quintero_wt-lowK_vs_ΔkdpE-lowK,-0.0629208135469235,NA
CCNA_00226,quintero_wt-lowK_vs_ΔkdpE-lowK,-0.0208133609459943,0.994600242562073
CCNA_00227,quintero_wt-lowK_vs_ΔkdpE-lowK,0.0363315143150642,0.974021796532869
CCNA_00228,quintero_wt-lowK_vs_ΔkdpE-lowK,-0.0413612759264448,0.961147858763621
CCNA_00229,quintero_wt-lowK_vs_ΔkdpE-lowK,-0.226932745548715,0.614732508978039
CCNA_00230,quintero_wt-lowK_vs_ΔkdpE-lowK,-0.165500962230676,0.743650688678552
CCNA_00231,quintero_wt-lowK_vs_ΔkdpE-lowK,0.161240136022011,0.748706273570073
CCNA_00232,quintero_wt-lowK_vs_ΔkdpE-lowK,-0.0927496867829283,0.898866238491272
CCNA_00233,quintero_wt-lowK_vs_ΔkdpE-lowK,-0.343810394071291,0.17245599036502
CCNA_00234,quintero_wt-lowK_vs_ΔkdpE-lowK,-0.278294220055482,0.385467965432138
CCNA_00235,quintero_wt-lowK_vs_ΔkdpE-lowK,0.00215300000760546,0.997836432254234
CCNA_00236,quintero_wt-lowK_vs_ΔkdpE-lowK,-0.0820765675341885,0.90472250002508
CCNA_00237,quintero_wt-lowK_vs_ΔkdpE-lowK,0.108615299528072,0.870838719732606
CCNA_00238,quintero_wt-lowK_vs_ΔkdpE-lowK,0.144455407417839,0.759378705316828
CCNA_00239,quintero_wt-lowK_vs_ΔkdpE-lowK,0.00872871521067137,0.996622663272792
CCNA_00240,quintero_wt-lowK_vs_ΔkdpE-lowK,0.101083834971508,0.90005695015909
CCNA_00241,quintero_wt-lowK_vs_ΔkdpE-lowK,0.100395122572203,0.903627376816796
CCNA_03917,quintero_wt-lowK_vs_ΔkdpE-lowK,-0.192441163236895,0.701599387846854
CCNA_00243,quintero_wt-lowK_vs_ΔkdpE-lowK,-0.0148256634754059,0.996622663272792
CCNA_00244,quintero_wt-lowK_vs_ΔkdpE-lowK,-0.196875636937813,0.757470148939256
CCNA_00245,quintero_wt-lowK_vs_ΔkdpE-lowK,0.00965465213334423,0.996622663272792
CCNA_00246,quintero_wt-lowK_vs_ΔkdpE-lowK,-0.231216307548819,0.529975013509478
CCNA_00247,quintero_wt-lowK_vs_ΔkdpE-lowK,-0.275720251581514,0.500432556298532
CCNA_00248,quintero_wt-lowK_vs_ΔkdpE-lowK,-0.115944657793358,0.888772257678313
CCNA_00249,quintero_wt-lowK_vs_ΔkdpE-lowK,0.136518457391031,0.797312242340999
CCNA_00250,quintero_wt-lowK_vs_ΔkdpE-lowK,0.141582218543838,0.765584846921413
CCNA_00251,quintero_wt-lowK_vs_ΔkdpE-lowK,-0.0870749520224386,0.907191149765063
CCNA_00252,quintero_wt-lowK_vs_ΔkdpE-lowK,-0.0792019421547602,0.910927646949931
CCNA_00253,quintero_wt-lowK_vs_ΔkdpE-lowK,0.210215193910559,0.692800193383193
CCNA_00254,quintero_wt-lowK_vs_ΔkdpE-lowK,0.0810508774316809,0.925888038100599
CCNA_00255,quintero_wt-lowK_vs_ΔkdpE-lowK,0.189074817711532,0.706452025668922
CCNA_00256,quintero_wt-lowK_vs_ΔkdpE-lowK,0.260506524000908,0.395100276626631
CCNA_00257,quintero_wt-lowK_vs_ΔkdpE-lowK,0.190566503657366,0.732000375139041
CCNA_00259,quintero_wt-lowK_vs_ΔkdpE-lowK,-0.0863953544690459,0.910906550918903
CCNA_00260,quintero_wt-lowK_vs_ΔkdpE-lowK,0.0385061137132267,0.968427682180628
CCNA_00261,quintero_wt-lowK_vs_ΔkdpE-lowK,0.363073329084913,0.284534577046309
CCNA_00262,quintero_wt-lowK_vs_ΔkdpE-lowK,-0.121995306622761,0.831818232412691
CCNA_00263,quintero_wt-lowK_vs_ΔkdpE-lowK,-0.179280995480817,0.727551258370868
CCNA_00264,quintero_wt-lowK_vs_ΔkdpE-lowK,0.104809630280133,0.873004097353089
CCNA_00265,quintero_wt-lowK_vs_ΔkdpE-lowK,0.10106003957526,0.882169905712783
CCNA_00266,quintero_wt-lowK_vs_ΔkdpE-lowK,0.220224513542916,0.60255714471152
CCNA_00267,quintero_wt-lowK_vs_ΔkdpE-lowK,0.123144597029611,0.832505785673961
CCNA_R0005,quintero_wt-lowK_vs_ΔkdpE-lowK,0.0638843618901281,0.961147858763621
CCNA_00268,quintero_wt-lowK_vs_ΔkdpE-lowK,0.0556551808387097,0.946838660291468
CCNA_00269,quintero_wt-lowK_vs_ΔkdpE-lowK,0.00278072322698935,0.996622663272792
CCNA_00270,quintero_wt-lowK_vs_ΔkdpE-lowK,0.0701012164741828,0.933001706522734
CCNA_00271,quintero_wt-lowK_vs_ΔkdpE-lowK,0.19395010491216,0.727551258370868
CCNA_00272,quintero_wt-lowK_vs_ΔkdpE-lowK,0.0475043532685246,0.956042723192803
CCNA_00273,quintero_wt-lowK_vs_ΔkdpE-lowK,-0.0144786618350837,0.996622663272792
CCNA_00274,quintero_wt-lowK_vs_ΔkdpE-lowK,0.120331945033034,0.901253730972181
CCNA_00275,quintero_wt-lowK_vs_ΔkdpE-lowK,0.0218462941016329,0.990640399994165
CCNA_00276,quintero_wt-lowK_vs_ΔkdpE-lowK,0.0824425728429911,0.916162964698925
CCNA_00277,quintero_wt-lowK_vs_ΔkdpE-lowK,0.100702690516176,0.888070713772228
CCNA_00278,quintero_wt-lowK_vs_ΔkdpE-lowK,-0.0487741016039088,0.959005183720087
CCNA_00279,quintero_wt-lowK_vs_ΔkdpE-lowK,-0.190735064320938,0.827777044831249
CCNA_00280,quintero_wt-lowK_vs_ΔkdpE-lowK,-0.0296644110239196,0.98248793002861
CCNA_00281,quintero_wt-lowK_vs_ΔkdpE-lowK,0.266046447631904,0.538994980820681
CCNA_00282,quintero_wt-lowK_vs_ΔkdpE-lowK,0.306593428893522,0.32666509564747
CCNA_00283,quintero_wt-lowK_vs_ΔkdpE-lowK,0.0913809926950188,0.896834139023419
CCNA_00284,quintero_wt-lowK_vs_ΔkdpE-lowK,0.503907298004854,0.077076323546764
CCNA_00285,quintero_wt-lowK_vs_ΔkdpE-lowK,0.439308160317533,0.103340192873349
CCNA_00286,quintero_wt-lowK_vs_ΔkdpE-lowK,-0.186233521914844,0.654517832317192
CCNA_00287,quintero_wt-lowK_vs_ΔkdpE-lowK,0.0124727056268277,0.996622663272792
CCNA_00288,quintero_wt-lowK_vs_ΔkdpE-lowK,-0.0892054006903184,0.927780362284331
CCNA_00289,quintero_wt-lowK_vs_ΔkdpE-lowK,-0.224424265039243,0.681836803848397
CCNA_00290,quintero_wt-lowK_vs_ΔkdpE-lowK,0.10812580101756,0.857066690458921
CCNA_00291,quintero_wt-lowK_vs_ΔkdpE-lowK,0.00485484718302977,0.996622663272792
CCNA_00292,quintero_wt-lowK_vs_ΔkdpE-lowK,0.23222688982453699,0.606077269339524
CCNA_00293,quintero_wt-lowK_vs_ΔkdpE-lowK,0.0469986830448511,0.966972926487221
CCNA_00294,quintero_wt-lowK_vs_ΔkdpE-lowK,-0.105768790168743,0.898866238491272
CCNA_00295,quintero_wt-lowK_vs_ΔkdpE-lowK,-0.127362669451287,0.878462045891448
CCNA_00296,quintero_wt-lowK_vs_ΔkdpE-lowK,-0.328799911920143,0.359435903741907
CCNA_00297,quintero_wt-lowK_vs_ΔkdpE-lowK,-0.0991370667826628,0.913170513657892
CCNA_00298,quintero_wt-lowK_vs_ΔkdpE-lowK,-0.073868419588874,0.948564388162675
CCNA_00299,quintero_wt-lowK_vs_ΔkdpE-lowK,0.37868827623581,0.187983570238356
CCNA_00300,quintero_wt-lowK_vs_ΔkdpE-lowK,0.0611417697422874,0.953112031382008
CCNA_00301,quintero_wt-lowK_vs_ΔkdpE-lowK,-0.284884257261532,0.370436809925315
CCNA_00302,quintero_wt-lowK_vs_ΔkdpE-lowK,-0.160285080164544,0.732000375139041
CCNA_00303,quintero_wt-lowK_vs_ΔkdpE-lowK,0.0508032173195469,0.959661793444286
CCNA_00304,quintero_wt-lowK_vs_ΔkdpE-lowK,-0.0273774362700158,0.982930521322842
CCNA_00305,quintero_wt-lowK_vs_ΔkdpE-lowK,0.0280603053603191,0.974743822317701
CCNA_00306,quintero_wt-lowK_vs_ΔkdpE-lowK,-0.0105557751638427,0.996622663272792
CCNA_00307,quintero_wt-lowK_vs_ΔkdpE-lowK,0.0517491955150215,0.948220924133938
CCNA_00308,quintero_wt-lowK_vs_ΔkdpE-lowK,0.132255601603261,0.841292106577595
CCNA_R0102,quintero_wt-lowK_vs_ΔkdpE-lowK,-0.345663864867858,NA
CCNA_00309,quintero_wt-lowK_vs_ΔkdpE-lowK,0.177646656306922,0.661208813560314
CCNA_00310,quintero_wt-lowK_vs_ΔkdpE-lowK,0.234128783440348,0.586496025960545
CCNA_00311,quintero_wt-lowK_vs_ΔkdpE-lowK,0.235660530046872,0.532364044240539
CCNA_00312,quintero_wt-lowK_vs_ΔkdpE-lowK,-0.112883461345614,0.878462045891448
CCNA_00313,quintero_wt-lowK_vs_ΔkdpE-lowK,-0.023133733140206,0.982892728438974
CCNA_00314,quintero_wt-lowK_vs_ΔkdpE-lowK,-0.158699321385882,0.826725830637318
CCNA_00315,quintero_wt-lowK_vs_ΔkdpE-lowK,-0.040531280999061003,0.966972926487221
CCNA_00316,quintero_wt-lowK_vs_ΔkdpE-lowK,0.229954458166949,0.538329268350282
CCNA_00317,quintero_wt-lowK_vs_ΔkdpE-lowK,0.182013565288963,0.633709468343663
CCNA_00318,quintero_wt-lowK_vs_ΔkdpE-lowK,-0.0925902879684141,0.900000564472675
CCNA_00319,quintero_wt-lowK_vs_ΔkdpE-lowK,-0.245362422932404,0.477059842582569
CCNA_00320,quintero_wt-lowK_vs_ΔkdpE-lowK,0.204113598666681,0.579994767171726
CCNA_00321,quintero_wt-lowK_vs_ΔkdpE-lowK,0.171499259782813,0.810124255719308
CCNA_00322,quintero_wt-lowK_vs_ΔkdpE-lowK,-0.234921072159934,0.581780131805135
CCNA_00323,quintero_wt-lowK_vs_ΔkdpE-lowK,0.00993045231475688,0.996622663272792
CCNA_00324,quintero_wt-lowK_vs_ΔkdpE-lowK,-0.00482052862225723,0.996622663272792
CCNA_00326,quintero_wt-lowK_vs_ΔkdpE-lowK,0.179197210980559,0.732000375139041
CCNA_R0103,quintero_wt-lowK_vs_ΔkdpE-lowK,0.0661567821602259,NA
CCNA_00327,quintero_wt-lowK_vs_ΔkdpE-lowK,-0.0751464413143125,0.922574044312157
CCNA_00328,quintero_wt-lowK_vs_ΔkdpE-lowK,-0.120436557104123,0.860562735154662
CCNA_00329,quintero_wt-lowK_vs_ΔkdpE-lowK,-0.102466488936039,0.913170513657892
CCNA_00330,quintero_wt-lowK_vs_ΔkdpE-lowK,0.0832973129895106,0.922574044312157
CCNA_00331,quintero_wt-lowK_vs_ΔkdpE-lowK,0.184311998577793,0.764441124362869
CCNA_00332,quintero_wt-lowK_vs_ΔkdpE-lowK,0.212046040792493,0.649684672040208
CCNA_00333,quintero_wt-lowK_vs_ΔkdpE-lowK,-0.177976755180624,0.756133683725965
CCNA_00334,quintero_wt-lowK_vs_ΔkdpE-lowK,0.257416172808269,0.581780131805135
CCNA_00335,quintero_wt-lowK_vs_ΔkdpE-lowK,-0.120286517306964,0.907191149765063
CCNA_00336,quintero_wt-lowK_vs_ΔkdpE-lowK,-0.130533710600027,0.896331396436136
CCNA_00337,quintero_wt-lowK_vs_ΔkdpE-lowK,-0.162372104292774,0.775202555370571
CCNA_R0200,quintero_wt-lowK_vs_ΔkdpE-lowK,0,NA
CCNA_00338,quintero_wt-lowK_vs_ΔkdpE-lowK,-0.90336143172374594,1.07985090530921e-6
CCNA_00339,quintero_wt-lowK_vs_ΔkdpE-lowK,-0.846247777033121,3.21768883708771e-7
CCNA_00340,quintero_wt-lowK_vs_ΔkdpE-lowK,0.208371129958333,0.668183323877838
CCNA_00341,quintero_wt-lowK_vs_ΔkdpE-lowK,0.0351955772990645,0.974021796532869
CCNA_00342,quintero_wt-lowK_vs_ΔkdpE-lowK,-0.369598719881116,0.173396044103243
CCNA_00343,quintero_wt-lowK_vs_ΔkdpE-lowK,-0.423572040033581,0.121008656712606
CCNA_00344,quintero_wt-lowK_vs_ΔkdpE-lowK,-0.487290052226368,0.076539455242275
CCNA_00345,quintero_wt-lowK_vs_ΔkdpE-lowK,0.0688345722739385,0.927991969097429
CCNA_00346,quintero_wt-lowK_vs_ΔkdpE-lowK,0.121201259786691,0.860064622125898
CCNA_00347,quintero_wt-lowK_vs_ΔkdpE-lowK,-0.069120379787506,NA
CCNA_R0104,quintero_wt-lowK_vs_ΔkdpE-lowK,-0.0247623919772368,NA
CCNA_00348,quintero_wt-lowK_vs_ΔkdpE-lowK,-0.37530080783664,0.114587484899419
CCNA_00349,quintero_wt-lowK_vs_ΔkdpE-lowK,0.00279241733372779,0.996622663272792
CCNA_00350,quintero_wt-lowK_vs_ΔkdpE-lowK,-0.0562916696091993,0.951890944567136
CCNA_00351,quintero_wt-lowK_vs_ΔkdpE-lowK,0.102622305805404,0.90472250002508
CCNA_00352,quintero_wt-lowK_vs_ΔkdpE-lowK,0.255630173599661,0.529975013509478
CCNA_00353,quintero_wt-lowK_vs_ΔkdpE-lowK,-0.132451882144616,0.841292106577595
CCNA_00354,quintero_wt-lowK_vs_ΔkdpE-lowK,0.0647980699726047,0.946838660291468
CCNA_00355,quintero_wt-lowK_vs_ΔkdpE-lowK,0.0632116898216181,0.937919850727579
CCNA_R0105,quintero_wt-lowK_vs_ΔkdpE-lowK,0,NA
CCNA_00356,quintero_wt-lowK_vs_ΔkdpE-lowK,-0.00580103434299595,0.996622663272792
CCNA_00357,quintero_wt-lowK_vs_ΔkdpE-lowK,0.117287462492305,0.838974119457327
CCNA_00358,quintero_wt-lowK_vs_ΔkdpE-lowK,-0.233521782906246,0.596982541407048
CCNA_00359,quintero_wt-lowK_vs_ΔkdpE-lowK,-0.203326973247245,0.757470148939256
CCNA_00360,quintero_wt-lowK_vs_ΔkdpE-lowK,0.00248723632222609,0.996622663272792
CCNA_00361,quintero_wt-lowK_vs_ΔkdpE-lowK,-0.0347041927295619,0.97044961684226
CCNA_00362,quintero_wt-lowK_vs_ΔkdpE-lowK,-0.0965901263432532,0.896834139023419
CCNA_00363,quintero_wt-lowK_vs_ΔkdpE-lowK,0.00424989514512026,0.996622663272792
CCNA_00364,quintero_wt-lowK_vs_ΔkdpE-lowK,0.120995628487804,0.878462045891448
CCNA_00365,quintero_wt-lowK_vs_ΔkdpE-lowK,0.392947935208172,0.230016479778035
CCNA_00366,quintero_wt-lowK_vs_ΔkdpE-lowK,0.377510992315015,0.120638486167408
CCNA_00367,quintero_wt-lowK_vs_ΔkdpE-lowK,0.264871099600491,0.442756938665154
CCNA_00368,quintero_wt-lowK_vs_ΔkdpE-lowK,0.138603637132249,0.792111378499706
CCNA_00369,quintero_wt-lowK_vs_ΔkdpE-lowK,0.0101868211384708,0.996622663272792
CCNA_03918,quintero_wt-lowK_vs_ΔkdpE-lowK,0.00250971445155523,NA
CCNA_00370,quintero_wt-lowK_vs_ΔkdpE-lowK,-0.064273345401587,0.948220924133938
CCNA_00371,quintero_wt-lowK_vs_ΔkdpE-lowK,-0.00253778628991466,0.997341550293607
CCNA_00372,quintero_wt-lowK_vs_ΔkdpE-lowK,0.0943876922862465,0.90472250002508
CCNA_00373,quintero_wt-lowK_vs_ΔkdpE-lowK,0.384670466090282,0.206918774944846
CCNA_00374,quintero_wt-lowK_vs_ΔkdpE-lowK,0.332922391208161,0.219093190184849
CCNA_00375,quintero_wt-lowK_vs_ΔkdpE-lowK,0.549938404511277,0.031964922773972
CCNA_00376,quintero_wt-lowK_vs_ΔkdpE-lowK,0.265063908988451,0.452172426421212
CCNA_00377,quintero_wt-lowK_vs_ΔkdpE-lowK,-0.100625823428069,0.878542156331614
CCNA_00378,quintero_wt-lowK_vs_ΔkdpE-lowK,0.147681391430576,0.770090578431311
CCNA_00379,quintero_wt-lowK_vs_ΔkdpE-lowK,0.156418299407872,0.764441124362869
CCNA_R0106,quintero_wt-lowK_vs_ΔkdpE-lowK,0.404517439930683,0.125770370538641
CCNA_00380,quintero_wt-lowK_vs_ΔkdpE-lowK,-0.0196992146437662,0.990640399994165
CCNA_00381,quintero_wt-lowK_vs_ΔkdpE-lowK,-0.0103502125405725,0.996622663272792
CCNA_00382,quintero_wt-lowK_vs_ΔkdpE-lowK,-0.121114413232333,0.832818174551146
CCNA_00383,quintero_wt-lowK_vs_ΔkdpE-lowK,0.117543583860333,0.870322712625402
CCNA_00384,quintero_wt-lowK_vs_ΔkdpE-lowK,-0.0276907321957535,0.980602038986519
CCNA_00385,quintero_wt-lowK_vs_ΔkdpE-lowK,-0.117719787386329,0.846224470536715
CCNA_00386,quintero_wt-lowK_vs_ΔkdpE-lowK,0.0506714097356174,0.961147858763621
CCNA_00387,quintero_wt-lowK_vs_ΔkdpE-lowK,-0.150458320445726,0.792111378499706
CCNA_00388,quintero_wt-lowK_vs_ΔkdpE-lowK,-0.161997768967817,0.795487438151385
CCNA_00389,quintero_wt-lowK_vs_ΔkdpE-lowK,-0.0491355004376961,0.958927573897016
CCNA_00390,quintero_wt-lowK_vs_ΔkdpE-lowK,0.0823510327151778,0.933313267334845
CCNA_00391,quintero_wt-lowK_vs_ΔkdpE-lowK,0.132807669654102,0.878462045891448
CCNA_00392,quintero_wt-lowK_vs_ΔkdpE-lowK,0.067529793147457,0.927991969097429
CCNA_R0201,quintero_wt-lowK_vs_ΔkdpE-lowK,-0.0574905787042734,NA
CCNA_00393,quintero_wt-lowK_vs_ΔkdpE-lowK,-0.0231119389958777,0.986172780444043
CCNA_00394,quintero_wt-lowK_vs_ΔkdpE-lowK,-0.173423211087245,0.798316925154424
CCNA_00395,quintero_wt-lowK_vs_ΔkdpE-lowK,0.0229123037745104,0.987184707454109
CCNA_00396,quintero_wt-lowK_vs_ΔkdpE-lowK,-0.369235448344076,0.186760538797896
CCNA_00397,quintero_wt-lowK_vs_ΔkdpE-lowK,-0.0352415655134669,0.971770787800336
CCNA_00398,quintero_wt-lowK_vs_ΔkdpE-lowK,-0.148217130720435,0.767482601892328
CCNA_00399,quintero_wt-lowK_vs_ΔkdpE-lowK,-0.0432072389577498,0.961147858763621
CCNA_00400,quintero_wt-lowK_vs_ΔkdpE-lowK,-0.0842716282029718,0.916162964698925
CCNA_00401,quintero_wt-lowK_vs_ΔkdpE-lowK,-0.227596030098456,0.610304351912135
CCNA_00402,quintero_wt-lowK_vs_ΔkdpE-lowK,-0.0788647141687449,0.927780362284331
CCNA_00403,quintero_wt-lowK_vs_ΔkdpE-lowK,-0.0523336077601253,0.958927573897016
CCNA_00404,quintero_wt-lowK_vs_ΔkdpE-lowK,0.0221428368197212,0.99056851636028
CCNA_00405,quintero_wt-lowK_vs_ΔkdpE-lowK,0.172631053926408,0.792111378499706
CCNA_R0107,quintero_wt-lowK_vs_ΔkdpE-lowK,-0.109267262693244,NA
CCNA_00406,quintero_wt-lowK_vs_ΔkdpE-lowK,0.285731476003973,0.427867968824683
CCNA_00407,quintero_wt-lowK_vs_ΔkdpE-lowK,0.0501030827800982,0.961147858763621
CCNA_00408,quintero_wt-lowK_vs_ΔkdpE-lowK,0.233847303930217,0.592163690195495
CCNA_00409,quintero_wt-lowK_vs_ΔkdpE-lowK,0.386285036614297,NA
CCNA_00410,quintero_wt-lowK_vs_ΔkdpE-lowK,-0.00444726278436758,0.996622663272792
CCNA_00411,quintero_wt-lowK_vs_ΔkdpE-lowK,-0.114932609751064,0.873056075133951
CCNA_00412,quintero_wt-lowK_vs_ΔkdpE-lowK,-0.0411482184094714,0.966276259130522
CCNA_00413,quintero_wt-lowK_vs_ΔkdpE-lowK,0.133948193611954,0.833021746666053
CCNA_00414,quintero_wt-lowK_vs_ΔkdpE-lowK,0.0943801977042512,0.902928409484046
CCNA_00415,quintero_wt-lowK_vs_ΔkdpE-lowK,-0.149956875373699,0.860876453879659
CCNA_00416,quintero_wt-lowK_vs_ΔkdpE-lowK,-0.214520479790275,0.797312242340999
CCNA_00417,quintero_wt-lowK_vs_ΔkdpE-lowK,-0.304673616889581,0.610999868643915
CCNA_00419,quintero_wt-lowK_vs_ΔkdpE-lowK,-0.51154301893747,0.0135487179258338
CCNA_00420,quintero_wt-lowK_vs_ΔkdpE-lowK,-0.0112813866687818,0.996622663272792
CCNA_00421,quintero_wt-lowK_vs_ΔkdpE-lowK,-0.00573112540374082,0.996622663272792
CCNA_00422,quintero_wt-lowK_vs_ΔkdpE-lowK,0.197432629582661,0.60725072287363
CCNA_03919,quintero_wt-lowK_vs_ΔkdpE-lowK,0.173039200438498,NA
CCNA_00423,quintero_wt-lowK_vs_ΔkdpE-lowK,0.0342369116898967,0.979234361283718
CCNA_00424,quintero_wt-lowK_vs_ΔkdpE-lowK,-0.230261796207583,0.667551779547572
CCNA_00425,quintero_wt-lowK_vs_ΔkdpE-lowK,0.153474352593359,0.775202555370571
CCNA_00426,quintero_wt-lowK_vs_ΔkdpE-lowK,0.0769539880310352,0.939503106034521
CCNA_00427,quintero_wt-lowK_vs_ΔkdpE-lowK,0.103634106547052,0.893651922940822
CCNA_00428,quintero_wt-lowK_vs_ΔkdpE-lowK,0.021222501388995,0.987184707454109
CCNA_00429,quintero_wt-lowK_vs_ΔkdpE-lowK,-0.266842756321464,NA
CCNA_00430,quintero_wt-lowK_vs_ΔkdpE-lowK,0.26709561002981,NA
CCNA_00431,quintero_wt-lowK_vs_ΔkdpE-lowK,-0.0292681200135531,0.989621444518567
CCNA_00432,quintero_wt-lowK_vs_ΔkdpE-lowK,0.241786821451983,0.727551258370868
CCNA_00433,quintero_wt-lowK_vs_ΔkdpE-lowK,0.358141234005869,NA
CCNA_00434,quintero_wt-lowK_vs_ΔkdpE-lowK,0.132263126836833,0.907191149765063
CCNA_00435,quintero_wt-lowK_vs_ΔkdpE-lowK,0.114986767508475,0.835145104166515
CCNA_00436,quintero_wt-lowK_vs_ΔkdpE-lowK,-0.169966417487147,0.732000375139041
CCNA_00437,quintero_wt-lowK_vs_ΔkdpE-lowK,-0.624720037093144,0.013285059799466
CCNA_00438,quintero_wt-lowK_vs_ΔkdpE-lowK,0.00671674987394702,0.996622663272792
CCNA_00439,quintero_wt-lowK_vs_ΔkdpE-lowK,-0.187552384503297,0.653148688736669
CCNA_00440,quintero_wt-lowK_vs_ΔkdpE-lowK,-0.185170210530015,0.653204249289062
CCNA_00441,quintero_wt-lowK_vs_ΔkdpE-lowK,-0.19305988927652,0.605834113635867
CCNA_00442,quintero_wt-lowK_vs_ΔkdpE-lowK,-0.158433765713854,0.748706273570073
CCNA_00443,quintero_wt-lowK_vs_ΔkdpE-lowK,-0.113375144459813,0.878462045891448
CCNA_00444,quintero_wt-lowK_vs_ΔkdpE-lowK,-0.148247686193288,0.791404480108516
CCNA_00445,quintero_wt-lowK_vs_ΔkdpE-lowK,-0.0954384221097852,0.90472250002508
CCNA_00446,quintero_wt-lowK_vs_ΔkdpE-lowK,-0.159111639391481,0.768618544764916
CCNA_00447,quintero_wt-lowK_vs_ΔkdpE-lowK,-0.187233492662478,0.729812521876296
CCNA_00448,quintero_wt-lowK_vs_ΔkdpE-lowK,-0.084126983473486,0.922574044312157
CCNA_00449,quintero_wt-lowK_vs_ΔkdpE-lowK,0.0115049270255387,0.996622663272792
CCNA_00450,quintero_wt-lowK_vs_ΔkdpE-lowK,-0.182293592544913,0.698918788138966
CCNA_00451,quintero_wt-lowK_vs_ΔkdpE-lowK,-0.410431100423821,0.119593512027005
CCNA_00452,quintero_wt-lowK_vs_ΔkdpE-lowK,0.060684621777004,0.943590937062561
CCNA_00453,quintero_wt-lowK_vs_ΔkdpE-lowK,0.184542239627695,0.708304112498341
CCNA_00454,quintero_wt-lowK_vs_ΔkdpE-lowK,0.09757374888958,0.90472250002508
CCNA_03920,quintero_wt-lowK_vs_ΔkdpE-lowK,0.0510179882658391,0.968427682180628
CCNA_00455,quintero_wt-lowK_vs_ΔkdpE-lowK,0.0679534577125643,0.928646988453598
CCNA_R0006,quintero_wt-lowK_vs_ΔkdpE-lowK,0.100864771495509,NA
CCNA_00456,quintero_wt-lowK_vs_ΔkdpE-lowK,0.0184486092061186,0.988776687908575
CCNA_00457,quintero_wt-lowK_vs_ΔkdpE-lowK,-0.0201569079990009,NA
CCNA_00458,quintero_wt-lowK_vs_ΔkdpE-lowK,0.0655696437011196,0.950729440594377
CCNA_00459,quintero_wt-lowK_vs_ΔkdpE-lowK,-0.588818046091735,0.0199651827089375
CCNA_R0108,quintero_wt-lowK_vs_ΔkdpE-lowK,-0.196983421486597,0.801781680983308
CCNA_00460,quintero_wt-lowK_vs_ΔkdpE-lowK,-0.0125457102757053,0.996622663272792
CCNA_03921,quintero_wt-lowK_vs_ΔkdpE-lowK,0.386744057928705,0.12620077926315
CCNA_03998,quintero_wt-lowK_vs_ΔkdpE-lowK,-1.66584730760064e-4,0.999955636558677
CCNA_00464,quintero_wt-lowK_vs_ΔkdpE-lowK,0.352241022504104,0.284024738095986
CCNA_00465,quintero_wt-lowK_vs_ΔkdpE-lowK,0.29414096187049,0.304229976266022
CCNA_00466,quintero_wt-lowK_vs_ΔkdpE-lowK,0.197624396650346,0.583126711348477
CCNA_00467,quintero_wt-lowK_vs_ΔkdpE-lowK,0.197757384647174,0.589578061684241
CCNA_00468,quintero_wt-lowK_vs_ΔkdpE-lowK,0.243204818121556,0.553578717184214
CCNA_00469,quintero_wt-lowK_vs_ΔkdpE-lowK,0.173520729290186,0.693048892542333
CCNA_03922,quintero_wt-lowK_vs_ΔkdpE-lowK,0.129150831153993,0.818522613395672
CCNA_00470,quintero_wt-lowK_vs_ΔkdpE-lowK,0.00413524017437276,0.996622663272792
CCNA_00471,quintero_wt-lowK_vs_ΔkdpE-lowK,0.335895724914888,0.253907578313956
CCNA_00472,quintero_wt-lowK_vs_ΔkdpE-lowK,0.403879098436765,0.120638486167408
CCNA_00473,quintero_wt-lowK_vs_ΔkdpE-lowK,0.0629169771378036,0.941875239365158
CCNA_00474,quintero_wt-lowK_vs_ΔkdpE-lowK,-0.0797732502642697,0.922574044312157
CCNA_00475,quintero_wt-lowK_vs_ΔkdpE-lowK,-0.156889960024428,0.798662605460421
CCNA_00476,quintero_wt-lowK_vs_ΔkdpE-lowK,-0.147318913792382,NA
CCNA_00477,quintero_wt-lowK_vs_ΔkdpE-lowK,0.0346739101677107,0.974433074860177
CCNA_00478,quintero_wt-lowK_vs_ΔkdpE-lowK,0.131227429359944,0.83084353530747
CCNA_00479,quintero_wt-lowK_vs_ΔkdpE-lowK,0.0913676276656911,0.9296912805222
CCNA_00480,quintero_wt-lowK_vs_ΔkdpE-lowK,0.0551684924497153,0.958927573897016
CCNA_00481,quintero_wt-lowK_vs_ΔkdpE-lowK,-0.0563302592847951,0.964660641575699
CCNA_00482,quintero_wt-lowK_vs_ΔkdpE-lowK,0.0815815160051211,0.916162964698925
CCNA_R0007,quintero_wt-lowK_vs_ΔkdpE-lowK,0.385441017284956,0.275350132167263
CCNA_00483,quintero_wt-lowK_vs_ΔkdpE-lowK,0.0787827709953314,0.913506413046311
CCNA_00484,quintero_wt-lowK_vs_ΔkdpE-lowK,-0.161681485259973,0.799290861403708
CCNA_00485,quintero_wt-lowK_vs_ΔkdpE-lowK,0.168448820253171,0.729984131231234
CCNA_00486,quintero_wt-lowK_vs_ΔkdpE-lowK,-0.0268573557894156,0.982930521322842
CCNA_00487,quintero_wt-lowK_vs_ΔkdpE-lowK,-0.0659654077070915,0.927780362284331
CCNA_00488,quintero_wt-lowK_vs_ΔkdpE-lowK,0.049049788014088803,0.959911079917413
CCNA_00489,quintero_wt-lowK_vs_ΔkdpE-lowK,0.0978386682952257,0.900000564472675
CCNA_00490,quintero_wt-lowK_vs_ΔkdpE-lowK,-0.054087382566972,0.948220924133938
CCNA_00491,quintero_wt-lowK_vs_ΔkdpE-lowK,-0.23278474385999,0.608323262710662
CCNA_00492,quintero_wt-lowK_vs_ΔkdpE-lowK,0.13847827174031,0.802618678082021
CCNA_00493,quintero_wt-lowK_vs_ΔkdpE-lowK,-0.0175216423225164,0.994773159342254
CCNA_00494,quintero_wt-lowK_vs_ΔkdpE-lowK,0.0209456908393301,0.986896252737133
CCNA_00495,quintero_wt-lowK_vs_ΔkdpE-lowK,-0.048934216398739,0.958927573897016
CCNA_00496,quintero_wt-lowK_vs_ΔkdpE-lowK,-0.0910519284817587,0.907191149765063
CCNA_00497,quintero_wt-lowK_vs_ΔkdpE-lowK,-0.211366986849905,0.588437618938864
CCNA_00498,quintero_wt-lowK_vs_ΔkdpE-lowK,0.110393814070876,0.89645937372717
CCNA_00499,quintero_wt-lowK_vs_ΔkdpE-lowK,0.0176485874468623,0.990640399994165
CCNA_00500,quintero_wt-lowK_vs_ΔkdpE-lowK,0.0412391016128219,0.963426052821736
CCNA_00501,quintero_wt-lowK_vs_ΔkdpE-lowK,0.0995022543947869,0.888070713772228
CCNA_00502,quintero_wt-lowK_vs_ΔkdpE-lowK,0.248856076833577,0.468125118958852
CCNA_R0202,quintero_wt-lowK_vs_ΔkdpE-lowK,0,NA
CCNA_00503,quintero_wt-lowK_vs_ΔkdpE-lowK,-0.0436292433199552,0.968427682180628
CCNA_00504,quintero_wt-lowK_vs_ΔkdpE-lowK,0.230657455717385,0.596707186838132
CCNA_00505,quintero_wt-lowK_vs_ΔkdpE-lowK,0.092762157609622,0.907191149765063
CCNA_00506,quintero_wt-lowK_vs_ΔkdpE-lowK,0.00626958583377701,0.996622663272792
CCNA_00507,quintero_wt-lowK_vs_ΔkdpE-lowK,-0.159932505737074,0.802539892773751
CCNA_00508,quintero_wt-lowK_vs_ΔkdpE-lowK,-0.0215038736102008,0.987400549091467
CCNA_00509,quintero_wt-lowK_vs_ΔkdpE-lowK,-0.0563717683924258,0.958927573897016
CCNA_00510,quintero_wt-lowK_vs_ΔkdpE-lowK,-0.101988147749403,0.888070713772228
CCNA_00511,quintero_wt-lowK_vs_ΔkdpE-lowK,-0.0210825383459946,0.985022854056456
CCNA_00512,quintero_wt-lowK_vs_ΔkdpE-lowK,0.411957767091101,0.080184021610694
CCNA_03885,quintero_wt-lowK_vs_ΔkdpE-lowK,-0.232232947906043,0.553595930971498
CCNA_00514,quintero_wt-lowK_vs_ΔkdpE-lowK,-0.106112239956288,0.907191149765063
CCNA_00515,quintero_wt-lowK_vs_ΔkdpE-lowK,-0.00639395655214269,0.996622663272792
CCNA_00516,quintero_wt-lowK_vs_ΔkdpE-lowK,-0.0168230321077904,0.996622663272792
CCNA_00517,quintero_wt-lowK_vs_ΔkdpE-lowK,0.321758278840255,0.372551719835015
CCNA_00518,quintero_wt-lowK_vs_ΔkdpE-lowK,0.275079371489977,0.528551490836619
CCNA_00519,quintero_wt-lowK_vs_ΔkdpE-lowK,0.173874251835659,0.649385450937873
CCNA_00520,quintero_wt-lowK_vs_ΔkdpE-lowK,0.403386231500415,0.134204888850707
CCNA_00521,quintero_wt-lowK_vs_ΔkdpE-lowK,0.0893719562966959,0.907798934437514
CCNA_00522,quintero_wt-lowK_vs_ΔkdpE-lowK,-0.00968350858709824,0.996622663272792
CCNA_00523,quintero_wt-lowK_vs_ΔkdpE-lowK,-0.13510290032381,0.801781680983308
CCNA_00524,quintero_wt-lowK_vs_ΔkdpE-lowK,0.0332060938984533,0.974743822317701
CCNA_00525,quintero_wt-lowK_vs_ΔkdpE-lowK,0.00482165659538467,0.996622663272792
CCNA_00526,quintero_wt-lowK_vs_ΔkdpE-lowK,-0.0346964774344895,0.973060152610324
CCNA_00527,quintero_wt-lowK_vs_ΔkdpE-lowK,0.0825845985852775,0.907191149765063
CCNA_00528,quintero_wt-lowK_vs_ΔkdpE-lowK,-0.0309689205848816,0.974743822317701
CCNA_00529,quintero_wt-lowK_vs_ΔkdpE-lowK,-0.268733395824608,0.509869544259708
CCNA_00530,quintero_wt-lowK_vs_ΔkdpE-lowK,-0.0264656397073718,0.984926188501165
CCNA_00531,quintero_wt-lowK_vs_ΔkdpE-lowK,-0.153674211888702,0.834583479362865
CCNA_00532,quintero_wt-lowK_vs_ΔkdpE-lowK,0.0379864072713745,0.973557788736547
CCNA_00533,quintero_wt-lowK_vs_ΔkdpE-lowK,-0.025058766283656,0.982513296655847
CCNA_00534,quintero_wt-lowK_vs_ΔkdpE-lowK,-0.0651456563549262,0.937919850727579
CCNA_00535,quintero_wt-lowK_vs_ΔkdpE-lowK,0.299594024475479,0.530476565014622
CCNA_00536,quintero_wt-lowK_vs_ΔkdpE-lowK,0.0111421011264922,0.996622663272792
CCNA_00537,quintero_wt-lowK_vs_ΔkdpE-lowK,-0.466248939212054,0.039314708189094
CCNA_R0109,quintero_wt-lowK_vs_ΔkdpE-lowK,0,NA
CCNA_00538,quintero_wt-lowK_vs_ΔkdpE-lowK,-0.631547908794513,0.00151203342457292
CCNA_00539,quintero_wt-lowK_vs_ΔkdpE-lowK,0.0104055158013484,0.996622663272792
CCNA_00540,quintero_wt-lowK_vs_ΔkdpE-lowK,0.15860179259588,0.767482601892328
CCNA_03923,quintero_wt-lowK_vs_ΔkdpE-lowK,-0.356381632433636,0.323952385620255
CCNA_00541,quintero_wt-lowK_vs_ΔkdpE-lowK,-0.0934484647852427,0.930440907772699
CCNA_00542,quintero_wt-lowK_vs_ΔkdpE-lowK,0.0853127074752444,0.916162964698925
CCNA_00543,quintero_wt-lowK_vs_ΔkdpE-lowK,0.0404660967382288,0.966276259130522
CCNA_00544,quintero_wt-lowK_vs_ΔkdpE-lowK,0.162064652636565,0.723390391184039
CCNA_R0110,quintero_wt-lowK_vs_ΔkdpE-lowK,0.427957222432398,NA
CCNA_00545,quintero_wt-lowK_vs_ΔkdpE-lowK,-0.00410301532485568,0.996622663272792
CCNA_00546,quintero_wt-lowK_vs_ΔkdpE-lowK,0.0598328430195295,0.937919850727579
CCNA_00547,quintero_wt-lowK_vs_ΔkdpE-lowK,0.209390374093358,0.710214970088148
CCNA_00548,quintero_wt-lowK_vs_ΔkdpE-lowK,-0.150077965877975,NA
CCNA_00549,quintero_wt-lowK_vs_ΔkdpE-lowK,-0.0571367020033617,NA
CCNA_00550,quintero_wt-lowK_vs_ΔkdpE-lowK,-0.0157089336445983,0.996622663272792
CCNA_00551,quintero_wt-lowK_vs_ΔkdpE-lowK,-0.43744388278751,0.15022304010734
CCNA_00552,quintero_wt-lowK_vs_ΔkdpE-lowK,-0.087827063451649,0.90251583795004
CCNA_00553,quintero_wt-lowK_vs_ΔkdpE-lowK,-0.0911861266738933,0.892561612178293
CCNA_00554,quintero_wt-lowK_vs_ΔkdpE-lowK,-0.0364630159571099,0.969802236305544
CCNA_00555,quintero_wt-lowK_vs_ΔkdpE-lowK,0.0294653729615104,0.981156857180441
CCNA_00556,quintero_wt-lowK_vs_ΔkdpE-lowK,0.0831818026623014,0.916162964698925
CCNA_00557,quintero_wt-lowK_vs_ΔkdpE-lowK,0.192086088805116,0.731140611433652
CCNA_00558,quintero_wt-lowK_vs_ΔkdpE-lowK,0.327692406350584,0.249945541514975
CCNA_00559,quintero_wt-lowK_vs_ΔkdpE-lowK,0.313598698756374,0.284534577046309
CCNA_00560,quintero_wt-lowK_vs_ΔkdpE-lowK,0.13393439456537,0.814573127708933
CCNA_00561,quintero_wt-lowK_vs_ΔkdpE-lowK,0.260882934664159,0.491710599796554
CCNA_00562,quintero_wt-lowK_vs_ΔkdpE-lowK,0.118667268854158,0.858618653273081
CCNA_00563,quintero_wt-lowK_vs_ΔkdpE-lowK,-0.0452344400154221,0.966276259130522
CCNA_00564,quintero_wt-lowK_vs_ΔkdpE-lowK,-0.0625765346648513,0.933001706522734
CCNA_00565,quintero_wt-lowK_vs_ΔkdpE-lowK,-0.0259993841289792,0.978996708659337
CCNA_R0008,quintero_wt-lowK_vs_ΔkdpE-lowK,0.116504486770908,0.913170513657892
CCNA_00566,quintero_wt-lowK_vs_ΔkdpE-lowK,0.127132120994129,0.832818174551146
CCNA_00567,quintero_wt-lowK_vs_ΔkdpE-lowK,0.0539509571647519,0.948220924133938
CCNA_00568,quintero_wt-lowK_vs_ΔkdpE-lowK,-0.179195889527233,0.768118964542274
CCNA_00569,quintero_wt-lowK_vs_ΔkdpE-lowK,-0.106697393470616,0.901387296495574
CCNA_00570,quintero_wt-lowK_vs_ΔkdpE-lowK,0.0412163425516063,0.973060152610324
CCNA_00571,quintero_wt-lowK_vs_ΔkdpE-lowK,-0.249810114017698,NA
CCNA_00572,quintero_wt-lowK_vs_ΔkdpE-lowK,0.0520994119098423,NA
CCNA_00573,quintero_wt-lowK_vs_ΔkdpE-lowK,-0.0392801977724643,0.966276259130522
CCNA_00574,quintero_wt-lowK_vs_ΔkdpE-lowK,0.0220251515834346,0.98768093849729
CCNA_00575,quintero_wt-lowK_vs_ΔkdpE-lowK,-0.245724590196523,0.706359274423738
CCNA_00576,quintero_wt-lowK_vs_ΔkdpE-lowK,-0.174066501440008,0.799290861403708
CCNA_00578,quintero_wt-lowK_vs_ΔkdpE-lowK,-0.0922726868969103,0.900000564472675
CCNA_R0203,quintero_wt-lowK_vs_ΔkdpE-lowK,-0.213439696141889,NA
CCNA_00579,quintero_wt-lowK_vs_ΔkdpE-lowK,0.25944407493998,0.429771484220818
CCNA_00580,quintero_wt-lowK_vs_ΔkdpE-lowK,0.116331337978176,0.872906295776351
CCNA_03886,quintero_wt-lowK_vs_ΔkdpE-lowK,0.0562480191047423,0.947179879827685
CCNA_00582,quintero_wt-lowK_vs_ΔkdpE-lowK,-0.0650480136116579,0.943392222963534
CCNA_00583,quintero_wt-lowK_vs_ΔkdpE-lowK,0.0323189249622503,0.969827944001215
CCNA_00585,quintero_wt-lowK_vs_ΔkdpE-lowK,-0.217537793942799,0.639695382336502
CCNA_00586,quintero_wt-lowK_vs_ΔkdpE-lowK,-0.0174552495282654,0.993049546378912
CCNA_00587,quintero_wt-lowK_vs_ΔkdpE-lowK,0.131069378815976,0.802539892773751
CCNA_00588,quintero_wt-lowK_vs_ΔkdpE-lowK,0.317069657878934,0.219093190184849
CCNA_00589,quintero_wt-lowK_vs_ΔkdpE-lowK,0.24480725208404,0.425036780507063
CCNA_00590,quintero_wt-lowK_vs_ΔkdpE-lowK,0.126473671311275,0.843389525155222
CCNA_00591,quintero_wt-lowK_vs_ΔkdpE-lowK,0.0874843539012302,0.893138690551909
CCNA_00592,quintero_wt-lowK_vs_ΔkdpE-lowK,0.119301761811873,0.821946275519447
CCNA_R0111,quintero_wt-lowK_vs_ΔkdpE-lowK,0,NA
CCNA_00593,quintero_wt-lowK_vs_ΔkdpE-lowK,0.209563391346657,0.58495521282509
CCNA_00594,quintero_wt-lowK_vs_ΔkdpE-lowK,0.239460759995575,0.434877213657694
CCNA_R0112,quintero_wt-lowK_vs_ΔkdpE-lowK,0.245883426356985,0.706359274423738
CCNA_00595,quintero_wt-lowK_vs_ΔkdpE-lowK,-0.0366101944627855,0.969386468769786
CCNA_00596,quintero_wt-lowK_vs_ΔkdpE-lowK,0.256037305591261,0.636014926784018
CCNA_00597,quintero_wt-lowK_vs_ΔkdpE-lowK,0.0118101026676812,0.996622663272792
CCNA_00598,quintero_wt-lowK_vs_ΔkdpE-lowK,0.0679822865905244,0.931796568242543
CCNA_03887,quintero_wt-lowK_vs_ΔkdpE-lowK,0.0620041650603991,0.95017858273463
CCNA_00600,quintero_wt-lowK_vs_ΔkdpE-lowK,0.13135253654375,0.864577161331887
CCNA_00601,quintero_wt-lowK_vs_ΔkdpE-lowK,0.100882522472228,0.910927646949931
CCNA_00602,quintero_wt-lowK_vs_ΔkdpE-lowK,0.029737548594743,0.982930521322842
CCNA_00603,quintero_wt-lowK_vs_ΔkdpE-lowK,-0.0426783414009084,0.973858841046356
CCNA_00604,quintero_wt-lowK_vs_ΔkdpE-lowK,0.148527979109402,0.799983136486764
CCNA_00605,quintero_wt-lowK_vs_ΔkdpE-lowK,-0.0795776105227866,0.916162964698925
CCNA_00607,quintero_wt-lowK_vs_ΔkdpE-lowK,0.0500054181276567,0.958927573897016
CCNA_00608,quintero_wt-lowK_vs_ΔkdpE-lowK,0.049166949301166,0.964660641575699
CCNA_00609,quintero_wt-lowK_vs_ΔkdpE-lowK,0.232941678645728,0.5400849380962
CCNA_00610,quintero_wt-lowK_vs_ΔkdpE-lowK,0.0364405052553102,0.970508307273341
CCNA_00611,quintero_wt-lowK_vs_ΔkdpE-lowK,0.250011711332818,0.472982296051675
CCNA_00612,quintero_wt-lowK_vs_ΔkdpE-lowK,0.0450870043012128,0.966972926487221
CCNA_00613,quintero_wt-lowK_vs_ΔkdpE-lowK,0.00225228464744543,0.997836432254234
CCNA_00614,quintero_wt-lowK_vs_ΔkdpE-lowK,-0.074553411017391,0.935724342193256
CCNA_00615,quintero_wt-lowK_vs_ΔkdpE-lowK,0.181729516247801,0.733910490362093
CCNA_03924,quintero_wt-lowK_vs_ΔkdpE-lowK,0.2898697558373,0.519896511379164
CCNA_00616,quintero_wt-lowK_vs_ΔkdpE-lowK,-0.0695814353248818,0.948564388162675
CCNA_00617,quintero_wt-lowK_vs_ΔkdpE-lowK,-0.0799156104271994,NA
CCNA_00618,quintero_wt-lowK_vs_ΔkdpE-lowK,0.0769075736349625,0.943590937062561
CCNA_00619,quintero_wt-lowK_vs_ΔkdpE-lowK,0.072043072086634,NA
CCNA_00620,quintero_wt-lowK_vs_ΔkdpE-lowK,-0.104804079270257,0.913015530202387
CCNA_00621,quintero_wt-lowK_vs_ΔkdpE-lowK,0.218606110660044,NA
CCNA_00622,quintero_wt-lowK_vs_ΔkdpE-lowK,0.0313215224131235,0.987184707454109
CCNA_00623,quintero_wt-lowK_vs_ΔkdpE-lowK,-0.191205658740151,0.797312242340999
CCNA_03925,quintero_wt-lowK_vs_ΔkdpE-lowK,0,NA
CCNA_00624,quintero_wt-lowK_vs_ΔkdpE-lowK,-0.0834065348226695,0.916162964698925
CCNA_00625,quintero_wt-lowK_vs_ΔkdpE-lowK,0.0913757926344382,0.901387296495574
CCNA_00626,quintero_wt-lowK_vs_ΔkdpE-lowK,-0.329829732592472,0.186760538797896
CCNA_00627,quintero_wt-lowK_vs_ΔkdpE-lowK,-0.353089473060052,0.335447542012816
CCNA_00628,quintero_wt-lowK_vs_ΔkdpE-lowK,-0.420009864879627,0.230016479778035
CCNA_00629,quintero_wt-lowK_vs_ΔkdpE-lowK,-0.186899226677686,0.615047712117166
CCNA_00630,quintero_wt-lowK_vs_ΔkdpE-lowK,0.00646782373417917,0.996622663272792
CCNA_00631,quintero_wt-lowK_vs_ΔkdpE-lowK,0.27788012223221,0.60255714471152
CCNA_00632,quintero_wt-lowK_vs_ΔkdpE-lowK,0.30121278547827,0.511310180355128
CCNA_00633,quintero_wt-lowK_vs_ΔkdpE-lowK,0.214123368517666,0.727551258370868
CCNA_00634,quintero_wt-lowK_vs_ΔkdpE-lowK,0.235819438294023,0.620036912166275
CCNA_00635,quintero_wt-lowK_vs_ΔkdpE-lowK,0.396216385589075,0.22970320823573
CCNA_00636,quintero_wt-lowK_vs_ΔkdpE-lowK,0.00163462636345397,0.997836432254234
CCNA_R0113,quintero_wt-lowK_vs_ΔkdpE-lowK,0,NA
CCNA_00637,quintero_wt-lowK_vs_ΔkdpE-lowK,-0.265415688029442,0.497725141365937
CCNA_00638,quintero_wt-lowK_vs_ΔkdpE-lowK,-0.0583830313666135,0.958927573897016
CCNA_00639,quintero_wt-lowK_vs_ΔkdpE-lowK,0.157279488841586,0.768618544764916
CCNA_R0114,quintero_wt-lowK_vs_ΔkdpE-lowK,0,NA
CCNA_00640,quintero_wt-lowK_vs_ΔkdpE-lowK,0.134350982728128,0.876203113376059
CCNA_00641,quintero_wt-lowK_vs_ΔkdpE-lowK,0.0595303937157949,0.958927573897016
CCNA_00642,quintero_wt-lowK_vs_ΔkdpE-lowK,0.05416085328183,0.966276259130522
CCNA_00643,quintero_wt-lowK_vs_ΔkdpE-lowK,-0.117848747282462,NA
CCNA_00644,quintero_wt-lowK_vs_ΔkdpE-lowK,0.18494028088599,0.762209683777962
CCNA_00645,quintero_wt-lowK_vs_ΔkdpE-lowK,0.015918643118348,0.996622663272792
CCNA_00646,quintero_wt-lowK_vs_ΔkdpE-lowK,0.0736151717086586,0.944800724259362
CCNA_00647,quintero_wt-lowK_vs_ΔkdpE-lowK,-0.0658283206066578,0.958927573897016
CCNA_00648,quintero_wt-lowK_vs_ΔkdpE-lowK,0.443804462049407,0.209183147311443
CCNA_00649,quintero_wt-lowK_vs_ΔkdpE-lowK,0.107599153031498,0.913170513657892
CCNA_00650,quintero_wt-lowK_vs_ΔkdpE-lowK,0.323655702035275,0.370436809925315
CCNA_00651,quintero_wt-lowK_vs_ΔkdpE-lowK,0.183637621045142,0.730936462095074
CCNA_00652,quintero_wt-lowK_vs_ΔkdpE-lowK,0.00692845402932004,NA
CCNA_00653,quintero_wt-lowK_vs_ΔkdpE-lowK,-0.228929128417589,0.662699910368249
CCNA_00654,quintero_wt-lowK_vs_ΔkdpE-lowK,-0.00718011161989098,0.996622663272792
CCNA_R0009,quintero_wt-lowK_vs_ΔkdpE-lowK,0.206015640773826,NA
CCNA_00655,quintero_wt-lowK_vs_ΔkdpE-lowK,0.0762093640989755,0.925354208681293
CCNA_00656,quintero_wt-lowK_vs_ΔkdpE-lowK,0.0237906389151709,0.982513296655847
CCNA_00657,quintero_wt-lowK_vs_ΔkdpE-lowK,0.0643934761475962,0.935724342193256
CCNA_00658,quintero_wt-lowK_vs_ΔkdpE-lowK,0.107044370534581,0.90472250002508
CCNA_00659,quintero_wt-lowK_vs_ΔkdpE-lowK,0.152081406665943,0.789405409722789
CCNA_00660,quintero_wt-lowK_vs_ΔkdpE-lowK,0.00365847142785519,NA
CCNA_00661,quintero_wt-lowK_vs_ΔkdpE-lowK,-0.190995785729324,NA
CCNA_00662,quintero_wt-lowK_vs_ΔkdpE-lowK,0.0296933592615248,0.98248793002861
CCNA_00663,quintero_wt-lowK_vs_ΔkdpE-lowK,0.305295781456045,0.542165485839083
CCNA_R0010,quintero_wt-lowK_vs_ΔkdpE-lowK,-0.0942381339697271,NA
CCNA_00664,quintero_wt-lowK_vs_ΔkdpE-lowK,-0.131961400498318,0.838974119457327
CCNA_00665,quintero_wt-lowK_vs_ΔkdpE-lowK,-0.115860492884556,0.878462045891448
CCNA_00666,quintero_wt-lowK_vs_ΔkdpE-lowK,-0.0699570793089033,0.948220924133938
CCNA_00667,quintero_wt-lowK_vs_ΔkdpE-lowK,-0.0228920502582358,0.987184707454109
CCNA_00668,quintero_wt-lowK_vs_ΔkdpE-lowK,-0.419991938652837,0.134204888850707
CCNA_00669,quintero_wt-lowK_vs_ΔkdpE-lowK,-0.082088486058421,0.922574044312157
CCNA_00670,quintero_wt-lowK_vs_ΔkdpE-lowK,0.211938703573134,0.672913512122135
CCNA_00671,quintero_wt-lowK_vs_ΔkdpE-lowK,0.240663994654355,0.603359701296552
CCNA_00672,quintero_wt-lowK_vs_ΔkdpE-lowK,0.0550947522567279,0.959661793444286
CCNA_00673,quintero_wt-lowK_vs_ΔkdpE-lowK,0.0818289447331322,0.91636225942915694
CCNA_00674,quintero_wt-lowK_vs_ΔkdpE-lowK,-0.0471998811071316,0.966276259130522
CCNA_00675,quintero_wt-lowK_vs_ΔkdpE-lowK,-0.104068046727071,0.898866238491272
CCNA_00676,quintero_wt-lowK_vs_ΔkdpE-lowK,-0.116175528881447,0.90251583795004
CCNA_R0115,quintero_wt-lowK_vs_ΔkdpE-lowK,-0.04690372090574,NA
CCNA_00677,quintero_wt-lowK_vs_ΔkdpE-lowK,-0.127017606483615,0.876203113376059
CCNA_00678,quintero_wt-lowK_vs_ΔkdpE-lowK,0.00309433193041827,0.996622663272792
CCNA_R0011,quintero_wt-lowK_vs_ΔkdpE-lowK,0.0219954650939854,NA
CCNA_00679,quintero_wt-lowK_vs_ΔkdpE-lowK,-0.0546638843011739,NA
CCNA_00680,quintero_wt-lowK_vs_ΔkdpE-lowK,0.0315367670704381,0.978652377991815
CCNA_00681,quintero_wt-lowK_vs_ΔkdpE-lowK,-0.182041667604912,0.794981926895211
CCNA_00682,quintero_wt-lowK_vs_ΔkdpE-lowK,-0.28322919013134,0.581780131805135
CCNA_00683,quintero_wt-lowK_vs_ΔkdpE-lowK,-0.0505469900101892,0.965920274454204
CCNA_00684,quintero_wt-lowK_vs_ΔkdpE-lowK,0.0301152242261394,0.974743822317701
CCNA_00685,quintero_wt-lowK_vs_ΔkdpE-lowK,0.0854296927609019,0.920280456034305
CCNA_00686,quintero_wt-lowK_vs_ΔkdpE-lowK,-0.036621824769871,0.973557788736547
CCNA_00687,quintero_wt-lowK_vs_ΔkdpE-lowK,-0.032484109101863,0.982930521322842
CCNA_00688,quintero_wt-lowK_vs_ΔkdpE-lowK,-0.0704543373947745,0.933001706522734
CCNA_00689,quintero_wt-lowK_vs_ΔkdpE-lowK,-0.277993746283147,0.504167252525351
CCNA_00690,quintero_wt-lowK_vs_ΔkdpE-lowK,0.176915860465367,0.74925396593219
CCNA_00691,quintero_wt-lowK_vs_ΔkdpE-lowK,0.516059453799569,0.0545015103541408
CCNA_00692,quintero_wt-lowK_vs_ΔkdpE-lowK,-0.223384319575711,0.538329268350282
CCNA_00693,quintero_wt-lowK_vs_ΔkdpE-lowK,-0.0869915514152507,0.914468665796029
CCNA_00694,quintero_wt-lowK_vs_ΔkdpE-lowK,-0.0617483300180218,0.937919850727579
CCNA_00695,quintero_wt-lowK_vs_ΔkdpE-lowK,-0.0491531273606958,0.958927573897016
CCNA_00696,quintero_wt-lowK_vs_ΔkdpE-lowK,-0.10605202234246,0.897367818490869
CCNA_R0116,quintero_wt-lowK_vs_ΔkdpE-lowK,0.261552095784538,0.545703966306825
CCNA_00698,quintero_wt-lowK_vs_ΔkdpE-lowK,0.0925738305520335,0.916162964698925
CCNA_00699,quintero_wt-lowK_vs_ΔkdpE-lowK,0.343000091812198,0.292844754591435
CCNA_R0012,quintero_wt-lowK_vs_ΔkdpE-lowK,-0.496241059663747,NA
CCNA_00700,quintero_wt-lowK_vs_ΔkdpE-lowK,-0.0965610096476954,0.910927646949931
CCNA_00701,quintero_wt-lowK_vs_ΔkdpE-lowK,-0.224189252984473,0.763566467640283
CCNA_03888,quintero_wt-lowK_vs_ΔkdpE-lowK,-0.0095585892956147,0.996622663272792
CCNA_00703,quintero_wt-lowK_vs_ΔkdpE-lowK,-0.0452640557276335,NA
CCNA_00704,quintero_wt-lowK_vs_ΔkdpE-lowK,0.225111364919171,NA
CCNA_00705,quintero_wt-lowK_vs_ΔkdpE-lowK,0.57613469069779,0.0293514223262481
CCNA_00706,quintero_wt-lowK_vs_ΔkdpE-lowK,0.065066485466243,NA
CCNA_00707,quintero_wt-lowK_vs_ΔkdpE-lowK,0.0841008634971156,0.90472250002508
CCNA_00708,quintero_wt-lowK_vs_ΔkdpE-lowK,-1.84754227221852e-6,0.999989068779952
CCNA_00709,quintero_wt-lowK_vs_ΔkdpE-lowK,0.0320788296158579,0.982930521322842
CCNA_00710,quintero_wt-lowK_vs_ΔkdpE-lowK,-0.380022249361573,0.0980389457523885
CCNA_00711,quintero_wt-lowK_vs_ΔkdpE-lowK,-0.669575121857351,6.41142124569881e-4
CCNA_00712,quintero_wt-lowK_vs_ΔkdpE-lowK,-0.45045736157581,0.164830691535213
CCNA_03926,quintero_wt-lowK_vs_ΔkdpE-lowK,-0.314031805957106,0.581780131805135
CCNA_00714,quintero_wt-lowK_vs_ΔkdpE-lowK,0.00686995907500494,0.996622663272792
CCNA_03927,quintero_wt-lowK_vs_ΔkdpE-lowK,-0.0718883214070076,0.930440907772699
CCNA_03928,quintero_wt-lowK_vs_ΔkdpE-lowK,-0.140766575096303,0.815253330996715
CCNA_00716,quintero_wt-lowK_vs_ΔkdpE-lowK,-0.11015327952212,0.878462045891448
CCNA_03929,quintero_wt-lowK_vs_ΔkdpE-lowK,0.316032781826677,0.302691480086077
CCNA_00718,quintero_wt-lowK_vs_ΔkdpE-lowK,0.0746132238872673,0.916162964698925
CCNA_R0117,quintero_wt-lowK_vs_ΔkdpE-lowK,0.209366386588157,0.768118964542274
CCNA_03930,quintero_wt-lowK_vs_ΔkdpE-lowK,0,NA
CCNA_03931,quintero_wt-lowK_vs_ΔkdpE-lowK,0,NA
CCNA_03932,quintero_wt-lowK_vs_ΔkdpE-lowK,-0.0565896186059662,0.966979933140307
CCNA_03933,quintero_wt-lowK_vs_ΔkdpE-lowK,-0.221376739790383,0.788976201947821
CCNA_00719,quintero_wt-lowK_vs_ΔkdpE-lowK,-0.255022976310116,0.682913859960254
CCNA_00720,quintero_wt-lowK_vs_ΔkdpE-lowK,-0.0481069273518635,0.971010544153477
CCNA_00721,quintero_wt-lowK_vs_ΔkdpE-lowK,-1.24223754517936,1.31760867998721e-10
CCNA_00722,quintero_wt-lowK_vs_ΔkdpE-lowK,-1.14884467133526,1.29625556029626e-8
CCNA_00723,quintero_wt-lowK_vs_ΔkdpE-lowK,-0.00643480011511259,0.996622663272792
CCNA_00724,quintero_wt-lowK_vs_ΔkdpE-lowK,0.0449480380533094,0.962869390746375
CCNA_00725,quintero_wt-lowK_vs_ΔkdpE-lowK,-0.119491698143151,0.893454536403694
CCNA_00726,quintero_wt-lowK_vs_ΔkdpE-lowK,-0.167184176041189,0.831818232412691
CCNA_00727,quintero_wt-lowK_vs_ΔkdpE-lowK,0.167302684318986,0.74627264672556
CCNA_00728,quintero_wt-lowK_vs_ΔkdpE-lowK,-0.147770872437011,0.792406924606651
CCNA_00729,quintero_wt-lowK_vs_ΔkdpE-lowK,-0.0872071490961504,0.896834139023419
CCNA_00730,quintero_wt-lowK_vs_ΔkdpE-lowK,-0.151372968404628,0.797312242340999
CCNA_00731,quintero_wt-lowK_vs_ΔkdpE-lowK,0.0528552094224327,0.948220924133938
CCNA_00732,quintero_wt-lowK_vs_ΔkdpE-lowK,-0.901757646974231,4.74465819540036e-5
CCNA_00733,quintero_wt-lowK_vs_ΔkdpE-lowK,-0.474691986659151,0.0263369719792307
CCNA_00734,quintero_wt-lowK_vs_ΔkdpE-lowK,-0.104506474143994,0.897528818205775
CCNA_00735,quintero_wt-lowK_vs_ΔkdpE-lowK,0.0874628816181525,0.893651922940822
CCNA_00736,quintero_wt-lowK_vs_ΔkdpE-lowK,-0.190082580880636,0.633709468343663
CCNA_00737,quintero_wt-lowK_vs_ΔkdpE-lowK,-0.210994772079118,0.615047712117166
CCNA_03934,quintero_wt-lowK_vs_ΔkdpE-lowK,0.114497344701992,0.888070713772228
CCNA_00738,quintero_wt-lowK_vs_ΔkdpE-lowK,0.0707187656368555,0.925354208681293
CCNA_00740,quintero_wt-lowK_vs_ΔkdpE-lowK,-0.0458236020013841,0.958927573897016
CCNA_00741,quintero_wt-lowK_vs_ΔkdpE-lowK,0.00111484333200675,0.998011173787633
CCNA_00742,quintero_wt-lowK_vs_ΔkdpE-lowK,0.00408611058749026,0.996622663272792
CCNA_00743,quintero_wt-lowK_vs_ΔkdpE-lowK,-0.209259539286701,0.71048383792679
CCNA_00744,quintero_wt-lowK_vs_ΔkdpE-lowK,0.169203441680456,0.814584236860642
CCNA_00745,quintero_wt-lowK_vs_ΔkdpE-lowK,0.00500007424222269,NA
CCNA_03935,quintero_wt-lowK_vs_ΔkdpE-lowK,0,NA
CCNA_00746,quintero_wt-lowK_vs_ΔkdpE-lowK,0.0416082268383672,0.966276259130522
CCNA_00747,quintero_wt-lowK_vs_ΔkdpE-lowK,0.101061165428453,0.882169905712783
CCNA_00748,quintero_wt-lowK_vs_ΔkdpE-lowK,0.41514852746555,0.306022282002648
CCNA_00749,quintero_wt-lowK_vs_ΔkdpE-lowK,0.339334486518147,0.506186942316205
CCNA_00750,quintero_wt-lowK_vs_ΔkdpE-lowK,0.510369146712529,0.0419773438054005
CCNA_R0118,quintero_wt-lowK_vs_ΔkdpE-lowK,-0.178522092098955,NA
CCNA_00751,quintero_wt-lowK_vs_ΔkdpE-lowK,-0.0691842295722574,0.932181220537099
CCNA_00752,quintero_wt-lowK_vs_ΔkdpE-lowK,0.0218331331128247,0.982930521322842
CCNA_00753,quintero_wt-lowK_vs_ΔkdpE-lowK,0.060006833107644,0.948220924133938
CCNA_00754,quintero_wt-lowK_vs_ΔkdpE-lowK,-0.425464520212709,0.35889710946827
CCNA_00755,quintero_wt-lowK_vs_ΔkdpE-lowK,-0.143965573231417,0.878462045891448
CCNA_00756,quintero_wt-lowK_vs_ΔkdpE-lowK,-0.178364252375091,NA
CCNA_R0119,quintero_wt-lowK_vs_ΔkdpE-lowK,0.0738726642860467,NA
CCNA_00757,quintero_wt-lowK_vs_ΔkdpE-lowK,0.00999716796710642,0.996622663272792
CCNA_00758,quintero_wt-lowK_vs_ΔkdpE-lowK,0.302457495697161,0.370436809925315
CCNA_00759,quintero_wt-lowK_vs_ΔkdpE-lowK,-0.0301918818452872,0.978652377991815
CCNA_R0120,quintero_wt-lowK_vs_ΔkdpE-lowK,-0.118931669016312,NA
CCNA_00760,quintero_wt-lowK_vs_ΔkdpE-lowK,-0.0253334472878359,0.982930521322842
CCNA_00761,quintero_wt-lowK_vs_ΔkdpE-lowK,0.125032585469002,0.882508540055804
CCNA_00762,quintero_wt-lowK_vs_ΔkdpE-lowK,-0.359361549050198,0.204904715312001
CCNA_00763,quintero_wt-lowK_vs_ΔkdpE-lowK,-0.417756613444396,0.0769237272073001
CCNA_00764,quintero_wt-lowK_vs_ΔkdpE-lowK,-0.290265419762413,0.32666509564747
CCNA_00765,quintero_wt-lowK_vs_ΔkdpE-lowK,0.125089140796417,0.841292106577595
CCNA_00766,quintero_wt-lowK_vs_ΔkdpE-lowK,0.147033325682719,0.775202555370571
CCNA_00767,quintero_wt-lowK_vs_ΔkdpE-lowK,-0.0556468089890483,0.958927573897016
CCNA_03936,quintero_wt-lowK_vs_ΔkdpE-lowK,-0.833715832679872,0.00210043155642417
CCNA_00768,quintero_wt-lowK_vs_ΔkdpE-lowK,-1.1971726241897,1.6907247212727e-9
CCNA_00769,quintero_wt-lowK_vs_ΔkdpE-lowK,-1.13688371926039,8.50322635334873e-9
CCNA_00770,quintero_wt-lowK_vs_ΔkdpE-lowK,-0.196000742480169,0.689945327869335
CCNA_R0013,quintero_wt-lowK_vs_ΔkdpE-lowK,-0.122178888821907,NA
CCNA_00772,quintero_wt-lowK_vs_ΔkdpE-lowK,-0.0607284044161268,NA
CCNA_00773,quintero_wt-lowK_vs_ΔkdpE-lowK,-0.286466436665592,0.334058730784776
CCNA_03937,quintero_wt-lowK_vs_ΔkdpE-lowK,0.028261743816502,0.982930521322842
CCNA_00774,quintero_wt-lowK_vs_ΔkdpE-lowK,-0.00632706418945009,0.996622663272792
CCNA_00775,quintero_wt-lowK_vs_ΔkdpE-lowK,0.131801510586195,0.825616583224396
CCNA_00776,quintero_wt-lowK_vs_ΔkdpE-lowK,-0.0865754187355847,0.916392833287982
CCNA_00777,quintero_wt-lowK_vs_ΔkdpE-lowK,-0.198115325336787,0.667551779547572
CCNA_00778,quintero_wt-lowK_vs_ΔkdpE-lowK,0.437105801603734,0.119593512027005
CCNA_R0014,quintero_wt-lowK_vs_ΔkdpE-lowK,0.050546841532594,NA
CCNA_00779,quintero_wt-lowK_vs_ΔkdpE-lowK,0.113519782531998,0.894681023904538
CCNA_00780,quintero_wt-lowK_vs_ΔkdpE-lowK,0.0235895714462029,0.987184707454109
CCNA_00781,quintero_wt-lowK_vs_ΔkdpE-lowK,-0.0297407301330065,0.978710350314718
CCNA_R0015,quintero_wt-lowK_vs_ΔkdpE-lowK,0.150822018438779,0.797347321990269
CCNA_00782,quintero_wt-lowK_vs_ΔkdpE-lowK,0.267423896844049,0.445834866136853
CCNA_R0016,quintero_wt-lowK_vs_ΔkdpE-lowK,-0.0643131345729287,0.958927573897016
CCNA_00783,quintero_wt-lowK_vs_ΔkdpE-lowK,-0.161900298388411,0.831818232412691
CCNA_00784,quintero_wt-lowK_vs_ΔkdpE-lowK,-0.528887968493377,0.00590129800476754
CCNA_R0121,quintero_wt-lowK_vs_ΔkdpE-lowK,-0.517686382538635,0.0185248565467158
CCNA_00785,quintero_wt-lowK_vs_ΔkdpE-lowK,-0.351647710707239,0.184120352528282
CCNA_03938,quintero_wt-lowK_vs_ΔkdpE-lowK,-0.403030050231341,0.115754446087115
CCNA_00787,quintero_wt-lowK_vs_ΔkdpE-lowK,0.0127942178199499,0.996622663272792
CCNA_00788,quintero_wt-lowK_vs_ΔkdpE-lowK,-0.24463797461692,0.580340509958106
CCNA_00789,quintero_wt-lowK_vs_ΔkdpE-lowK,-0.115652499441677,0.916162964698925
CCNA_00790,quintero_wt-lowK_vs_ΔkdpE-lowK,-0.262214002825755,0.724397829194283
CCNA_03939,quintero_wt-lowK_vs_ΔkdpE-lowK,0.00735607258445065,0.996622663272792
CCNA_00792,quintero_wt-lowK_vs_ΔkdpE-lowK,-0.232200579388823,0.610335010221137
CCNA_00793,quintero_wt-lowK_vs_ΔkdpE-lowK,-0.0927548759072146,0.914219273453641
CCNA_00794,quintero_wt-lowK_vs_ΔkdpE-lowK,0.102902120140672,0.913736405148946
CCNA_00795,quintero_wt-lowK_vs_ΔkdpE-lowK,0.0508582170901118,0.957667449530516
CCNA_00796,quintero_wt-lowK_vs_ΔkdpE-lowK,-0.118970036082863,0.838974119457327
CCNA_03940,quintero_wt-lowK_vs_ΔkdpE-lowK,0.058991047054638,0.966276259130522
CCNA_00798,quintero_wt-lowK_vs_ΔkdpE-lowK,-0.420953783876942,0.276246030823597
CCNA_00799,quintero_wt-lowK_vs_ΔkdpE-lowK,-0.541622332766867,0.152595486073165
CCNA_00800,quintero_wt-lowK_vs_ΔkdpE-lowK,-0.227261943938971,0.78855505873953
CCNA_00801,quintero_wt-lowK_vs_ΔkdpE-lowK,-0.195106983929116,0.814573127708933
CCNA_00802,quintero_wt-lowK_vs_ΔkdpE-lowK,-0.401876276050162,0.308785745531642
CCNA_00803,quintero_wt-lowK_vs_ΔkdpE-lowK,-0.109981332186146,0.896834139023419
CCNA_00804,quintero_wt-lowK_vs_ΔkdpE-lowK,0.025517111884252,0.982631579393139
CCNA_00805,quintero_wt-lowK_vs_ΔkdpE-lowK,-0.0833938154262894,0.922574044312157
CCNA_00806,quintero_wt-lowK_vs_ΔkdpE-lowK,0.115612540832042,0.878462045891448
CCNA_00807,quintero_wt-lowK_vs_ΔkdpE-lowK,0.0603161190602495,0.948220924133938
CCNA_00808,quintero_wt-lowK_vs_ΔkdpE-lowK,0.573549499319579,0.0129054292544939
CCNA_00809,quintero_wt-lowK_vs_ΔkdpE-lowK,-0.0124067176291515,0.996622663272792
CCNA_00810,quintero_wt-lowK_vs_ΔkdpE-lowK,0.022467941502906,0.982930521322842
CCNA_00811,quintero_wt-lowK_vs_ΔkdpE-lowK,-0.173384450052474,0.712868238061611
CCNA_00812,quintero_wt-lowK_vs_ΔkdpE-lowK,-0.0213287352957534,0.990640399994165
CCNA_00813,quintero_wt-lowK_vs_ΔkdpE-lowK,-0.133162994682553,0.827831986454338
CCNA_00814,quintero_wt-lowK_vs_ΔkdpE-lowK,-0.150960047850043,0.797312242340999
CCNA_00815,quintero_wt-lowK_vs_ΔkdpE-lowK,0.0128187491627497,0.996622663272792
CCNA_00816,quintero_wt-lowK_vs_ΔkdpE-lowK,0.0723606468185809,0.935437926684829
CCNA_00817,quintero_wt-lowK_vs_ΔkdpE-lowK,-0.115941272538367,0.890895465244537
CCNA_00818,quintero_wt-lowK_vs_ΔkdpE-lowK,-0.0410545105542305,0.969802236305544
CCNA_00820,quintero_wt-lowK_vs_ΔkdpE-lowK,-0.0513211254854152,0.962869390746375
CCNA_00821,quintero_wt-lowK_vs_ΔkdpE-lowK,-0.0171629620581765,0.990640399994165
CCNA_00822,quintero_wt-lowK_vs_ΔkdpE-lowK,0.16539097680195,0.776663575127195
CCNA_00823,quintero_wt-lowK_vs_ΔkdpE-lowK,0.0437470274962,0.966972926487221
CCNA_03941,quintero_wt-lowK_vs_ΔkdpE-lowK,0,NA
CCNA_00824,quintero_wt-lowK_vs_ΔkdpE-lowK,-0.0639562656316286,0.933001706522734
CCNA_00825,quintero_wt-lowK_vs_ΔkdpE-lowK,-0.264140913571313,0.575578771676199
CCNA_00826,quintero_wt-lowK_vs_ΔkdpE-lowK,-0.0519036608167436,0.958927573897016
CCNA_00827,quintero_wt-lowK_vs_ΔkdpE-lowK,-0.417298664514126,0.229657289615592
CCNA_00828,quintero_wt-lowK_vs_ΔkdpE-lowK,0.0706144941950036,0.926276657564221
CCNA_R0122,quintero_wt-lowK_vs_ΔkdpE-lowK,-0.492432009901286,NA
CCNA_00830,quintero_wt-lowK_vs_ΔkdpE-lowK,0.00933980852017946,0.996622663272792
CCNA_00831,quintero_wt-lowK_vs_ΔkdpE-lowK,-0.0297976303584397,0.974433074860177
CCNA_00832,quintero_wt-lowK_vs_ΔkdpE-lowK,-0.136009315364335,0.827777044831249
CCNA_00833,quintero_wt-lowK_vs_ΔkdpE-lowK,-0.181967685664334,0.682895623751082
CCNA_03942,quintero_wt-lowK_vs_ΔkdpE-lowK,-0.371245546050731,0.395100276626631
CCNA_00834,quintero_wt-lowK_vs_ΔkdpE-lowK,-0.0575340403201997,0.937919850727579
CCNA_R0017,quintero_wt-lowK_vs_ΔkdpE-lowK,-0.126817682444218,NA
CCNA_00835,quintero_wt-lowK_vs_ΔkdpE-lowK,-0.173691079007842,0.730936462095074
CCNA_00836,quintero_wt-lowK_vs_ΔkdpE-lowK,-0.193831627029723,0.645341636616509
CCNA_00837,quintero_wt-lowK_vs_ΔkdpE-lowK,0.163912241273233,0.765584846921413
CCNA_00838,quintero_wt-lowK_vs_ΔkdpE-lowK,0.00505917394402776,0.996622663272792
CCNA_R0204,quintero_wt-lowK_vs_ΔkdpE-lowK,0.140452068503011,0.876710416763798
CCNA_00839,quintero_wt-lowK_vs_ΔkdpE-lowK,0.0980788238239712,0.896834139023419
CCNA_00840,quintero_wt-lowK_vs_ΔkdpE-lowK,0.292215166656791,0.399710318885213
CCNA_00841,quintero_wt-lowK_vs_ΔkdpE-lowK,0.263656142179666,0.488185550830394
CCNA_00842,quintero_wt-lowK_vs_ΔkdpE-lowK,0.0948326415095281,0.913015530202387
CCNA_00843,quintero_wt-lowK_vs_ΔkdpE-lowK,0.0545158576126194,0.950729440594377
CCNA_00844,quintero_wt-lowK_vs_ΔkdpE-lowK,-0.0139181578083875,0.996622663272792
CCNA_00845,quintero_wt-lowK_vs_ΔkdpE-lowK,0.0147991571771754,0.996622663272792
CCNA_00846,quintero_wt-lowK_vs_ΔkdpE-lowK,-0.106858086978867,0.873517744585788
CCNA_R0018,quintero_wt-lowK_vs_ΔkdpE-lowK,-0.03516016648893,NA
CCNA_03943,quintero_wt-lowK_vs_ΔkdpE-lowK,0,NA
CCNA_R0019,quintero_wt-lowK_vs_ΔkdpE-lowK,-0.161192985916313,NA
CCNA_00847,quintero_wt-lowK_vs_ΔkdpE-lowK,0.0620991294920261,0.943590937062561
CCNA_00848,quintero_wt-lowK_vs_ΔkdpE-lowK,-0.116942367622314,0.922574044312157
CCNA_R0123,quintero_wt-lowK_vs_ΔkdpE-lowK,0.095527827017462,NA
CCNA_00849,quintero_wt-lowK_vs_ΔkdpE-lowK,-0.676479274251684,1.98891813055728e-4
CCNA_00850,quintero_wt-lowK_vs_ΔkdpE-lowK,-0.53795991751533,0.00672070677365261
CCNA_00851,quintero_wt-lowK_vs_ΔkdpE-lowK,-0.338111001488778,0.225694580320526
CCNA_00852,quintero_wt-lowK_vs_ΔkdpE-lowK,0.0528890561819974,0.950859494890408
CCNA_00853,quintero_wt-lowK_vs_ΔkdpE-lowK,-0.136911369112982,0.900570605644675
CCNA_00854,quintero_wt-lowK_vs_ΔkdpE-lowK,-0.325805473529201,0.589578061684241
CCNA_00855,quintero_wt-lowK_vs_ΔkdpE-lowK,-0.444509947032647,0.204904715312001
CCNA_R0205,quintero_wt-lowK_vs_ΔkdpE-lowK,-0.109266355985541,NA
CCNA_00856,quintero_wt-lowK_vs_ΔkdpE-lowK,-0.0868069185984521,0.922574044312157
CCNA_00857,quintero_wt-lowK_vs_ΔkdpE-lowK,-0.311611225627354,0.209183147311443
CCNA_00858,quintero_wt-lowK_vs_ΔkdpE-lowK,-1.15884234324697,1.29810494064334e-8
CCNA_00859,quintero_wt-lowK_vs_ΔkdpE-lowK,-0.237901589599982,0.503824124931351
CCNA_00860,quintero_wt-lowK_vs_ΔkdpE-lowK,-0.132110858820571,0.860064622125898
CCNA_R0124,quintero_wt-lowK_vs_ΔkdpE-lowK,-0.0638376934863067,NA
CCNA_00861,quintero_wt-lowK_vs_ΔkdpE-lowK,0,NA
CCNA_00862,quintero_wt-lowK_vs_ΔkdpE-lowK,-0.0682917855288949,0.922574044312157
CCNA_00863,quintero_wt-lowK_vs_ΔkdpE-lowK,0.0176868281066078,0.990220185897918
CCNA_00864,quintero_wt-lowK_vs_ΔkdpE-lowK,-0.496276889058609,0.15022304010734
CCNA_00865,quintero_wt-lowK_vs_ΔkdpE-lowK,-0.0760598434484435,0.937919850727579
CCNA_00866,quintero_wt-lowK_vs_ΔkdpE-lowK,-0.18716408285738,0.792111378499706
CCNA_00867,quintero_wt-lowK_vs_ΔkdpE-lowK,0.116536691582593,0.847964894122419
CCNA_03889,quintero_wt-lowK_vs_ΔkdpE-lowK,-0.149773450738688,0.795487438151385
CCNA_00869,quintero_wt-lowK_vs_ΔkdpE-lowK,0.0424995244930599,0.958927573897016
CCNA_00870,quintero_wt-lowK_vs_ΔkdpE-lowK,-0.282017296617795,0.461393461055149
CCNA_00871,quintero_wt-lowK_vs_ΔkdpE-lowK,-0.0520867033200017,0.948220924133938
CCNA_00872,quintero_wt-lowK_vs_ΔkdpE-lowK,-0.151924864287767,0.822002845657489
CCNA_00873,quintero_wt-lowK_vs_ΔkdpE-lowK,0.00110404827227871,0.998838744490751
CCNA_00874,quintero_wt-lowK_vs_ΔkdpE-lowK,0.0507384539896273,0.958927573897016
CCNA_00875,quintero_wt-lowK_vs_ΔkdpE-lowK,0.026544403038184,0.982930521322842
CCNA_00876,quintero_wt-lowK_vs_ΔkdpE-lowK,0.0319700382240583,0.973557788736547
CCNA_00877,quintero_wt-lowK_vs_ΔkdpE-lowK,-0.0650104983599723,0.933001706522734
CCNA_00878,quintero_wt-lowK_vs_ΔkdpE-lowK,0.144507732913014,0.799983136486764
CCNA_00879,quintero_wt-lowK_vs_ΔkdpE-lowK,0.0131393610411768,0.996622663272792
CCNA_00880,quintero_wt-lowK_vs_ΔkdpE-lowK,-0.0631035186911648,0.948220924133938
CCNA_00881,quintero_wt-lowK_vs_ΔkdpE-lowK,-0.219204882803957,0.566188649944678
CCNA_00882,quintero_wt-lowK_vs_ΔkdpE-lowK,-1.2796008757573,5.25682612713709e-8
CCNA_00883,quintero_wt-lowK_vs_ΔkdpE-lowK,0.293966672457229,0.336085014137078
CCNA_00884,quintero_wt-lowK_vs_ΔkdpE-lowK,0.0321445132857268,0.982631579393139
CCNA_00885,quintero_wt-lowK_vs_ΔkdpE-lowK,0.00499494415444057,0.996622663272792
CCNA_00886,quintero_wt-lowK_vs_ΔkdpE-lowK,0.342665193965993,0.336393953608257
CCNA_00887,quintero_wt-lowK_vs_ΔkdpE-lowK,0.405222726844725,0.140267488207379
CCNA_00888,quintero_wt-lowK_vs_ΔkdpE-lowK,0.275147338100827,0.523363784838003
CCNA_00889,quintero_wt-lowK_vs_ΔkdpE-lowK,0.293388082187152,0.400101840898544
CCNA_00890,quintero_wt-lowK_vs_ΔkdpE-lowK,-0.100614638296164,0.894478248193944
CCNA_00891,quintero_wt-lowK_vs_ΔkdpE-lowK,-0.0386907656047123,0.973858841046356
CCNA_R0020,quintero_wt-lowK_vs_ΔkdpE-lowK,0.0278460836986392,NA
CCNA_00892,quintero_wt-lowK_vs_ΔkdpE-lowK,0.0490693388862415,0.951890944567136
CCNA_00893,quintero_wt-lowK_vs_ΔkdpE-lowK,0.0521780664152037,0.959180217097343
CCNA_00894,quintero_wt-lowK_vs_ΔkdpE-lowK,-0.0170067810530398,0.990640399994165
CCNA_00895,quintero_wt-lowK_vs_ΔkdpE-lowK,-0.160337165547924,0.764441124362869
CCNA_00896,quintero_wt-lowK_vs_ΔkdpE-lowK,-0.0493421911581335,0.966276259130522
CCNA_00897,quintero_wt-lowK_vs_ΔkdpE-lowK,-0.288726173845308,0.509869544259708
CCNA_00898,quintero_wt-lowK_vs_ΔkdpE-lowK,0.108920071865882,0.873004097353089
CCNA_00899,quintero_wt-lowK_vs_ΔkdpE-lowK,0.387108505537763,0.180578267579087
CCNA_00900,quintero_wt-lowK_vs_ΔkdpE-lowK,-0.120163101922616,0.853771021002398
CCNA_00901,quintero_wt-lowK_vs_ΔkdpE-lowK,0.194829237983805,0.615047712117166
CCNA_00902,quintero_wt-lowK_vs_ΔkdpE-lowK,0.014583049194002,0.996622663272792
CCNA_00903,quintero_wt-lowK_vs_ΔkdpE-lowK,0.0285862562928438,0.982892728438974
CCNA_00904,quintero_wt-lowK_vs_ΔkdpE-lowK,-0.0406023746677854,0.968754806938078
CCNA_00905,quintero_wt-lowK_vs_ΔkdpE-lowK,-0.177080917704527,0.792111378499706
CCNA_00906,quintero_wt-lowK_vs_ΔkdpE-lowK,0.164505803866933,0.727551258370868
CCNA_00907,quintero_wt-lowK_vs_ΔkdpE-lowK,0.119063361397197,0.873885673443268
CCNA_00908,quintero_wt-lowK_vs_ΔkdpE-lowK,0.0425525681651736,0.966276259130522
CCNA_00909,quintero_wt-lowK_vs_ΔkdpE-lowK,0.301796824333956,0.287174263236173
CCNA_00910,quintero_wt-lowK_vs_ΔkdpE-lowK,-0.0117255470187762,0.996622663272792
CCNA_00911,quintero_wt-lowK_vs_ΔkdpE-lowK,-0.581865016561136,0.00736144343905555
CCNA_00912,quintero_wt-lowK_vs_ΔkdpE-lowK,-1.00252081189809,1.18239360476639e-10
CCNA_00913,quintero_wt-lowK_vs_ΔkdpE-lowK,-1.23734647875756,2.80524059834349e-11
CCNA_00914,quintero_wt-lowK_vs_ΔkdpE-lowK,0.178103603726027,0.672913512122135
CCNA_00915,quintero_wt-lowK_vs_ΔkdpE-lowK,0.0156677866428085,0.994300665814285
CCNA_00916,quintero_wt-lowK_vs_ΔkdpE-lowK,-0.0379018825399306,0.973557788736547
CCNA_00917,quintero_wt-lowK_vs_ΔkdpE-lowK,-0.157898052444062,0.768118964542274
CCNA_00918,quintero_wt-lowK_vs_ΔkdpE-lowK,0.341284415518516,0.229626913720095
CCNA_00919,quintero_wt-lowK_vs_ΔkdpE-lowK,0.322007300226195,0.312392896227525
CCNA_00920,quintero_wt-lowK_vs_ΔkdpE-lowK,0.262129108938326,0.499245779043987
CCNA_00921,quintero_wt-lowK_vs_ΔkdpE-lowK,-0.0453471253566079,0.958927573897016
CCNA_00922,quintero_wt-lowK_vs_ΔkdpE-lowK,-0.436058402759213,0.0871168354005284
CCNA_00923,quintero_wt-lowK_vs_ΔkdpE-lowK,0.171271489632696,0.735734965755887
CCNA_00924,quintero_wt-lowK_vs_ΔkdpE-lowK,0.20830124325201,0.668729755805928
CCNA_00925,quintero_wt-lowK_vs_ΔkdpE-lowK,-0.0366713339590319,0.968427682180628
CCNA_00926,quintero_wt-lowK_vs_ΔkdpE-lowK,-0.291220829149361,0.400101840898544
CCNA_00927,quintero_wt-lowK_vs_ΔkdpE-lowK,0.00330822614709189,0.996622663272792
CCNA_00928,quintero_wt-lowK_vs_ΔkdpE-lowK,0.505078877650448,0.0271682935827933
CCNA_00929,quintero_wt-lowK_vs_ΔkdpE-lowK,0.928472757526669,6.4315899473741e-7
CCNA_00930,quintero_wt-lowK_vs_ΔkdpE-lowK,1.04761591732568,1.10684460792692e-9
CCNA_00931,quintero_wt-lowK_vs_ΔkdpE-lowK,0.948785069856265,5.35921230027476e-9
CCNA_00932,quintero_wt-lowK_vs_ΔkdpE-lowK,0.80875153306626,4.75766628878924e-6
CCNA_00933,quintero_wt-lowK_vs_ΔkdpE-lowK,0.397415867210002,0.0743732386759864
CCNA_00934,quintero_wt-lowK_vs_ΔkdpE-lowK,0.0321215441492559,0.974743822317701
CCNA_00935,quintero_wt-lowK_vs_ΔkdpE-lowK,-0.0196832487968235,0.990640399994165
CCNA_00936,quintero_wt-lowK_vs_ΔkdpE-lowK,0.081667394956695,0.923290875498446
CCNA_00937,quintero_wt-lowK_vs_ΔkdpE-lowK,-0.118826099983166,0.878462045891448
CCNA_00938,quintero_wt-lowK_vs_ΔkdpE-lowK,0.150317949478284,0.768691625554576
CCNA_R0125,quintero_wt-lowK_vs_ΔkdpE-lowK,0.241955674610881,NA
CCNA_00939,quintero_wt-lowK_vs_ΔkdpE-lowK,0.00658815083208698,0.996622663272792
CCNA_00940,quintero_wt-lowK_vs_ΔkdpE-lowK,-0.156594937492084,0.74925396593219
CCNA_00941,quintero_wt-lowK_vs_ΔkdpE-lowK,0.0178690378029495,0.990640399994165
CCNA_00942,quintero_wt-lowK_vs_ΔkdpE-lowK,-0.143813385827012,0.814584236860642
CCNA_00943,quintero_wt-lowK_vs_ΔkdpE-lowK,-0.297857207821122,0.400101840898544
CCNA_03944,quintero_wt-lowK_vs_ΔkdpE-lowK,-0.218470982591654,0.715965800774725
CCNA_00944,quintero_wt-lowK_vs_ΔkdpE-lowK,-0.335910994983311,0.345089499183512
CCNA_00945,quintero_wt-lowK_vs_ΔkdpE-lowK,-0.231049130005425,0.614732508978039
CCNA_00946,quintero_wt-lowK_vs_ΔkdpE-lowK,-0.212698969738074,0.661921920955506
CCNA_00947,quintero_wt-lowK_vs_ΔkdpE-lowK,-0.158212390190907,0.802618678082021
CCNA_00948,quintero_wt-lowK_vs_ΔkdpE-lowK,-0.173981719642852,0.776663575127195
CCNA_00949,quintero_wt-lowK_vs_ΔkdpE-lowK,-0.38284883814491,0.229626913720095
CCNA_00950,quintero_wt-lowK_vs_ΔkdpE-lowK,-0.156945777484068,0.795487438151385
CCNA_00951,quintero_wt-lowK_vs_ΔkdpE-lowK,-0.166483748215126,0.768118964542274
CCNA_00952,quintero_wt-lowK_vs_ΔkdpE-lowK,-0.326922582555198,0.304949895535621
CCNA_00953,quintero_wt-lowK_vs_ΔkdpE-lowK,-0.217763674182416,0.545703966306825
CCNA_00954,quintero_wt-lowK_vs_ΔkdpE-lowK,-0.0856986990149306,0.916162964698925
CCNA_00956,quintero_wt-lowK_vs_ΔkdpE-lowK,0.224213738495782,0.596707186838132
CCNA_00957,quintero_wt-lowK_vs_ΔkdpE-lowK,0.0902361020175516,0.893138690551909
CCNA_00958,quintero_wt-lowK_vs_ΔkdpE-lowK,0.0759993485915812,0.937919850727579
CCNA_00959,quintero_wt-lowK_vs_ΔkdpE-lowK,-0.0260455854664873,0.982930521322842
CCNA_00961,quintero_wt-lowK_vs_ΔkdpE-lowK,0.0163037930936011,0.992643611540163
CCNA_00962,quintero_wt-lowK_vs_ΔkdpE-lowK,0.00469235067678389,0.996622663272792
CCNA_00963,quintero_wt-lowK_vs_ΔkdpE-lowK,-0.0351323142288595,0.975559379714056
CCNA_00964,quintero_wt-lowK_vs_ΔkdpE-lowK,-0.0307095604967867,NA
CCNA_00965,quintero_wt-lowK_vs_ΔkdpE-lowK,-0.105397131493843,0.878462045891448
CCNA_00966,quintero_wt-lowK_vs_ΔkdpE-lowK,0.0101936501177077,0.996622663272792
CCNA_00967,quintero_wt-lowK_vs_ΔkdpE-lowK,-0.0348604795058476,0.973557788736547
CCNA_00968,quintero_wt-lowK_vs_ΔkdpE-lowK,0.317694896464956,0.334058730784776
CCNA_00969,quintero_wt-lowK_vs_ΔkdpE-lowK,-0.24909586919802,0.732000375139041
CCNA_00970,quintero_wt-lowK_vs_ΔkdpE-lowK,-0.0118064016778723,0.996622663272792
CCNA_00971,quintero_wt-lowK_vs_ΔkdpE-lowK,0.139777839432324,0.802539892773751
CCNA_00972,quintero_wt-lowK_vs_ΔkdpE-lowK,0.119491690872657,0.851542092283078
CCNA_00973,quintero_wt-lowK_vs_ΔkdpE-lowK,-0.095426397319922,0.883645439883248
CCNA_00974,quintero_wt-lowK_vs_ΔkdpE-lowK,0.440952707259161,0.104022863771899
CCNA_00976,quintero_wt-lowK_vs_ΔkdpE-lowK,-0.144722025790372,0.825795026281203
CCNA_R0021,quintero_wt-lowK_vs_ΔkdpE-lowK,0.444961839012971,0.191238814817699
CCNA_R0022,quintero_wt-lowK_vs_ΔkdpE-lowK,0.349842954002294,0.458116538194999
CCNA_00977,quintero_wt-lowK_vs_ΔkdpE-lowK,0.251044599930482,NA
CCNA_00978,quintero_wt-lowK_vs_ΔkdpE-lowK,0.0732346300678743,NA
CCNA_00979,quintero_wt-lowK_vs_ΔkdpE-lowK,-0.0473505946106198,0.961905799823269
CCNA_00980,quintero_wt-lowK_vs_ΔkdpE-lowK,-0.180491330352695,0.729984131231234
CCNA_00981,quintero_wt-lowK_vs_ΔkdpE-lowK,-0.149794000181515,0.853771021002398
CCNA_00982,quintero_wt-lowK_vs_ΔkdpE-lowK,0.0425888456881314,0.962869390746375
CCNA_00983,quintero_wt-lowK_vs_ΔkdpE-lowK,-0.0732779853828855,0.933001706522734
CCNA_00984,quintero_wt-lowK_vs_ΔkdpE-lowK,0.0545697269995623,0.955666490756525
CCNA_00985,quintero_wt-lowK_vs_ΔkdpE-lowK,-0.00887192263499463,0.996622663272792
CCNA_00986,quintero_wt-lowK_vs_ΔkdpE-lowK,-0.228606990659825,0.581780131805135
CCNA_00987,quintero_wt-lowK_vs_ΔkdpE-lowK,-0.00505516020736499,0.996622663272792
CCNA_00988,quintero_wt-lowK_vs_ΔkdpE-lowK,-0.253338665643868,0.434877213657694
CCNA_00989,quintero_wt-lowK_vs_ΔkdpE-lowK,-0.0794603467689663,0.907191149765063
CCNA_00990,quintero_wt-lowK_vs_ΔkdpE-lowK,0.0421027736596195,0.966972926487221
CCNA_00991,quintero_wt-lowK_vs_ΔkdpE-lowK,-0.0232862187677858,0.98768093849729
CCNA_00992,quintero_wt-lowK_vs_ΔkdpE-lowK,0.00577519359074236,0.996622663272792
CCNA_00993,quintero_wt-lowK_vs_ΔkdpE-lowK,0.145016116800263,0.801781680983308
CCNA_00994,quintero_wt-lowK_vs_ΔkdpE-lowK,-0.0312373552055528,0.982930521322842
CCNA_00995,quintero_wt-lowK_vs_ΔkdpE-lowK,0.0116507875182497,0.996622663272792
CCNA_00996,quintero_wt-lowK_vs_ΔkdpE-lowK,-0.067209833521696,0.949736941784141
CCNA_00997,quintero_wt-lowK_vs_ΔkdpE-lowK,-0.149135529787121,0.772266680380511
CCNA_R0126,quintero_wt-lowK_vs_ΔkdpE-lowK,0.154525194296803,0.857066690458921
CCNA_00998,quintero_wt-lowK_vs_ΔkdpE-lowK,0.548260202308613,0.0200837884243373
CCNA_00999,quintero_wt-lowK_vs_ΔkdpE-lowK,0.185185726341201,0.724991491473642
CCNA_01000,quintero_wt-lowK_vs_ΔkdpE-lowK,0.126185453157317,NA
CCNA_01001,quintero_wt-lowK_vs_ΔkdpE-lowK,-0.216052393556567,0.62025132348202106
CCNA_01002,quintero_wt-lowK_vs_ΔkdpE-lowK,-0.324113669848833,0.36628892590076
CCNA_01003,quintero_wt-lowK_vs_ΔkdpE-lowK,-0.280823450101974,0.437996826211426
CCNA_01004,quintero_wt-lowK_vs_ΔkdpE-lowK,-0.01024429690742,0.996622663272792
CCNA_01005,quintero_wt-lowK_vs_ΔkdpE-lowK,-0.211457423382841,0.620036912166275
CCNA_01006,quintero_wt-lowK_vs_ΔkdpE-lowK,-0.291174890118648,0.413034634876315
CCNA_01007,quintero_wt-lowK_vs_ΔkdpE-lowK,-0.383448562391904,0.465406852656536
CCNA_01008,quintero_wt-lowK_vs_ΔkdpE-lowK,0.0503103121807459,0.958927573897016
CCNA_01009,quintero_wt-lowK_vs_ΔkdpE-lowK,-0.131396721423267,0.878542156331614
CCNA_01010,quintero_wt-lowK_vs_ΔkdpE-lowK,-0.270015549971819,0.400101840898544
CCNA_01011,quintero_wt-lowK_vs_ΔkdpE-lowK,-0.226033090290636,0.612129347707935
CCNA_01012,quintero_wt-lowK_vs_ΔkdpE-lowK,-0.264480602008658,0.509811805645411
CCNA_01013,quintero_wt-lowK_vs_ΔkdpE-lowK,-0.204617958319469,0.694751184320833
CCNA_R0023,quintero_wt-lowK_vs_ΔkdpE-lowK,0.451846149585466,0.229451586849817
CCNA_01014,quintero_wt-lowK_vs_ΔkdpE-lowK,0.0452026900890143,0.966979933140307
CCNA_01015,quintero_wt-lowK_vs_ΔkdpE-lowK,-0.197429392187189,0.589578061684241
CCNA_01016,quintero_wt-lowK_vs_ΔkdpE-lowK,-0.266801300438026,0.412982657221511
CCNA_01017,quintero_wt-lowK_vs_ΔkdpE-lowK,-0.312484799993338,0.477059842582569
CCNA_01018,quintero_wt-lowK_vs_ΔkdpE-lowK,-0.0880907412042117,0.910927646949931
CCNA_R0127,quintero_wt-lowK_vs_ΔkdpE-lowK,-0.170681453312124,NA
CCNA_01019,quintero_wt-lowK_vs_ΔkdpE-lowK,0.0385031199741351,0.966276259130522
CCNA_01020,quintero_wt-lowK_vs_ΔkdpE-lowK,0.196001847687212,0.601714827772941
CCNA_01021,quintero_wt-lowK_vs_ΔkdpE-lowK,-0.0917110716432207,0.922574044312157
CCNA_01022,quintero_wt-lowK_vs_ΔkdpE-lowK,-0.10069284254934,0.894619273609802
CCNA_01023,quintero_wt-lowK_vs_ΔkdpE-lowK,0.0908223502779273,0.907191149765063
CCNA_01024,quintero_wt-lowK_vs_ΔkdpE-lowK,0.09654809628017,0.887237560241779
CCNA_01025,quintero_wt-lowK_vs_ΔkdpE-lowK,-0.0857695643045438,0.902581653391671
CCNA_01026,quintero_wt-lowK_vs_ΔkdpE-lowK,0.0603459545612,0.943590937062561
CCNA_01027,quintero_wt-lowK_vs_ΔkdpE-lowK,0.119495505453557,0.878542156331614
CCNA_01028,quintero_wt-lowK_vs_ΔkdpE-lowK,-0.125567020566089,0.821946275519447
CCNA_01029,quintero_wt-lowK_vs_ΔkdpE-lowK,0.00510379627638122,0.996622663272792
CCNA_01030,quintero_wt-lowK_vs_ΔkdpE-lowK,0.150879642400865,0.768618544764916
CCNA_01031,quintero_wt-lowK_vs_ΔkdpE-lowK,-0.235290556165257,0.55397643111853
CCNA_01032,quintero_wt-lowK_vs_ΔkdpE-lowK,-0.0789639497935505,0.927991969097429
CCNA_01033,quintero_wt-lowK_vs_ΔkdpE-lowK,-0.0177380623618855,0.990640399994165
CCNA_R0128,quintero_wt-lowK_vs_ΔkdpE-lowK,-0.120749230977169,NA
CCNA_01034,quintero_wt-lowK_vs_ΔkdpE-lowK,0.272446964521631,0.420888705924931
CCNA_01035,quintero_wt-lowK_vs_ΔkdpE-lowK,0.120789598839532,0.853771021002398
CCNA_R0129,quintero_wt-lowK_vs_ΔkdpE-lowK,0.00446171730355362,NA
CCNA_01036,quintero_wt-lowK_vs_ΔkdpE-lowK,0.0380012668519469,0.966276259130522
CCNA_01037,quintero_wt-lowK_vs_ΔkdpE-lowK,-0.0976100706395063,0.893651922940822
CCNA_01038,quintero_wt-lowK_vs_ΔkdpE-lowK,-0.228673807051129,0.566188649944678
CCNA_01039,quintero_wt-lowK_vs_ΔkdpE-lowK,0.0225358271974814,0.990640399994165
CCNA_01040,quintero_wt-lowK_vs_ΔkdpE-lowK,0.0533564945490006,0.959661793444286
CCNA_01041,quintero_wt-lowK_vs_ΔkdpE-lowK,0.0393668129907373,0.981156857180441
CCNA_R0130,quintero_wt-lowK_vs_ΔkdpE-lowK,-0.233089962734542,NA
CCNA_01042,quintero_wt-lowK_vs_ΔkdpE-lowK,0.0196441116385433,0.98800912260971
CCNA_01043,quintero_wt-lowK_vs_ΔkdpE-lowK,6.1170697981272e-5,0.999955636558677
CCNA_01044,quintero_wt-lowK_vs_ΔkdpE-lowK,-0.176952718594844,0.74627264672556
CCNA_01045,quintero_wt-lowK_vs_ΔkdpE-lowK,-0.440809125773088,0.125770370538641
CCNA_01046,quintero_wt-lowK_vs_ΔkdpE-lowK,-0.313842752316325,0.305556636547883
CCNA_R0024,quintero_wt-lowK_vs_ΔkdpE-lowK,0.516612861690965,0.125624186996184
CCNA_01047,quintero_wt-lowK_vs_ΔkdpE-lowK,0.0161181746123823,0.993049546378912
CCNA_01048,quintero_wt-lowK_vs_ΔkdpE-lowK,-0.0417987805699985,NA
CCNA_03945,quintero_wt-lowK_vs_ΔkdpE-lowK,0.214299156547312,0.709587725367598
CCNA_01049,quintero_wt-lowK_vs_ΔkdpE-lowK,0.379111079589744,0.204904715312001
CCNA_01050,quintero_wt-lowK_vs_ΔkdpE-lowK,0.328033735385355,0.257263791624512
CCNA_01051,quintero_wt-lowK_vs_ΔkdpE-lowK,-0.318746731081968,0.201160524670674
CCNA_01052,quintero_wt-lowK_vs_ΔkdpE-lowK,-0.0479662555700768,0.966276259130522
CCNA_01053,quintero_wt-lowK_vs_ΔkdpE-lowK,-0.103060980750892,0.89645937372717
CCNA_01054,quintero_wt-lowK_vs_ΔkdpE-lowK,-0.0693593030730117,0.922574044312157
CCNA_01055,quintero_wt-lowK_vs_ΔkdpE-lowK,0.0915677931859101,0.901387296495574
CCNA_01056,quintero_wt-lowK_vs_ΔkdpE-lowK,0.137529840876668,0.776663575127195
CCNA_01057,quintero_wt-lowK_vs_ΔkdpE-lowK,0.183484869420222,0.634689992155589
CCNA_01058,quintero_wt-lowK_vs_ΔkdpE-lowK,0.141302955195625,0.768618544764916
CCNA_01059,quintero_wt-lowK_vs_ΔkdpE-lowK,-0.0675064519327142,0.927551435100477
CCNA_01060,quintero_wt-lowK_vs_ΔkdpE-lowK,0.131384907548565,0.826725830637318
CCNA_01061,quintero_wt-lowK_vs_ΔkdpE-lowK,-0.0656609174761604,0.947179879827685
CCNA_01062,quintero_wt-lowK_vs_ΔkdpE-lowK,0.153765298509959,0.809163266768481
CCNA_01063,quintero_wt-lowK_vs_ΔkdpE-lowK,0.0761691077229537,0.943184465541513
CCNA_01064,quintero_wt-lowK_vs_ΔkdpE-lowK,-0.0864576936992452,0.922574044312157
CCNA_01065,quintero_wt-lowK_vs_ΔkdpE-lowK,-0.252754014922534,0.583533764721577
CCNA_01066,quintero_wt-lowK_vs_ΔkdpE-lowK,-0.308696055752352,0.308785745531642
CCNA_01067,quintero_wt-lowK_vs_ΔkdpE-lowK,-0.0454932383386057,0.958927573897016
CCNA_01068,quintero_wt-lowK_vs_ΔkdpE-lowK,0.0974333935820656,0.893454536403694
CCNA_01069,quintero_wt-lowK_vs_ΔkdpE-lowK,-0.00648552148598573,0.996622663272792
CCNA_R0025,quintero_wt-lowK_vs_ΔkdpE-lowK,0.266178259623108,0.523363784838003
CCNA_R0131,quintero_wt-lowK_vs_ΔkdpE-lowK,0.0281738789838931,NA
CCNA_01070,quintero_wt-lowK_vs_ΔkdpE-lowK,-0.0868847362120031,0.90472250002508
CCNA_01071,quintero_wt-lowK_vs_ΔkdpE-lowK,-0.0858631658403485,0.897528818205775
CCNA_01072,quintero_wt-lowK_vs_ΔkdpE-lowK,0.127047137230854,0.90251583795004
CCNA_01073,quintero_wt-lowK_vs_ΔkdpE-lowK,-0.150817673568237,0.772460509094918
CCNA_01074,quintero_wt-lowK_vs_ΔkdpE-lowK,0.00939238342286602,0.996622663272792
CCNA_01075,quintero_wt-lowK_vs_ΔkdpE-lowK,0.0113566011444293,0.996622663272792
CCNA_01076,quintero_wt-lowK_vs_ΔkdpE-lowK,0.167617959490192,0.798662605460421
CCNA_01077,quintero_wt-lowK_vs_ΔkdpE-lowK,-0.17833240827852,0.681836803848397
CCNA_01078,quintero_wt-lowK_vs_ΔkdpE-lowK,-0.797523649588746,0.00179962941763656
CCNA_01079,quintero_wt-lowK_vs_ΔkdpE-lowK,-0.259641028168384,0.659888861543844
CCNA_01080,quintero_wt-lowK_vs_ΔkdpE-lowK,0.0181192633134462,0.990640399994165
CCNA_01081,quintero_wt-lowK_vs_ΔkdpE-lowK,0.0889415858926765,0.916162964698925
CCNA_01082,quintero_wt-lowK_vs_ΔkdpE-lowK,0.10606196821391,0.90251583795004
CCNA_01083,quintero_wt-lowK_vs_ΔkdpE-lowK,-0.0826596178839398,0.90472250002508
CCNA_01084,quintero_wt-lowK_vs_ΔkdpE-lowK,0.211270503619344,0.538329268350282
CCNA_01085,quintero_wt-lowK_vs_ΔkdpE-lowK,0.164187950423532,0.74627264672556
CCNA_01086,quintero_wt-lowK_vs_ΔkdpE-lowK,0.355363789780551,0.209183147311443
CCNA_01087,quintero_wt-lowK_vs_ΔkdpE-lowK,-0.209351598408776,0.57805477078723
CCNA_01088,quintero_wt-lowK_vs_ΔkdpE-lowK,-0.0271997868232287,0.978652377991815
CCNA_01089,quintero_wt-lowK_vs_ΔkdpE-lowK,0.104248426177314,0.873056075133951
CCNA_01090,quintero_wt-lowK_vs_ΔkdpE-lowK,0.0402372163816619,0.966276259130522
CCNA_01091,quintero_wt-lowK_vs_ΔkdpE-lowK,-0.259753556520686,0.712868238061611
CCNA_01092,quintero_wt-lowK_vs_ΔkdpE-lowK,-0.375270913233103,0.464089497908163
CCNA_01093,quintero_wt-lowK_vs_ΔkdpE-lowK,-0.241728186059208,0.731140611433652
CCNA_01094,quintero_wt-lowK_vs_ΔkdpE-lowK,-0.0628760323696777,0.962869390746375
CCNA_01095,quintero_wt-lowK_vs_ΔkdpE-lowK,-0.169873477015444,0.76075098305599
CCNA_01096,quintero_wt-lowK_vs_ΔkdpE-lowK,0.24582865836004,0.538329268350282
CCNA_01097,quintero_wt-lowK_vs_ΔkdpE-lowK,0.112554400276808,0.882988728528062
CCNA_01098,quintero_wt-lowK_vs_ΔkdpE-lowK,0.158553902319215,0.798664777588054
CCNA_01099,quintero_wt-lowK_vs_ΔkdpE-lowK,-0.125539711781992,0.858219977883541
CCNA_01100,quintero_wt-lowK_vs_ΔkdpE-lowK,-0.0807621421691572,0.922574044312157
CCNA_01101,quintero_wt-lowK_vs_ΔkdpE-lowK,0.114744985437567,0.855578929489837
CCNA_01102,quintero_wt-lowK_vs_ΔkdpE-lowK,0.0798785987630376,0.93086022855661
CCNA_01103,quintero_wt-lowK_vs_ΔkdpE-lowK,0.213082630707128,0.541922084672135
CCNA_01104,quintero_wt-lowK_vs_ΔkdpE-lowK,0.102974653405089,0.878462045891448
CCNA_01105,quintero_wt-lowK_vs_ΔkdpE-lowK,0.0403038452261562,0.966276259130522
CCNA_01106,quintero_wt-lowK_vs_ΔkdpE-lowK,0.00403159510262547,0.996622663272792
CCNA_01107,quintero_wt-lowK_vs_ΔkdpE-lowK,0.111181242254324,0.897367818490869
CCNA_01108,quintero_wt-lowK_vs_ΔkdpE-lowK,-0.0363740383904133,0.973557788736547
CCNA_R0026,quintero_wt-lowK_vs_ΔkdpE-lowK,0.0674040540823566,NA
CCNA_R0027,quintero_wt-lowK_vs_ΔkdpE-lowK,0.152217149772375,0.863448565082166
CCNA_01109,quintero_wt-lowK_vs_ΔkdpE-lowK,0.194705986877551,0.636790142393565
CCNA_01110,quintero_wt-lowK_vs_ΔkdpE-lowK,0.199898181149814,0.581780131805135
CCNA_01111,quintero_wt-lowK_vs_ΔkdpE-lowK,0.412839374760202,0.143366099700087
CCNA_01112,quintero_wt-lowK_vs_ΔkdpE-lowK,0.081533354824374,0.927991969097429
CCNA_01113,quintero_wt-lowK_vs_ΔkdpE-lowK,0.319089869007277,0.348942716888153
CCNA_01114,quintero_wt-lowK_vs_ΔkdpE-lowK,0.36883088536824,0.334780614754131
CCNA_01115,quintero_wt-lowK_vs_ΔkdpE-lowK,-0.113689987720822,0.855066409494122
CCNA_01116,quintero_wt-lowK_vs_ΔkdpE-lowK,-0.110239257196034,0.878462045891448
CCNA_01117,quintero_wt-lowK_vs_ΔkdpE-lowK,0.0243223281685926,0.982930521322842
CCNA_01118,quintero_wt-lowK_vs_ΔkdpE-lowK,-0.00491504348925046,0.996622663272792
CCNA_01119,quintero_wt-lowK_vs_ΔkdpE-lowK,-0.16364931371776,0.782366070027728
CCNA_01120,quintero_wt-lowK_vs_ΔkdpE-lowK,-0.189061802964356,0.802539892773751
CCNA_01121,quintero_wt-lowK_vs_ΔkdpE-lowK,-0.184529263308411,0.674338705870211
CCNA_01122,quintero_wt-lowK_vs_ΔkdpE-lowK,0.00906299625533379,0.996622663272792
CCNA_01123,quintero_wt-lowK_vs_ΔkdpE-lowK,0.329071945618643,0.229451586849817
CCNA_01124,quintero_wt-lowK_vs_ΔkdpE-lowK,0.13456730023598,0.834543961670974
CCNA_01125,quintero_wt-lowK_vs_ΔkdpE-lowK,0.249921626623082,0.545703966306825
CCNA_03890,quintero_wt-lowK_vs_ΔkdpE-lowK,-0.210345494186906,0.668729755805928
CCNA_01128,quintero_wt-lowK_vs_ΔkdpE-lowK,-0.29928366694423,0.380629103462505
CCNA_01129,quintero_wt-lowK_vs_ΔkdpE-lowK,-0.174983563695313,0.719167346780161
CCNA_01130,quintero_wt-lowK_vs_ΔkdpE-lowK,-0.142404312465964,0.841292106577595
CCNA_01131,quintero_wt-lowK_vs_ΔkdpE-lowK,-0.161971869796865,0.76027105147352
CCNA_01132,quintero_wt-lowK_vs_ΔkdpE-lowK,0.101021163065628,0.878462045891448
CCNA_01133,quintero_wt-lowK_vs_ΔkdpE-lowK,-0.133027078641411,0.802539892773751
CCNA_01134,quintero_wt-lowK_vs_ΔkdpE-lowK,-0.0686256550848465,0.933313267334845
CCNA_01135,quintero_wt-lowK_vs_ΔkdpE-lowK,-0.0739413002570117,0.93417349989679
CCNA_01136,quintero_wt-lowK_vs_ΔkdpE-lowK,-0.0699199757749721,0.948220924133938
CCNA_01137,quintero_wt-lowK_vs_ΔkdpE-lowK,-0.144426843814182,0.809163266768481
CCNA_01138,quintero_wt-lowK_vs_ΔkdpE-lowK,0.0612474909601231,0.951277508557232
CCNA_01139,quintero_wt-lowK_vs_ΔkdpE-lowK,-0.716288841098669,7.7783997802483e-6
CCNA_01140,quintero_wt-lowK_vs_ΔkdpE-lowK,-0.243919918465029,0.509869544259708
CCNA_01141,quintero_wt-lowK_vs_ΔkdpE-lowK,0.145159120461716,0.789405409722789
CCNA_R0132,quintero_wt-lowK_vs_ΔkdpE-lowK,-0.327948463043946,NA
CCNA_01142,quintero_wt-lowK_vs_ΔkdpE-lowK,-0.00169195718537927,0.997836432254234
CCNA_R0133,quintero_wt-lowK_vs_ΔkdpE-lowK,0.102268736417206,NA
CCNA_01143,quintero_wt-lowK_vs_ΔkdpE-lowK,0.140665764678531,0.796272522670144
CCNA_01144,quintero_wt-lowK_vs_ΔkdpE-lowK,0.156516489019956,0.771477971457197
CCNA_01145,quintero_wt-lowK_vs_ΔkdpE-lowK,0.126133449809211,0.869108756192533
CCNA_01147,quintero_wt-lowK_vs_ΔkdpE-lowK,0.103537339244299,0.901387296495574
CCNA_01148,quintero_wt-lowK_vs_ΔkdpE-lowK,-0.016400756431291,NA
CCNA_01149,quintero_wt-lowK_vs_ΔkdpE-lowK,0.0192842889503252,0.990640399994165
CCNA_03891,quintero_wt-lowK_vs_ΔkdpE-lowK,0.132484315535144,0.870838719732606
CCNA_01151,quintero_wt-lowK_vs_ΔkdpE-lowK,0.0306532703244345,0.981156857180441
CCNA_01152,quintero_wt-lowK_vs_ΔkdpE-lowK,0.181163980200333,0.761132227611719
CCNA_01153,quintero_wt-lowK_vs_ΔkdpE-lowK,0.0118935551537906,0.996622663272792
CCNA_01154,quintero_wt-lowK_vs_ΔkdpE-lowK,0.339038806816188,0.15022304010734
CCNA_01155,quintero_wt-lowK_vs_ΔkdpE-lowK,-0.152975247747873,0.768691625554576
CCNA_01156,quintero_wt-lowK_vs_ΔkdpE-lowK,-0.0891803140442077,0.907191149765063
CCNA_01157,quintero_wt-lowK_vs_ΔkdpE-lowK,-0.13229862724914,0.797347321990269
CCNA_03999,quintero_wt-lowK_vs_ΔkdpE-lowK,-0.107404169179702,0.882332527640147
CCNA_01158,quintero_wt-lowK_vs_ΔkdpE-lowK,0.00373654604380404,0.996622663272792
CCNA_03946,quintero_wt-lowK_vs_ΔkdpE-lowK,0.232916227683225,NA
CCNA_01159,quintero_wt-lowK_vs_ΔkdpE-lowK,-0.0916490746431891,0.892561612178293
CCNA_01161,quintero_wt-lowK_vs_ΔkdpE-lowK,-0.305965350605713,0.570431657816741
CCNA_01162,quintero_wt-lowK_vs_ΔkdpE-lowK,0.0841836748831965,0.927551435100477
CCNA_01163,quintero_wt-lowK_vs_ΔkdpE-lowK,-0.0173758807202661,0.99056851636028
CCNA_01164,quintero_wt-lowK_vs_ΔkdpE-lowK,0.109740796599636,0.853771021002398
CCNA_01165,quintero_wt-lowK_vs_ΔkdpE-lowK,-0.0183944892666612,0.990640399994165
CCNA_01166,quintero_wt-lowK_vs_ΔkdpE-lowK,0.0119506386306715,0.996622663272792
CCNA_01167,quintero_wt-lowK_vs_ΔkdpE-lowK,-0.174905620160972,0.747778984117142
CCNA_01168,quintero_wt-lowK_vs_ΔkdpE-lowK,-0.321058635022861,0.3242852100865
CCNA_01169,quintero_wt-lowK_vs_ΔkdpE-lowK,0.0388319434811148,0.973557788736547
CCNA_01170,quintero_wt-lowK_vs_ΔkdpE-lowK,0.11422735426039,0.883760492608715
CCNA_R0028,quintero_wt-lowK_vs_ΔkdpE-lowK,0.302818785243689,0.581780131805135
CCNA_01171,quintero_wt-lowK_vs_ΔkdpE-lowK,-0.0809850362309354,0.922574044312157
CCNA_01172,quintero_wt-lowK_vs_ΔkdpE-lowK,-0.638680328633521,7.00387570218702e-4
CCNA_01173,quintero_wt-lowK_vs_ΔkdpE-lowK,-0.207207991830631,0.573633939023478
CCNA_01174,quintero_wt-lowK_vs_ΔkdpE-lowK,-0.143490552708532,0.797312242340999
CCNA_R0134,quintero_wt-lowK_vs_ΔkdpE-lowK,-0.129119474454105,0.871805814431222
CCNA_01175,quintero_wt-lowK_vs_ΔkdpE-lowK,0.0131496381539198,0.996622663272792
CCNA_01176,quintero_wt-lowK_vs_ΔkdpE-lowK,0.0916327181510234,0.922574044312157
CCNA_01177,quintero_wt-lowK_vs_ΔkdpE-lowK,-0.141632808930313,0.860064622125898
CCNA_01178,quintero_wt-lowK_vs_ΔkdpE-lowK,-0.70603087463192,0.00883152495025025
CCNA_01179,quintero_wt-lowK_vs_ΔkdpE-lowK,-0.782410072469047,0.00104055940524098
CCNA_01180,quintero_wt-lowK_vs_ΔkdpE-lowK,0.153352590046357,0.765584846921413
CCNA_01181,quintero_wt-lowK_vs_ΔkdpE-lowK,0.36918196051419,0.121008656712606
CCNA_01182,quintero_wt-lowK_vs_ΔkdpE-lowK,-0.119371114175232,0.853467453468422
CCNA_01183,quintero_wt-lowK_vs_ΔkdpE-lowK,0.158017600512216,0.778472125988457
CCNA_01184,quintero_wt-lowK_vs_ΔkdpE-lowK,-0.299131247664857,0.563691734734239
CCNA_01185,quintero_wt-lowK_vs_ΔkdpE-lowK,-0.204825559051792,0.801781680983308
CCNA_01186,quintero_wt-lowK_vs_ΔkdpE-lowK,0.117475670037149,0.867415883876446
CCNA_01187,quintero_wt-lowK_vs_ΔkdpE-lowK,0.141165783641596,0.832818174551146
CCNA_01188,quintero_wt-lowK_vs_ΔkdpE-lowK,0.047270437462558,0.959661793444286
CCNA_01189,quintero_wt-lowK_vs_ΔkdpE-lowK,-0.207398666660002,0.642387185463284
CCNA_01190,quintero_wt-lowK_vs_ΔkdpE-lowK,0.0737100018918646,0.927991969097429
CCNA_01191,quintero_wt-lowK_vs_ΔkdpE-lowK,-0.378513639520344,0.437996826211426
CCNA_01192,quintero_wt-lowK_vs_ΔkdpE-lowK,-0.183147821468465,0.810527932212186
CCNA_01193,quintero_wt-lowK_vs_ΔkdpE-lowK,-0.26135712797889,0.639695382336502
CCNA_R0135,quintero_wt-lowK_vs_ΔkdpE-lowK,-0.0622017993233082,NA
CCNA_01194,quintero_wt-lowK_vs_ΔkdpE-lowK,-0.265625447147447,0.634054287364311
CCNA_01195,quintero_wt-lowK_vs_ΔkdpE-lowK,0.0105087967045323,0.996622663272792
CCNA_01196,quintero_wt-lowK_vs_ΔkdpE-lowK,-0.125391786798116,0.853771021002398
CCNA_01197,quintero_wt-lowK_vs_ΔkdpE-lowK,-0.0405465198736234,NA
CCNA_01198,quintero_wt-lowK_vs_ΔkdpE-lowK,0.218553674014112,0.549809236411499
CCNA_01199,quintero_wt-lowK_vs_ΔkdpE-lowK,0.215318963065955,0.567083127860566
CCNA_01200,quintero_wt-lowK_vs_ΔkdpE-lowK,-0.0310432953254715,0.979311363115821
CCNA_01201,quintero_wt-lowK_vs_ΔkdpE-lowK,0.115794562622729,0.888070713772228
CCNA_01202,quintero_wt-lowK_vs_ΔkdpE-lowK,-0.00928735541365946,0.996622663272792
CCNA_01203,quintero_wt-lowK_vs_ΔkdpE-lowK,0.317366739110246,0.307676742931622
CCNA_01204,quintero_wt-lowK_vs_ΔkdpE-lowK,0.0580976588666744,0.943590937062561
CCNA_01205,quintero_wt-lowK_vs_ΔkdpE-lowK,-0.327673527430426,NA
CCNA_01206,quintero_wt-lowK_vs_ΔkdpE-lowK,0.0834924916659017,0.9408418180386
CCNA_01207,quintero_wt-lowK_vs_ΔkdpE-lowK,-0.0903062719545056,0.916162964698925
CCNA_01208,quintero_wt-lowK_vs_ΔkdpE-lowK,-0.0248724847461609,0.982930521322842
CCNA_01209,quintero_wt-lowK_vs_ΔkdpE-lowK,0.076439067833357,0.916698857691018
CCNA_01210,quintero_wt-lowK_vs_ΔkdpE-lowK,0.131946510424762,0.851847742553741
CCNA_01211,quintero_wt-lowK_vs_ΔkdpE-lowK,-0.0315763829600876,0.982631579393139
CCNA_01212,quintero_wt-lowK_vs_ΔkdpE-lowK,-0.121725145653709,0.859508142203674
CCNA_01213,quintero_wt-lowK_vs_ΔkdpE-lowK,-0.0235644001228773,0.987184707454109
CCNA_01214,quintero_wt-lowK_vs_ΔkdpE-lowK,0.0423257833033805,0.966276259130522
CCNA_01215,quintero_wt-lowK_vs_ΔkdpE-lowK,-0.0523292678490773,0.951890944567136
CCNA_01216,quintero_wt-lowK_vs_ΔkdpE-lowK,0.0338336532370637,0.971749206440118
CCNA_01217,quintero_wt-lowK_vs_ΔkdpE-lowK,5.43173682637791e-4,0.999404812702136
CCNA_01218,quintero_wt-lowK_vs_ΔkdpE-lowK,-1.96382470228645e-4,0.999955636558677
CCNA_01219,quintero_wt-lowK_vs_ΔkdpE-lowK,0.0312837835213835,0.981156857180441
CCNA_01220,quintero_wt-lowK_vs_ΔkdpE-lowK,-0.0831312454976274,0.916162964698925
CCNA_01221,quintero_wt-lowK_vs_ΔkdpE-lowK,0.035579572573298,0.973557788736547
CCNA_01222,quintero_wt-lowK_vs_ΔkdpE-lowK,0.061832947143881,0.946838660291468
CCNA_01223,quintero_wt-lowK_vs_ΔkdpE-lowK,-0.00549266429072972,0.996622663272792
CCNA_01224,quintero_wt-lowK_vs_ΔkdpE-lowK,0.0501846857618191,0.958927573897016
CCNA_01225,quintero_wt-lowK_vs_ΔkdpE-lowK,0.184094047466852,0.709457061018964
CCNA_01226,quintero_wt-lowK_vs_ΔkdpE-lowK,0.145819544443441,0.776663575127195
CCNA_01227,quintero_wt-lowK_vs_ΔkdpE-lowK,-0.0522039497673235,0.952167566207004
CCNA_01228,quintero_wt-lowK_vs_ΔkdpE-lowK,-0.0485265113072784,0.958927573897016
CCNA_01229,quintero_wt-lowK_vs_ΔkdpE-lowK,0.0119702891500006,0.996622663272792
CCNA_01230,quintero_wt-lowK_vs_ΔkdpE-lowK,-0.0183028422453406,0.99056851636028
CCNA_01231,quintero_wt-lowK_vs_ΔkdpE-lowK,-0.164880518635555,0.792111378499706
CCNA_R0136,quintero_wt-lowK_vs_ΔkdpE-lowK,0,NA
CCNA_01232,quintero_wt-lowK_vs_ΔkdpE-lowK,-0.0870392637951878,0.922574044312157
CCNA_01233,quintero_wt-lowK_vs_ΔkdpE-lowK,-0.056249126553054,0.947639518548912
CCNA_01234,quintero_wt-lowK_vs_ΔkdpE-lowK,-0.379138801197631,0.174908937992596
CCNA_01235,quintero_wt-lowK_vs_ΔkdpE-lowK,-0.478684131123564,0.088521450033032
CCNA_01236,quintero_wt-lowK_vs_ΔkdpE-lowK,-0.29113191297794,0.535332430864346
CCNA_01237,quintero_wt-lowK_vs_ΔkdpE-lowK,-0.441595579786622,0.221582442983228
CCNA_01238,quintero_wt-lowK_vs_ΔkdpE-lowK,-0.00340876894477158,0.996622663272792
CCNA_01239,quintero_wt-lowK_vs_ΔkdpE-lowK,0.0304823468701484,0.973858841046356
CCNA_01240,quintero_wt-lowK_vs_ΔkdpE-lowK,0.0988691165528339,0.896834139023419
CCNA_01241,quintero_wt-lowK_vs_ΔkdpE-lowK,0.108099516280033,0.878462045891448
CCNA_01242,quintero_wt-lowK_vs_ΔkdpE-lowK,0.00483327501096533,0.996622663272792
CCNA_01243,quintero_wt-lowK_vs_ΔkdpE-lowK,0.072333077117564,0.927780362284331
CCNA_01244,quintero_wt-lowK_vs_ΔkdpE-lowK,-0.0809953343001948,0.930636901995681
CCNA_01245,quintero_wt-lowK_vs_ΔkdpE-lowK,0.193962820323525,0.706452025668922
CCNA_01246,quintero_wt-lowK_vs_ΔkdpE-lowK,0.164946231448005,0.763122831580805
CCNA_01247,quintero_wt-lowK_vs_ΔkdpE-lowK,0.00466870806193384,0.996622663272792
CCNA_01248,quintero_wt-lowK_vs_ΔkdpE-lowK,-0.0625974118051607,0.92923972462657
CCNA_01249,quintero_wt-lowK_vs_ΔkdpE-lowK,0.0483643445670609,0.966276259130522
CCNA_01250,quintero_wt-lowK_vs_ΔkdpE-lowK,0.00845520492668598,0.996622663272792
CCNA_01251,quintero_wt-lowK_vs_ΔkdpE-lowK,0.10865072278303,0.900000564472675
CCNA_01252,quintero_wt-lowK_vs_ΔkdpE-lowK,0.14053079167157,0.832818174551146
CCNA_01253,quintero_wt-lowK_vs_ΔkdpE-lowK,0.102254434091762,0.898866238491272
CCNA_01254,quintero_wt-lowK_vs_ΔkdpE-lowK,0.12907606208411,0.868077149454368
CCNA_01255,quintero_wt-lowK_vs_ΔkdpE-lowK,0.00372918342725895,0.996622663272792
CCNA_01256,quintero_wt-lowK_vs_ΔkdpE-lowK,0.196180453527125,0.683572817562536
CCNA_01257,quintero_wt-lowK_vs_ΔkdpE-lowK,-0.0301263925746644,0.978652377991815
CCNA_01258,quintero_wt-lowK_vs_ΔkdpE-lowK,-0.212302801265509,0.67305649515398
CCNA_01259,quintero_wt-lowK_vs_ΔkdpE-lowK,-0.00377023039868434,0.996622663272792
CCNA_01260,quintero_wt-lowK_vs_ΔkdpE-lowK,-0.205771465990837,0.706452025668922
CCNA_R0137,quintero_wt-lowK_vs_ΔkdpE-lowK,-0.00962178359569746,NA
CCNA_01261,quintero_wt-lowK_vs_ΔkdpE-lowK,0.0251648506193021,0.982930521322842
CCNA_01262,quintero_wt-lowK_vs_ΔkdpE-lowK,-0.113113740717549,0.878462045891448
CCNA_01263,quintero_wt-lowK_vs_ΔkdpE-lowK,0.0260970369255349,0.981352551073175
CCNA_01264,quintero_wt-lowK_vs_ΔkdpE-lowK,-0.0838082687895068,NA
CCNA_03947,quintero_wt-lowK_vs_ΔkdpE-lowK,0,NA
CCNA_01265,quintero_wt-lowK_vs_ΔkdpE-lowK,-0.116624586993647,NA
CCNA_01266,quintero_wt-lowK_vs_ΔkdpE-lowK,0.0594855987102957,0.943590937062561
CCNA_01267,quintero_wt-lowK_vs_ΔkdpE-lowK,0.0825365178748929,0.916162964698925
CCNA_01268,quintero_wt-lowK_vs_ΔkdpE-lowK,0.26919437146565,0.3242852100865
CCNA_01269,quintero_wt-lowK_vs_ΔkdpE-lowK,-0.385032581109702,0.391949431735208
CCNA_01270,quintero_wt-lowK_vs_ΔkdpE-lowK,-0.27833540467837,0.668533790815862
CCNA_01271,quintero_wt-lowK_vs_ΔkdpE-lowK,0.457942649817265,0.077076323546764
CCNA_01272,quintero_wt-lowK_vs_ΔkdpE-lowK,0.161516568565094,0.815253330996715
CCNA_01273,quintero_wt-lowK_vs_ΔkdpE-lowK,0.144023008794888,0.855578929489837
CCNA_R0029,quintero_wt-lowK_vs_ΔkdpE-lowK,0.169396317631618,NA
CCNA_01274,quintero_wt-lowK_vs_ΔkdpE-lowK,-0.0671031496840743,0.937461108901661
CCNA_01275,quintero_wt-lowK_vs_ΔkdpE-lowK,0.142646673579033,0.831818232412691
CCNA_01276,quintero_wt-lowK_vs_ΔkdpE-lowK,-0.0702910424083013,0.93086022855661
CCNA_01277,quintero_wt-lowK_vs_ΔkdpE-lowK,-0.193581021455611,0.633709468343663
CCNA_01278,quintero_wt-lowK_vs_ΔkdpE-lowK,-0.0888300950995968,0.901387296495574
CCNA_01279,quintero_wt-lowK_vs_ΔkdpE-lowK,0.069973868149026,0.927991969097429
CCNA_01280,quintero_wt-lowK_vs_ΔkdpE-lowK,-0.0554378891374264,0.951890944567136
CCNA_01281,quintero_wt-lowK_vs_ΔkdpE-lowK,-0.0343898083090848,0.969923117608565
CCNA_01282,quintero_wt-lowK_vs_ΔkdpE-lowK,-0.432885476081267,0.091088547057679
CCNA_01283,quintero_wt-lowK_vs_ΔkdpE-lowK,-0.507394557724658,0.0643434806906691
CCNA_01284,quintero_wt-lowK_vs_ΔkdpE-lowK,-0.339160190278668,0.4253719502659
CCNA_01285,quintero_wt-lowK_vs_ΔkdpE-lowK,-0.0496936319438026,0.958927573897016
CCNA_01286,quintero_wt-lowK_vs_ΔkdpE-lowK,-0.0547348829363718,0.966139358701548
CCNA_01287,quintero_wt-lowK_vs_ΔkdpE-lowK,-0.0650573215676454,0.940973711053643
CCNA_01288,quintero_wt-lowK_vs_ΔkdpE-lowK,-0.0391607970474417,0.968427682180628
CCNA_01289,quintero_wt-lowK_vs_ΔkdpE-lowK,-0.137763145195136,0.843399174598858
CCNA_01290,quintero_wt-lowK_vs_ΔkdpE-lowK,-0.252486807920001,0.460164326043725
CCNA_01291,quintero_wt-lowK_vs_ΔkdpE-lowK,-0.175044186052617,0.774145274322225
CCNA_01292,quintero_wt-lowK_vs_ΔkdpE-lowK,-0.257641918585179,0.543495430952798
CCNA_01293,quintero_wt-lowK_vs_ΔkdpE-lowK,0.0170036502546668,NA
CCNA_01294,quintero_wt-lowK_vs_ΔkdpE-lowK,0.0383891657576902,NA
CCNA_01295,quintero_wt-lowK_vs_ΔkdpE-lowK,0.190294722422739,0.659945218874145
CCNA_01296,quintero_wt-lowK_vs_ΔkdpE-lowK,0.0699998925625599,0.933001706522734
CCNA_01297,quintero_wt-lowK_vs_ΔkdpE-lowK,0.25295644538686,0.573633939023478
CCNA_R0030,quintero_wt-lowK_vs_ΔkdpE-lowK,0.272437022725827,0.400101840898544
CCNA_R0031,quintero_wt-lowK_vs_ΔkdpE-lowK,0.217410973643478,0.71011969696249
CCNA_01298,quintero_wt-lowK_vs_ΔkdpE-lowK,-0.0362708404567458,0.975492156101901
CCNA_01299,quintero_wt-lowK_vs_ΔkdpE-lowK,-0.12838216072368,0.862967965126056
CCNA_01300,quintero_wt-lowK_vs_ΔkdpE-lowK,-0.415832248013284,0.0672346548776123
CCNA_01301,quintero_wt-lowK_vs_ΔkdpE-lowK,-0.138336275296218,0.802539892773751
CCNA_01302,quintero_wt-lowK_vs_ΔkdpE-lowK,-0.0670485850950663,0.933001706522734
CCNA_01303,quintero_wt-lowK_vs_ΔkdpE-lowK,-0.479621838984503,0.26764219461062
CCNA_01304,quintero_wt-lowK_vs_ΔkdpE-lowK,0.248627356568631,0.479520372883687
CCNA_01305,quintero_wt-lowK_vs_ΔkdpE-lowK,0.10026412387669,0.913506413046311
CCNA_01306,quintero_wt-lowK_vs_ΔkdpE-lowK,0.0208838929703156,0.990640399994165
CCNA_01307,quintero_wt-lowK_vs_ΔkdpE-lowK,-0.103817691819459,0.914219273453641
CCNA_01308,quintero_wt-lowK_vs_ΔkdpE-lowK,-0.246850487300453,0.614732508978039
CCNA_01309,quintero_wt-lowK_vs_ΔkdpE-lowK,-0.352425103426582,0.309584661336019
CCNA_01310,quintero_wt-lowK_vs_ΔkdpE-lowK,-0.607493213804998,0.0194257227337248
CCNA_01311,quintero_wt-lowK_vs_ΔkdpE-lowK,-0.760683259939672,7.00387570218702e-4
CCNA_01312,quintero_wt-lowK_vs_ΔkdpE-lowK,-0.779761280161603,2.63511939546542e-4
CCNA_01313,quintero_wt-lowK_vs_ΔkdpE-lowK,-0.708753045597436,2.26564788637092e-4
CCNA_01314,quintero_wt-lowK_vs_ΔkdpE-lowK,-0.702803242398453,8.38435144172528e-5
CCNA_01315,quintero_wt-lowK_vs_ΔkdpE-lowK,-0.633173229089958,8.53518507346337e-4
CCNA_01316,quintero_wt-lowK_vs_ΔkdpE-lowK,-0.549713083229372,0.00632047761533155
CCNA_01317,quintero_wt-lowK_vs_ΔkdpE-lowK,-0.446029746797657,0.0795558187627529
CCNA_01318,quintero_wt-lowK_vs_ΔkdpE-lowK,-0.406811891559091,0.131848144045761
CCNA_01319,quintero_wt-lowK_vs_ΔkdpE-lowK,-0.44932722444711,0.0964833015483354
CCNA_01320,quintero_wt-lowK_vs_ΔkdpE-lowK,-0.423418845235093,0.127231129269401
CCNA_01321,quintero_wt-lowK_vs_ΔkdpE-lowK,-0.33632841970418,0.309314122320605
CCNA_01322,quintero_wt-lowK_vs_ΔkdpE-lowK,-0.261407217211821,0.505581255462474
CCNA_01323,quintero_wt-lowK_vs_ΔkdpE-lowK,-0.216780902968544,0.651377948400254
CCNA_01324,quintero_wt-lowK_vs_ΔkdpE-lowK,-0.170454964421962,0.772266680380511
CCNA_01325,quintero_wt-lowK_vs_ΔkdpE-lowK,-0.0210732911932166,0.990640399994165
CCNA_01326,quintero_wt-lowK_vs_ΔkdpE-lowK,0.0907840418504203,0.914468665796029
CCNA_01327,quintero_wt-lowK_vs_ΔkdpE-lowK,0.16284018961057,0.768118964542274
CCNA_01328,quintero_wt-lowK_vs_ΔkdpE-lowK,0.354981073631764,0.305556636547883
CCNA_01329,quintero_wt-lowK_vs_ΔkdpE-lowK,0.264766191909999,0.529975013509478
CCNA_01330,quintero_wt-lowK_vs_ΔkdpE-lowK,0.156520414026083,0.797312242340999
CCNA_01332,quintero_wt-lowK_vs_ΔkdpE-lowK,-0.0691843849485819,0.948220924133938
CCNA_01333,quintero_wt-lowK_vs_ΔkdpE-lowK,0.110127856532584,0.907191149765063
CCNA_01334,quintero_wt-lowK_vs_ΔkdpE-lowK,-0.526330344629663,0.0222878919288989
CCNA_01335,quintero_wt-lowK_vs_ΔkdpE-lowK,-0.589771406284978,0.0137562007003792
CCNA_01336,quintero_wt-lowK_vs_ΔkdpE-lowK,-0.0797648687203213,0.927991969097429
CCNA_01337,quintero_wt-lowK_vs_ΔkdpE-lowK,-0.199893114642145,0.642387185463284
CCNA_01338,quintero_wt-lowK_vs_ΔkdpE-lowK,0.0472585602767614,0.958927573897016
CCNA_01339,quintero_wt-lowK_vs_ΔkdpE-lowK,0.061090748249603,0.958927573897016
CCNA_03880,quintero_wt-lowK_vs_ΔkdpE-lowK,0.161679442028158,0.832818174551146
CCNA_01340,quintero_wt-lowK_vs_ΔkdpE-lowK,0.00374000446817736,0.996622663272792
CCNA_01341,quintero_wt-lowK_vs_ΔkdpE-lowK,-0.0239871310501948,0.982930521322842
CCNA_01342,quintero_wt-lowK_vs_ΔkdpE-lowK,0.00916471902704498,0.996622663272792
CCNA_01343,quintero_wt-lowK_vs_ΔkdpE-lowK,0.168392037990456,0.727551258370868
CCNA_01344,quintero_wt-lowK_vs_ΔkdpE-lowK,-0.0898335850550574,0.915511613894725
CCNA_01345,quintero_wt-lowK_vs_ΔkdpE-lowK,0.21298635023463,0.622991283135906
CCNA_01346,quintero_wt-lowK_vs_ΔkdpE-lowK,-0.140519837348914,0.882508540055804
CCNA_01347,quintero_wt-lowK_vs_ΔkdpE-lowK,0.199767354092159,0.691644255345783
CCNA_01348,quintero_wt-lowK_vs_ΔkdpE-lowK,-0.0468466076128595,0.958927573897016
CCNA_01349,quintero_wt-lowK_vs_ΔkdpE-lowK,-0.0668773178327921,NA
CCNA_01350,quintero_wt-lowK_vs_ΔkdpE-lowK,0.0431286271523744,NA
CCNA_01351,quintero_wt-lowK_vs_ΔkdpE-lowK,-0.148614995145361,0.768118964542274
CCNA_01352,quintero_wt-lowK_vs_ΔkdpE-lowK,0.00144386862663243,0.997836432254234
CCNA_01353,quintero_wt-lowK_vs_ΔkdpE-lowK,1.48891105582927,2.94338733667438e-10
CCNA_01354,quintero_wt-lowK_vs_ΔkdpE-lowK,0.0206385575866227,0.98768093849729
CCNA_01355,quintero_wt-lowK_vs_ΔkdpE-lowK,-0.127370194226165,0.821967236015636
CCNA_01356,quintero_wt-lowK_vs_ΔkdpE-lowK,0.0419396775002046,0.966276259130522
CCNA_01357,quintero_wt-lowK_vs_ΔkdpE-lowK,0.00796436117810904,0.996622663272792
CCNA_01358,quintero_wt-lowK_vs_ΔkdpE-lowK,-0.0784943757509773,0.922574044312157
CCNA_01359,quintero_wt-lowK_vs_ΔkdpE-lowK,0.0916092009365235,0.900000564472675
CCNA_01360,quintero_wt-lowK_vs_ΔkdpE-lowK,0.102981516006038,0.883086242278468
CCNA_01361,quintero_wt-lowK_vs_ΔkdpE-lowK,0.817658394830371,3.15295522285055e-4
CCNA_01362,quintero_wt-lowK_vs_ΔkdpE-lowK,0.803688315138287,6.51024067450426e-4
CCNA_01363,quintero_wt-lowK_vs_ΔkdpE-lowK,0.514141837870577,0.0545015103541408
CCNA_01364,quintero_wt-lowK_vs_ΔkdpE-lowK,0.267036380218659,0.406404607268618
CCNA_01365,quintero_wt-lowK_vs_ΔkdpE-lowK,0.136925025594267,0.795487438151385
CCNA_01366,quintero_wt-lowK_vs_ΔkdpE-lowK,0.162961640475713,0.813268067793548
CCNA_01367,quintero_wt-lowK_vs_ΔkdpE-lowK,-0.105469276428817,0.897367818490869
CCNA_01368,quintero_wt-lowK_vs_ΔkdpE-lowK,-0.259365020907362,0.528551490836619
CCNA_01369,quintero_wt-lowK_vs_ΔkdpE-lowK,-0.232002398089253,0.543788746354217
CCNA_03948,quintero_wt-lowK_vs_ΔkdpE-lowK,-0.285184704762846,0.610999868643915
CCNA_01371,quintero_wt-lowK_vs_ΔkdpE-lowK,-0.0310690915817726,0.978652377991815
CCNA_01372,quintero_wt-lowK_vs_ΔkdpE-lowK,0.331580133938351,0.27248509750532
CCNA_01373,quintero_wt-lowK_vs_ΔkdpE-lowK,-0.00165806520622483,0.997836432254234
CCNA_01374,quintero_wt-lowK_vs_ΔkdpE-lowK,-0.0684558891606691,0.928114317714527
CCNA_01375,quintero_wt-lowK_vs_ΔkdpE-lowK,-0.231258158457526,0.483670601447068
CCNA_01376,quintero_wt-lowK_vs_ΔkdpE-lowK,-0.728099678406252,3.9445720316136e-5
CCNA_R0032,quintero_wt-lowK_vs_ΔkdpE-lowK,-0.534091373807349,0.0783986300666226
CCNA_R0033,quintero_wt-lowK_vs_ΔkdpE-lowK,-0.110498232946762,NA
CCNA_R0034,quintero_wt-lowK_vs_ΔkdpE-lowK,-0.203086893977448,0.765584846921413
CCNA_01377,quintero_wt-lowK_vs_ΔkdpE-lowK,-0.178320332480348,0.69309242653849
CCNA_01378,quintero_wt-lowK_vs_ΔkdpE-lowK,0.0452315538044866,0.958927573897016
CCNA_01379,quintero_wt-lowK_vs_ΔkdpE-lowK,-0.769374448059165,1.26970585525417e-6
CCNA_01380,quintero_wt-lowK_vs_ΔkdpE-lowK,-0.150678462359593,0.738102640626918
CCNA_01381,quintero_wt-lowK_vs_ΔkdpE-lowK,0.136750880587729,0.840556075826212
CCNA_01382,quintero_wt-lowK_vs_ΔkdpE-lowK,-0.424603751194446,0.119593512027005
CCNA_01383,quintero_wt-lowK_vs_ΔkdpE-lowK,-0.364784147974127,0.284024738095986
CCNA_01384,quintero_wt-lowK_vs_ΔkdpE-lowK,-0.144162165176366,0.802539892773751
CCNA_01385,quintero_wt-lowK_vs_ΔkdpE-lowK,0.137164256786903,0.821946275519447
CCNA_01386,quintero_wt-lowK_vs_ΔkdpE-lowK,-0.0650714453602555,0.9485951968112
CCNA_01387,quintero_wt-lowK_vs_ΔkdpE-lowK,0.207480654966758,0.622991283135906
CCNA_01388,quintero_wt-lowK_vs_ΔkdpE-lowK,0.0119156373111937,0.996622663272792
CCNA_01389,quintero_wt-lowK_vs_ΔkdpE-lowK,0.22377572977983,0.60255714471152
CCNA_01390,quintero_wt-lowK_vs_ΔkdpE-lowK,-0.040281988346928,0.962869390746375
CCNA_01391,quintero_wt-lowK_vs_ΔkdpE-lowK,-0.0181008894813032,0.993049546378912
CCNA_01392,quintero_wt-lowK_vs_ΔkdpE-lowK,0.0493541871652407,0.959661793444286
CCNA_01393,quintero_wt-lowK_vs_ΔkdpE-lowK,-0.0103611203662653,0.996622663272792
CCNA_01394,quintero_wt-lowK_vs_ΔkdpE-lowK,0.144462451858903,0.832818174551146
CCNA_01395,quintero_wt-lowK_vs_ΔkdpE-lowK,-0.018129772750475,0.988776687908575
CCNA_01396,quintero_wt-lowK_vs_ΔkdpE-lowK,-0.0232561874543258,0.985381992621398
CCNA_01397,quintero_wt-lowK_vs_ΔkdpE-lowK,0.20888061350341,0.636014926784018
CCNA_01398,quintero_wt-lowK_vs_ΔkdpE-lowK,0.235917903778817,0.537821466044343
CCNA_01399,quintero_wt-lowK_vs_ΔkdpE-lowK,0.504057415262101,0.0672346548776123
CCNA_01400,quintero_wt-lowK_vs_ΔkdpE-lowK,0.650216939898367,0.00361659028224039
CCNA_01403,quintero_wt-lowK_vs_ΔkdpE-lowK,0.277943887495759,0.503400264108943
CCNA_01404,quintero_wt-lowK_vs_ΔkdpE-lowK,0.0821579222171087,0.922574044312157
CCNA_R0138,quintero_wt-lowK_vs_ΔkdpE-lowK,0,NA
CCNA_R0139,quintero_wt-lowK_vs_ΔkdpE-lowK,0,NA
CCNA_01405,quintero_wt-lowK_vs_ΔkdpE-lowK,0.0975302112617469,0.91336091030939
CCNA_R0140,quintero_wt-lowK_vs_ΔkdpE-lowK,-0.247309089276863,0.727551258370868
CCNA_01406,quintero_wt-lowK_vs_ΔkdpE-lowK,-0.0819654977318752,0.922574044312157
CCNA_01407,quintero_wt-lowK_vs_ΔkdpE-lowK,0.0182542716273727,0.990640399994165
CCNA_01408,quintero_wt-lowK_vs_ΔkdpE-lowK,0.103744921070116,0.896331396436136
CCNA_01409,quintero_wt-lowK_vs_ΔkdpE-lowK,0.11027443856266,0.876348748232369
CCNA_01410,quintero_wt-lowK_vs_ΔkdpE-lowK,-0.466710741771162,0.125166000519904
CCNA_03949,quintero_wt-lowK_vs_ΔkdpE-lowK,0.0771658910086147,0.93341474188993
CCNA_03950,quintero_wt-lowK_vs_ΔkdpE-lowK,-0.0308959478905653,0.982935824790494
CCNA_01412,quintero_wt-lowK_vs_ΔkdpE-lowK,0.0185278606713633,0.990640399994165
CCNA_01413,quintero_wt-lowK_vs_ΔkdpE-lowK,0.0793735543673224,0.913170513657892
CCNA_01414,quintero_wt-lowK_vs_ΔkdpE-lowK,0.0115954944629461,0.996622663272792
CCNA_01415,quintero_wt-lowK_vs_ΔkdpE-lowK,0.0767523704975738,0.922574044312157
CCNA_01416,quintero_wt-lowK_vs_ΔkdpE-lowK,0.0153601251545931,0.991210579917144
CCNA_01417,quintero_wt-lowK_vs_ΔkdpE-lowK,0.00396992485143237,0.996622663272792
CCNA_01418,quintero_wt-lowK_vs_ΔkdpE-lowK,-0.109800210843393,0.853771021002398
CCNA_01419,quintero_wt-lowK_vs_ΔkdpE-lowK,0.189235449259153,0.668729755805928
CCNA_01420,quintero_wt-lowK_vs_ΔkdpE-lowK,0.0922643719381362,0.897528818205775
CCNA_01421,quintero_wt-lowK_vs_ΔkdpE-lowK,-0.175535883430688,0.650899482899031
CCNA_01422,quintero_wt-lowK_vs_ΔkdpE-lowK,-0.0576504634702118,0.947179879827685
CCNA_01423,quintero_wt-lowK_vs_ΔkdpE-lowK,-0.0827247283115847,0.901253730972181
CCNA_01424,quintero_wt-lowK_vs_ΔkdpE-lowK,0.0981818264690292,0.884800214714907
CCNA_01425,quintero_wt-lowK_vs_ΔkdpE-lowK,-0.309847013725739,0.277239654786629
CCNA_01426,quintero_wt-lowK_vs_ΔkdpE-lowK,-0.216184463360963,0.555010852455952
CCNA_01427,quintero_wt-lowK_vs_ΔkdpE-lowK,0.152277154410205,0.801662055004073
CCNA_01429,quintero_wt-lowK_vs_ΔkdpE-lowK,0.104832697785076,0.892561612178293
CCNA_01430,quintero_wt-lowK_vs_ΔkdpE-lowK,0.0376791688442031,0.966979933140307
CCNA_01431,quintero_wt-lowK_vs_ΔkdpE-lowK,0.172441526137093,0.712256565092173
CCNA_01432,quintero_wt-lowK_vs_ΔkdpE-lowK,0.104950067896088,0.88646736571754
CCNA_01433,quintero_wt-lowK_vs_ΔkdpE-lowK,0.0808271805608958,0.922574044312157
CCNA_01434,quintero_wt-lowK_vs_ΔkdpE-lowK,0.157919264137369,0.797312242340999
CCNA_R0035,quintero_wt-lowK_vs_ΔkdpE-lowK,-0.01331109336212,NA
CCNA_01435,quintero_wt-lowK_vs_ΔkdpE-lowK,0.0736725022876899,0.93820266047155
CCNA_01437,quintero_wt-lowK_vs_ΔkdpE-lowK,-0.0538326194251834,0.960330219835424
CCNA_01438,quintero_wt-lowK_vs_ΔkdpE-lowK,-0.0467629067569394,0.959180217097343
CCNA_01439,quintero_wt-lowK_vs_ΔkdpE-lowK,0.0134305031035366,0.996622663272792
CCNA_01440,quintero_wt-lowK_vs_ΔkdpE-lowK,0.315951898429742,0.417155168465875
CCNA_01441,quintero_wt-lowK_vs_ΔkdpE-lowK,0.170127621366551,0.797312242340999
CCNA_01442,quintero_wt-lowK_vs_ΔkdpE-lowK,0.0650826128478436,0.948220924133938
CCNA_01443,quintero_wt-lowK_vs_ΔkdpE-lowK,0.131904329256621,0.805314642306741
CCNA_01444,quintero_wt-lowK_vs_ΔkdpE-lowK,0.0695537722032623,0.933278701729832
CCNA_01445,quintero_wt-lowK_vs_ΔkdpE-lowK,0.141214201386173,0.798662605460421
CCNA_01446,quintero_wt-lowK_vs_ΔkdpE-lowK,0.0266172834562447,0.982631579393139
CCNA_01447,quintero_wt-lowK_vs_ΔkdpE-lowK,-0.0970230677460915,0.902515753103268
CCNA_01448,quintero_wt-lowK_vs_ΔkdpE-lowK,0.157045820096545,0.768618544764916
CCNA_01449,quintero_wt-lowK_vs_ΔkdpE-lowK,0.264649984167673,0.479520372883687
CCNA_01450,quintero_wt-lowK_vs_ΔkdpE-lowK,0.133084692715565,0.801781680983308
CCNA_R0036,quintero_wt-lowK_vs_ΔkdpE-lowK,0.131607566726952,NA
CCNA_R0037,quintero_wt-lowK_vs_ΔkdpE-lowK,0.281927155129642,0.62025132348202106
CCNA_01451,quintero_wt-lowK_vs_ΔkdpE-lowK,-0.523854472145577,0.0130410239514732
CCNA_01452,quintero_wt-lowK_vs_ΔkdpE-lowK,-0.0909822925283536,0.913015530202387
CCNA_R0038,quintero_wt-lowK_vs_ΔkdpE-lowK,0.268376476342092,0.454169572665163
CCNA_01453,quintero_wt-lowK_vs_ΔkdpE-lowK,0.314573750532968,0.341515949544731
CCNA_R0039,quintero_wt-lowK_vs_ΔkdpE-lowK,0.343826067244061,0.36267694441945
CCNA_01457,quintero_wt-lowK_vs_ΔkdpE-lowK,0.170085688507853,0.851542092283078
CCNA_01458,quintero_wt-lowK_vs_ΔkdpE-lowK,0.016467841940757,0.996622663272792
CCNA_01459,quintero_wt-lowK_vs_ΔkdpE-lowK,0.0518439279054709,0.966972926487221
CCNA_01460,quintero_wt-lowK_vs_ΔkdpE-lowK,0.102639259186428,0.922574044312157
CCNA_01461,quintero_wt-lowK_vs_ΔkdpE-lowK,-0.0343381187394303,0.981156857180441
CCNA_01462,quintero_wt-lowK_vs_ΔkdpE-lowK,-0.161733269476768,0.795487438151385
CCNA_01463,quintero_wt-lowK_vs_ΔkdpE-lowK,-0.124686741498343,0.853771021002398
CCNA_03951,quintero_wt-lowK_vs_ΔkdpE-lowK,-0.136781232693498,0.860064622125898
CCNA_01464,quintero_wt-lowK_vs_ΔkdpE-lowK,0.243285264729118,0.538329268350282
CCNA_01465,quintero_wt-lowK_vs_ΔkdpE-lowK,-0.252239387811606,0.452463957325761
CCNA_01466,quintero_wt-lowK_vs_ΔkdpE-lowK,-0.164897190392334,0.860064622125898
CCNA_01467,quintero_wt-lowK_vs_ΔkdpE-lowK,-0.360465755655104,0.523363784838003
CCNA_01468,quintero_wt-lowK_vs_ΔkdpE-lowK,-0.275961119941356,0.661208813560314
CCNA_01469,quintero_wt-lowK_vs_ΔkdpE-lowK,-0.311070617446093,0.582851998814728
CCNA_01470,quintero_wt-lowK_vs_ΔkdpE-lowK,-0.190840507579868,0.797347321990269
CCNA_01471,quintero_wt-lowK_vs_ΔkdpE-lowK,-0.107158162368439,0.915682958436133
CCNA_01472,quintero_wt-lowK_vs_ΔkdpE-lowK,0.099323916036317,0.915682958436133
CCNA_01473,quintero_wt-lowK_vs_ΔkdpE-lowK,0.16591516205547,0.816425475210115
CCNA_01474,quintero_wt-lowK_vs_ΔkdpE-lowK,0.340587181483078,0.479520372883687
CCNA_01475,quintero_wt-lowK_vs_ΔkdpE-lowK,-0.00212635329221749,0.997836432254234
CCNA_01476,quintero_wt-lowK_vs_ΔkdpE-lowK,-0.215237096381829,0.750269622740496
CCNA_01477,quintero_wt-lowK_vs_ΔkdpE-lowK,-0.289552434003421,0.644228623326748
CCNA_01478,quintero_wt-lowK_vs_ΔkdpE-lowK,-0.22780005462854,0.633709468343663
CCNA_01479,quintero_wt-lowK_vs_ΔkdpE-lowK,0.0591785074271253,0.939454493295857
CCNA_01480,quintero_wt-lowK_vs_ΔkdpE-lowK,0.109802334745625,0.878462045891448
CCNA_01481,quintero_wt-lowK_vs_ΔkdpE-lowK,0.119963528370319,0.872832826264368
CCNA_01483,quintero_wt-lowK_vs_ΔkdpE-lowK,0.203084502566672,NA
CCNA_01484,quintero_wt-lowK_vs_ΔkdpE-lowK,-0.210728927113414,NA
CCNA_01485,quintero_wt-lowK_vs_ΔkdpE-lowK,0.00177755292649085,0.997836432254234
CCNA_01486,quintero_wt-lowK_vs_ΔkdpE-lowK,0.134139791393855,0.831818232412691
CCNA_01487,quintero_wt-lowK_vs_ΔkdpE-lowK,-0.0773303693604858,0.924373197796178
CCNA_01488,quintero_wt-lowK_vs_ΔkdpE-lowK,0.233715623443079,0.504167252525351
CCNA_01489,quintero_wt-lowK_vs_ΔkdpE-lowK,-0.0454955555577858,0.958927573897016
CCNA_01490,quintero_wt-lowK_vs_ΔkdpE-lowK,0.332586361824867,0.356720304762772
CCNA_01491,quintero_wt-lowK_vs_ΔkdpE-lowK,0.113429202728867,0.873004097353089
CCNA_01492,quintero_wt-lowK_vs_ΔkdpE-lowK,-0.0618721634083478,0.937919850727579
CCNA_01493,quintero_wt-lowK_vs_ΔkdpE-lowK,0.0856393656323612,0.916162964698925
CCNA_01494,quintero_wt-lowK_vs_ΔkdpE-lowK,-0.249881781797155,0.520630830395309
CCNA_01495,quintero_wt-lowK_vs_ΔkdpE-lowK,0.0332527518012313,0.973557788736547
CCNA_01496,quintero_wt-lowK_vs_ΔkdpE-lowK,0.20984117807387,0.577594619102053
CCNA_01497,quintero_wt-lowK_vs_ΔkdpE-lowK,0.06749781636359,0.937919850727579
CCNA_R0141,quintero_wt-lowK_vs_ΔkdpE-lowK,0.0260414076696221,NA
CCNA_01498,quintero_wt-lowK_vs_ΔkdpE-lowK,0.00182821296383722,0.997836432254234
CCNA_01499,quintero_wt-lowK_vs_ΔkdpE-lowK,0.041548685841203,0.973371240809801
CCNA_01500,quintero_wt-lowK_vs_ΔkdpE-lowK,-0.0643387038368098,0.941875239365158
CCNA_01501,quintero_wt-lowK_vs_ΔkdpE-lowK,0.27301646345888,NA
CCNA_01503,quintero_wt-lowK_vs_ΔkdpE-lowK,0.292370141436986,0.62025132348202106
CCNA_01502,quintero_wt-lowK_vs_ΔkdpE-lowK,0.182220727648824,0.792111378499706
CCNA_01504,quintero_wt-lowK_vs_ΔkdpE-lowK,0.0306699078609068,0.973557788736547
CCNA_01505,quintero_wt-lowK_vs_ΔkdpE-lowK,0.0858129310038553,0.90472250002508
CCNA_01506,quintero_wt-lowK_vs_ΔkdpE-lowK,0.16815371948546,0.732000375139041
CCNA_01507,quintero_wt-lowK_vs_ΔkdpE-lowK,0.211401720800544,0.622991283135906
CCNA_01508,quintero_wt-lowK_vs_ΔkdpE-lowK,0.143814552502971,0.792111378499706
CCNA_01509,quintero_wt-lowK_vs_ΔkdpE-lowK,-0.0658985185708229,0.933001706522734
CCNA_01510,quintero_wt-lowK_vs_ΔkdpE-lowK,-0.262791734459004,0.52898163116877
CCNA_01511,quintero_wt-lowK_vs_ΔkdpE-lowK,-0.347685664353012,0.305556636547883
CCNA_01512,quintero_wt-lowK_vs_ΔkdpE-lowK,-0.134787481078043,0.83084353530747
CCNA_01513,quintero_wt-lowK_vs_ΔkdpE-lowK,-0.041810488848612,0.973557788736547
CCNA_01514,quintero_wt-lowK_vs_ΔkdpE-lowK,-0.112520829798192,NA
CCNA_01515,quintero_wt-lowK_vs_ΔkdpE-lowK,-0.162434581590486,0.795487438151385
CCNA_01516,quintero_wt-lowK_vs_ΔkdpE-lowK,-0.542986438510968,0.0678739625711533
CCNA_01517,quintero_wt-lowK_vs_ΔkdpE-lowK,0.0518912733401022,0.951890944567136
CCNA_03892,quintero_wt-lowK_vs_ΔkdpE-lowK,0.2706513250957,0.374796173394604
CCNA_01519,quintero_wt-lowK_vs_ΔkdpE-lowK,-0.312198370272084,0.614732508978039
CCNA_01520,quintero_wt-lowK_vs_ΔkdpE-lowK,-0.307728695254243,0.614732508978039
CCNA_01521,quintero_wt-lowK_vs_ΔkdpE-lowK,-0.499277797639844,0.0669944901154446
CCNA_01522,quintero_wt-lowK_vs_ΔkdpE-lowK,-0.351325451078143,0.312392896227525
CCNA_01523,quintero_wt-lowK_vs_ΔkdpE-lowK,-0.0815242056856843,0.927780362284331
CCNA_01524,quintero_wt-lowK_vs_ΔkdpE-lowK,-0.324329103332038,0.312107799623173
CCNA_01525,quintero_wt-lowK_vs_ΔkdpE-lowK,0.121584722364416,0.838974119457327
CCNA_01526,quintero_wt-lowK_vs_ΔkdpE-lowK,-0.226730656577682,0.56834439830081
CCNA_01527,quintero_wt-lowK_vs_ΔkdpE-lowK,-0.081999290923142,0.900000564472675
CCNA_01528,quintero_wt-lowK_vs_ΔkdpE-lowK,-0.224206785617578,0.581780131805135
CCNA_01529,quintero_wt-lowK_vs_ΔkdpE-lowK,-0.155837977260061,0.806222822369108
CCNA_01530,quintero_wt-lowK_vs_ΔkdpE-lowK,-0.30683599358842,0.362099767114444
CCNA_01531,quintero_wt-lowK_vs_ΔkdpE-lowK,0.00549864321346982,0.996622663272792
CCNA_01532,quintero_wt-lowK_vs_ΔkdpE-lowK,-0.0616295892954248,0.933001706522734
CCNA_01533,quintero_wt-lowK_vs_ΔkdpE-lowK,-0.0466423737918349,0.958927573897016
CCNA_01534,quintero_wt-lowK_vs_ΔkdpE-lowK,-0.0421284392542887,0.963426052821736
CCNA_01535,quintero_wt-lowK_vs_ΔkdpE-lowK,0.102092847926254,0.888070713772228
CCNA_01536,quintero_wt-lowK_vs_ΔkdpE-lowK,-0.162695873241238,0.802539892773751
CCNA_R0040,quintero_wt-lowK_vs_ΔkdpE-lowK,0.0194593373861177,0.996622663272792
CCNA_01537,quintero_wt-lowK_vs_ΔkdpE-lowK,0.124656917798557,0.873885673443268
CCNA_01538,quintero_wt-lowK_vs_ΔkdpE-lowK,0.00439790730573559,0.996622663272792
CCNA_03952,quintero_wt-lowK_vs_ΔkdpE-lowK,0.0819915176683324,0.913506413046311
CCNA_01539,quintero_wt-lowK_vs_ΔkdpE-lowK,-0.118159130241193,0.841292106577595
CCNA_01541,quintero_wt-lowK_vs_ΔkdpE-lowK,-0.0149724768365352,0.996622663272792
CCNA_01542,quintero_wt-lowK_vs_ΔkdpE-lowK,-0.0322098187185002,0.971171991930294
CCNA_01543,quintero_wt-lowK_vs_ΔkdpE-lowK,0.154554276025448,0.825616583224396
CCNA_01545,quintero_wt-lowK_vs_ΔkdpE-lowK,0.130092162503717,0.838974119457327
CCNA_01546,quintero_wt-lowK_vs_ΔkdpE-lowK,-0.144040220945087,0.822002845657489
CCNA_03953,quintero_wt-lowK_vs_ΔkdpE-lowK,-0.303579038930904,0.418656863281689
CCNA_01547,quintero_wt-lowK_vs_ΔkdpE-lowK,0.275200378765935,0.452463957325761
CCNA_01548,quintero_wt-lowK_vs_ΔkdpE-lowK,-0.0910935750915092,0.922574044312157
CCNA_01549,quintero_wt-lowK_vs_ΔkdpE-lowK,0.00407532691783561,0.996622663272792
CCNA_01550,quintero_wt-lowK_vs_ΔkdpE-lowK,0.168968771609078,0.795487438151385
CCNA_01551,quintero_wt-lowK_vs_ΔkdpE-lowK,-1.12990067498219,2.01056447983427e-8
CCNA_01552,quintero_wt-lowK_vs_ΔkdpE-lowK,0.00242984790182639,0.996622663272792
CCNA_01553,quintero_wt-lowK_vs_ΔkdpE-lowK,0.116490339809295,0.888324506444668
CCNA_01554,quintero_wt-lowK_vs_ΔkdpE-lowK,-0.035424454080698,0.974021796532869
CCNA_01555,quintero_wt-lowK_vs_ΔkdpE-lowK,-0.104297681175104,0.907191149765063
CCNA_01556,quintero_wt-lowK_vs_ΔkdpE-lowK,0.198710065446589,0.614732508978039
CCNA_01557,quintero_wt-lowK_vs_ΔkdpE-lowK,0.097868408080959,0.916162964698925
CCNA_01558,quintero_wt-lowK_vs_ΔkdpE-lowK,-0.0484911233051881,0.966276259130522
CCNA_01559,quintero_wt-lowK_vs_ΔkdpE-lowK,-0.160417919931426,0.802618678082021
CCNA_01560,quintero_wt-lowK_vs_ΔkdpE-lowK,0.16042001958307,0.812973024734299
CCNA_01561,quintero_wt-lowK_vs_ΔkdpE-lowK,-0.0970145669779424,NA
CCNA_01562,quintero_wt-lowK_vs_ΔkdpE-lowK,0.0816847098874489,0.927551435100477
CCNA_01563,quintero_wt-lowK_vs_ΔkdpE-lowK,-0.115116030726166,0.888070713772228
CCNA_R0142,quintero_wt-lowK_vs_ΔkdpE-lowK,-0.0786949770013625,NA
CCNA_01566,quintero_wt-lowK_vs_ΔkdpE-lowK,-0.0168549168377111,0.992643611540163
CCNA_01567,quintero_wt-lowK_vs_ΔkdpE-lowK,0.0799753392640781,0.916162964698925
CCNA_01568,quintero_wt-lowK_vs_ΔkdpE-lowK,-0.0860417520083313,0.907191149765063
CCNA_01569,quintero_wt-lowK_vs_ΔkdpE-lowK,0.229618649827014,0.621613207657958
CCNA_01570,quintero_wt-lowK_vs_ΔkdpE-lowK,0.119075368328791,0.873004097353089
CCNA_01571,quintero_wt-lowK_vs_ΔkdpE-lowK,-0.0288408846848442,0.982930521322842
CCNA_01572,quintero_wt-lowK_vs_ΔkdpE-lowK,-0.0603972758660764,0.951890944567136
CCNA_01573,quintero_wt-lowK_vs_ΔkdpE-lowK,0.0856257258868779,0.944800724259362
CCNA_01574,quintero_wt-lowK_vs_ΔkdpE-lowK,0.015202399005781,0.996622663272792
CCNA_01575,quintero_wt-lowK_vs_ΔkdpE-lowK,-0.0622080790269999,0.933001706522734
CCNA_01576,quintero_wt-lowK_vs_ΔkdpE-lowK,0.020090949214503,0.990640399994165
CCNA_01577,quintero_wt-lowK_vs_ΔkdpE-lowK,-0.0232397561863175,0.987184707454109
CCNA_01578,quintero_wt-lowK_vs_ΔkdpE-lowK,-0.207464864310863,0.577594619102053
CCNA_01579,quintero_wt-lowK_vs_ΔkdpE-lowK,0.0489393942402262,0.952167566207004
CCNA_01580,quintero_wt-lowK_vs_ΔkdpE-lowK,0.027180742172022,0.978652377991815
CCNA_01581,quintero_wt-lowK_vs_ΔkdpE-lowK,0.10337595968558,0.893651922940822
CCNA_01582,quintero_wt-lowK_vs_ΔkdpE-lowK,0.181535949110873,0.799983136486764
CCNA_01583,quintero_wt-lowK_vs_ΔkdpE-lowK,0.112869022266585,0.878159939832142
CCNA_03954,quintero_wt-lowK_vs_ΔkdpE-lowK,-0.065757820462512,NA
CCNA_01584,quintero_wt-lowK_vs_ΔkdpE-lowK,0.37118211174987,0.140142520938266
CCNA_R0143,quintero_wt-lowK_vs_ΔkdpE-lowK,1.07125539505811,2.66890537511525e-4
CCNA_01585,quintero_wt-lowK_vs_ΔkdpE-lowK,0.728996794997332,0.0263369719792307
CCNA_01586,quintero_wt-lowK_vs_ΔkdpE-lowK,0.411544803557382,0.331822879966954
CCNA_01587,quintero_wt-lowK_vs_ΔkdpE-lowK,0.469608257750914,0.186760538797896
CCNA_01588,quintero_wt-lowK_vs_ΔkdpE-lowK,0.594376718185398,0.057797438795614
CCNA_01589,quintero_wt-lowK_vs_ΔkdpE-lowK,-0.628363282354602,0.014215231619718
CCNA_01590,quintero_wt-lowK_vs_ΔkdpE-lowK,0.246994066370078,0.434877213657694
CCNA_01591,quintero_wt-lowK_vs_ΔkdpE-lowK,0.370905920745472,0.164830691535213
CCNA_01592,quintero_wt-lowK_vs_ΔkdpE-lowK,0.0374857085009862,0.966972926487221
CCNA_01593,quintero_wt-lowK_vs_ΔkdpE-lowK,0.206116583739922,0.581780131805135
CCNA_R0144,quintero_wt-lowK_vs_ΔkdpE-lowK,-0.0613940366263399,NA
CCNA_01594,quintero_wt-lowK_vs_ΔkdpE-lowK,0.294542309248596,0.284534577046309
CCNA_01595,quintero_wt-lowK_vs_ΔkdpE-lowK,-0.0391611474756734,0.978996708659337
CCNA_01596,quintero_wt-lowK_vs_ΔkdpE-lowK,0.302493326125478,0.345089499183512
CCNA_01597,quintero_wt-lowK_vs_ΔkdpE-lowK,0.216286671829533,0.758596980644933
CCNA_01598,quintero_wt-lowK_vs_ΔkdpE-lowK,0.0449782218355861,0.958927573897016
CCNA_01599,quintero_wt-lowK_vs_ΔkdpE-lowK,-0.122947915878466,0.870838719732606
CCNA_01600,quintero_wt-lowK_vs_ΔkdpE-lowK,0.223873379799465,0.562590222003197
CCNA_01601,quintero_wt-lowK_vs_ΔkdpE-lowK,-0.328275885861528,0.581780131805135
CCNA_01602,quintero_wt-lowK_vs_ΔkdpE-lowK,-0.49143672379725,0.0154418548184557
CCNA_01603,quintero_wt-lowK_vs_ΔkdpE-lowK,0.130369403791274,0.841292106577595
CCNA_01604,quintero_wt-lowK_vs_ΔkdpE-lowK,-0.229460095342972,0.701736271583287
CCNA_01605,quintero_wt-lowK_vs_ΔkdpE-lowK,-0.27358035909648,0.581780131805135
CCNA_01606,quintero_wt-lowK_vs_ΔkdpE-lowK,-0.413659603752385,0.166698882986936
CCNA_01607,quintero_wt-lowK_vs_ΔkdpE-lowK,0.10319423168345,0.901387296495574
CCNA_01608,quintero_wt-lowK_vs_ΔkdpE-lowK,-0.0815810657661088,0.933313267334845
CCNA_01609,quintero_wt-lowK_vs_ΔkdpE-lowK,-0.13382826559889,0.841292106577595
CCNA_03955,quintero_wt-lowK_vs_ΔkdpE-lowK,0.128513925159115,0.873004097353089
CCNA_01610,quintero_wt-lowK_vs_ΔkdpE-lowK,-0.108438484270993,0.878159939832142
CCNA_01611,quintero_wt-lowK_vs_ΔkdpE-lowK,-0.0519469794368153,0.958927573897016
CCNA_01612,quintero_wt-lowK_vs_ΔkdpE-lowK,0.360908057015103,0.125770370538641
CCNA_01613,quintero_wt-lowK_vs_ΔkdpE-lowK,0.227801022426533,0.509811805645411
CCNA_01614,quintero_wt-lowK_vs_ΔkdpE-lowK,0.152449712678256,0.815253330996715
CCNA_01615,quintero_wt-lowK_vs_ΔkdpE-lowK,0.0160823157366324,0.993049546378912
CCNA_01616,quintero_wt-lowK_vs_ΔkdpE-lowK,0.0463186229124908,0.966276259130522
CCNA_01617,quintero_wt-lowK_vs_ΔkdpE-lowK,0.296304052991869,0.404860975609142
CCNA_01618,quintero_wt-lowK_vs_ΔkdpE-lowK,0.291354386435229,0.305134149344956
CCNA_01619,quintero_wt-lowK_vs_ΔkdpE-lowK,0.310292471604232,0.264354149410958
CCNA_01620,quintero_wt-lowK_vs_ΔkdpE-lowK,0.077272912892505,0.935437926684829
CCNA_01621,quintero_wt-lowK_vs_ΔkdpE-lowK,0.0467596341592142,0.958927573897016
CCNA_01622,quintero_wt-lowK_vs_ΔkdpE-lowK,0.17852627935874,0.731140611433652
CCNA_01623,quintero_wt-lowK_vs_ΔkdpE-lowK,0.0477787387985521,0.968992692416648
CCNA_01624,quintero_wt-lowK_vs_ΔkdpE-lowK,0.173412628658934,0.780901556675875
CCNA_01625,quintero_wt-lowK_vs_ΔkdpE-lowK,-0.0400374262897716,0.966276259130522
CCNA_01626,quintero_wt-lowK_vs_ΔkdpE-lowK,-0.00407018061881733,0.996622663272792
CCNA_01627,quintero_wt-lowK_vs_ΔkdpE-lowK,-0.046581058167055,0.961045724700233
CCNA_01628,quintero_wt-lowK_vs_ΔkdpE-lowK,-0.154488750451541,0.838974119457327
CCNA_01629,quintero_wt-lowK_vs_ΔkdpE-lowK,0.274425751895005,0.437996826211426
CCNA_01630,quintero_wt-lowK_vs_ΔkdpE-lowK,0.294418318196348,0.419188587227438
CCNA_01632,quintero_wt-lowK_vs_ΔkdpE-lowK,0.110447287819749,0.879712609455366
CCNA_01633,quintero_wt-lowK_vs_ΔkdpE-lowK,0.255826091382274,0.458116538194999
CCNA_01634,quintero_wt-lowK_vs_ΔkdpE-lowK,0.289408388800059,0.380629103462505
CCNA_01635,quintero_wt-lowK_vs_ΔkdpE-lowK,0.309047198488342,0.35889710946827
CCNA_01636,quintero_wt-lowK_vs_ΔkdpE-lowK,0.0967362229749213,0.894681023904538
CCNA_01637,quintero_wt-lowK_vs_ΔkdpE-lowK,0.158981140476813,0.706452025668922
CCNA_01638,quintero_wt-lowK_vs_ΔkdpE-lowK,0.0197159056503238,0.987775616594565
CCNA_01639,quintero_wt-lowK_vs_ΔkdpE-lowK,-0.207600345973997,0.593266450134273
CCNA_01640,quintero_wt-lowK_vs_ΔkdpE-lowK,-0.187672144806169,0.731140611433652
CCNA_01641,quintero_wt-lowK_vs_ΔkdpE-lowK,-0.0549919230415544,0.958927573897016
CCNA_01642,quintero_wt-lowK_vs_ΔkdpE-lowK,0.180158878713243,0.708136637633233
CCNA_01643,quintero_wt-lowK_vs_ΔkdpE-lowK,0.0595560144686814,0.948220924133938
CCNA_01644,quintero_wt-lowK_vs_ΔkdpE-lowK,-0.11930179271716,0.850447983125455
CCNA_01645,quintero_wt-lowK_vs_ΔkdpE-lowK,0.048995540075278,0.958927573897016
CCNA_01646,quintero_wt-lowK_vs_ΔkdpE-lowK,0.180862012927559,0.797347321990269
CCNA_01647,quintero_wt-lowK_vs_ΔkdpE-lowK,0.375420502291678,0.198417785874967
CCNA_01648,quintero_wt-lowK_vs_ΔkdpE-lowK,0.31044252666596,0.35889710946827
CCNA_01649,quintero_wt-lowK_vs_ΔkdpE-lowK,0.274988818341827,0.405018463380123
CCNA_01650,quintero_wt-lowK_vs_ΔkdpE-lowK,0.242337487120033,0.528551490836619
CCNA_01651,quintero_wt-lowK_vs_ΔkdpE-lowK,0.290608933182337,0.259946210026521
CCNA_01652,quintero_wt-lowK_vs_ΔkdpE-lowK,-0.091948876762225,0.90472250002508
CCNA_01653,quintero_wt-lowK_vs_ΔkdpE-lowK,0.346803990382195,0.235989380316312
CCNA_01654,quintero_wt-lowK_vs_ΔkdpE-lowK,0.311174208035631,0.400101840898544
CCNA_01655,quintero_wt-lowK_vs_ΔkdpE-lowK,0.15708816412132,0.730936462095074
CCNA_01656,quintero_wt-lowK_vs_ΔkdpE-lowK,0.329058154213861,0.230016479778035
CCNA_01657,quintero_wt-lowK_vs_ΔkdpE-lowK,0.212312795571313,0.610999868643915
CCNA_01658,quintero_wt-lowK_vs_ΔkdpE-lowK,0.513320933291353,0.0390004088146124
CCNA_01659,quintero_wt-lowK_vs_ΔkdpE-lowK,0.420617755069881,0.10525880984425
CCNA_01660,quintero_wt-lowK_vs_ΔkdpE-lowK,0.102830315907443,0.907191149765063
CCNA_R0041,quintero_wt-lowK_vs_ΔkdpE-lowK,0.663738584745351,0.00910360100397976
CCNA_01663,quintero_wt-lowK_vs_ΔkdpE-lowK,NA,NA
CCNA_01664,quintero_wt-lowK_vs_ΔkdpE-lowK,NA,NA
CCNA_01665,quintero_wt-lowK_vs_ΔkdpE-lowK,NA,NA
CCNA_01666,quintero_wt-lowK_vs_ΔkdpE-lowK,NA,NA
CCNA_01667,quintero_wt-lowK_vs_ΔkdpE-lowK,NA,NA
CCNA_01668,quintero_wt-lowK_vs_ΔkdpE-lowK,0.119792947236106,0.878462045891448
CCNA_01669,quintero_wt-lowK_vs_ΔkdpE-lowK,0.131278834014827,0.882169905712783
CCNA_01670,quintero_wt-lowK_vs_ΔkdpE-lowK,7.1276784377031e-4,0.999404812702136
CCNA_01671,quintero_wt-lowK_vs_ΔkdpE-lowK,0.0524803073633483,0.957667449530516
CCNA_01672,quintero_wt-lowK_vs_ΔkdpE-lowK,0.288116273848027,0.319893639269778
CCNA_01673,quintero_wt-lowK_vs_ΔkdpE-lowK,0.263596559766805,0.458529699412056
CCNA_01674,quintero_wt-lowK_vs_ΔkdpE-lowK,0.284027505584019,0.310198919229417
CCNA_01675,quintero_wt-lowK_vs_ΔkdpE-lowK,0.193626245738146,0.600940731512361
CCNA_01676,quintero_wt-lowK_vs_ΔkdpE-lowK,0.0988872820041683,0.885611686096423
CCNA_01677,quintero_wt-lowK_vs_ΔkdpE-lowK,0.274294947296726,0.434877213657694
CCNA_01678,quintero_wt-lowK_vs_ΔkdpE-lowK,0.286861746459346,0.429887277834873
CCNA_01679,quintero_wt-lowK_vs_ΔkdpE-lowK,0.0663968954372818,0.933001706522734
CCNA_01680,quintero_wt-lowK_vs_ΔkdpE-lowK,0.144227578036482,0.798604370536475
CCNA_01681,quintero_wt-lowK_vs_ΔkdpE-lowK,0.470268618212473,0.0783986300666226
CCNA_01682,quintero_wt-lowK_vs_ΔkdpE-lowK,0.11182991398449,0.878462045891448
CCNA_01683,quintero_wt-lowK_vs_ΔkdpE-lowK,0.099109623768449,0.913170513657892
CCNA_01684,quintero_wt-lowK_vs_ΔkdpE-lowK,-0.267663442670387,0.639695382336502
CCNA_01685,quintero_wt-lowK_vs_ΔkdpE-lowK,0.10392594861792,0.902737084551462
CCNA_01686,quintero_wt-lowK_vs_ΔkdpE-lowK,-0.105860094642428,0.860876453879659
CCNA_01687,quintero_wt-lowK_vs_ΔkdpE-lowK,0.0713377226297581,0.933001706522734
CCNA_01688,quintero_wt-lowK_vs_ΔkdpE-lowK,0.0830017305960242,0.907191149765063
CCNA_01689,quintero_wt-lowK_vs_ΔkdpE-lowK,0.149224161017324,0.802618678082021
CCNA_01690,quintero_wt-lowK_vs_ΔkdpE-lowK,0.0420213862097948,0.966276259130522
CCNA_01691,quintero_wt-lowK_vs_ΔkdpE-lowK,0.0745276232119455,0.926000275021732
CCNA_01692,quintero_wt-lowK_vs_ΔkdpE-lowK,-0.362752831949146,0.206918774944846
CCNA_01693,quintero_wt-lowK_vs_ΔkdpE-lowK,0.144119197030343,0.801781680983308
CCNA_01694,quintero_wt-lowK_vs_ΔkdpE-lowK,0.0842404192158709,0.916162964698925
CCNA_01695,quintero_wt-lowK_vs_ΔkdpE-lowK,0.054603032146831,0.948220924133938
CCNA_01696,quintero_wt-lowK_vs_ΔkdpE-lowK,0.109892991220861,0.891096420409521
CCNA_01697,quintero_wt-lowK_vs_ΔkdpE-lowK,-0.0343466996880823,0.973858841046356
CCNA_01698,quintero_wt-lowK_vs_ΔkdpE-lowK,-0.0713007823878249,0.922574044312157
CCNA_01699,quintero_wt-lowK_vs_ΔkdpE-lowK,-0.056797346056141,0.943883074781333
CCNA_01700,quintero_wt-lowK_vs_ΔkdpE-lowK,-1.04887080382681,5.91610999753593e-6
CCNA_01701,quintero_wt-lowK_vs_ΔkdpE-lowK,-0.608327123496066,0.0795558187627529
CCNA_01702,quintero_wt-lowK_vs_ΔkdpE-lowK,-0.701785683521888,0.0185257542259012
CCNA_01703,quintero_wt-lowK_vs_ΔkdpE-lowK,-0.55228410130304,0.0672346548776123
CCNA_01704,quintero_wt-lowK_vs_ΔkdpE-lowK,-0.225851284417555,0.672913512122135
CCNA_01705,quintero_wt-lowK_vs_ΔkdpE-lowK,-0.616614983745819,0.0587961608327685
CCNA_01706,quintero_wt-lowK_vs_ΔkdpE-lowK,-0.338333975426418,0.538329268350282
CCNA_01707,quintero_wt-lowK_vs_ΔkdpE-lowK,-0.274703017840441,0.668533790815862
CCNA_01708,quintero_wt-lowK_vs_ΔkdpE-lowK,-0.152521706581286,0.797347321990269
CCNA_01709,quintero_wt-lowK_vs_ΔkdpE-lowK,-0.0624132653179398,0.946838660291468
CCNA_01710,quintero_wt-lowK_vs_ΔkdpE-lowK,-0.192949241273487,0.615047712117166
CCNA_01711,quintero_wt-lowK_vs_ΔkdpE-lowK,-0.231984774266512,0.566188649944678
CCNA_01712,quintero_wt-lowK_vs_ΔkdpE-lowK,-0.627724975296392,0.00361659028224039
CCNA_01713,quintero_wt-lowK_vs_ΔkdpE-lowK,0.0225649220911094,0.99016359138485
CCNA_03956,quintero_wt-lowK_vs_ΔkdpE-lowK,-0.0463184876358089,NA
CCNA_01714,quintero_wt-lowK_vs_ΔkdpE-lowK,0.338559356834694,0.293046188478442
CCNA_01715,quintero_wt-lowK_vs_ΔkdpE-lowK,0.130100180717119,0.837372971649259
CCNA_01716,quintero_wt-lowK_vs_ΔkdpE-lowK,0.143353798047301,0.838974119457327
CCNA_01717,quintero_wt-lowK_vs_ΔkdpE-lowK,0.100231150780613,0.898866238491272
CCNA_01718,quintero_wt-lowK_vs_ΔkdpE-lowK,0.297534463737003,0.429771484220818
CCNA_01719,quintero_wt-lowK_vs_ΔkdpE-lowK,-0.221289517430782,0.764441124362869
CCNA_03893,quintero_wt-lowK_vs_ΔkdpE-lowK,-0.150600796647167,0.857066690458921
CCNA_01721,quintero_wt-lowK_vs_ΔkdpE-lowK,-0.199302980038547,0.794698084093422
CCNA_01722,quintero_wt-lowK_vs_ΔkdpE-lowK,-0.149995721168603,0.873004097353089
CCNA_01723,quintero_wt-lowK_vs_ΔkdpE-lowK,0.0807145550804605,0.914219273453641
CCNA_01724,quintero_wt-lowK_vs_ΔkdpE-lowK,0.190533172970287,0.656345637640516
CCNA_01725,quintero_wt-lowK_vs_ΔkdpE-lowK,0.154111724111138,0.768618544764916
CCNA_01726,quintero_wt-lowK_vs_ΔkdpE-lowK,0.282260196647096,0.36628892590076
CCNA_01727,quintero_wt-lowK_vs_ΔkdpE-lowK,-0.145249900776826,0.795487438151385
CCNA_01728,quintero_wt-lowK_vs_ΔkdpE-lowK,0.279598476083848,0.469532882775352
CCNA_01729,quintero_wt-lowK_vs_ΔkdpE-lowK,0.220595837867035,0.621553329638494
CCNA_01730,quintero_wt-lowK_vs_ΔkdpE-lowK,0.0486480584857186,0.958927573897016
CCNA_01731,quintero_wt-lowK_vs_ΔkdpE-lowK,0.142422022942285,0.826063400077891
CCNA_01732,quintero_wt-lowK_vs_ΔkdpE-lowK,0.194488540448135,0.71452889236494
CCNA_01733,quintero_wt-lowK_vs_ΔkdpE-lowK,0.276922290163021,0.491667207940304
CCNA_01734,quintero_wt-lowK_vs_ΔkdpE-lowK,-0.045674202112885,0.958927573897016
CCNA_01735,quintero_wt-lowK_vs_ΔkdpE-lowK,0.178641042351982,NA
CCNA_01736,quintero_wt-lowK_vs_ΔkdpE-lowK,0.00390074045864709,0.996622663272792
CCNA_01737,quintero_wt-lowK_vs_ΔkdpE-lowK,-0.0254294263629992,0.98248793002861
CCNA_01738,quintero_wt-lowK_vs_ΔkdpE-lowK,-0.389021197474997,0.218725677986278
CCNA_01739,quintero_wt-lowK_vs_ΔkdpE-lowK,-0.183401345455734,0.76027105147352
CCNA_01740,quintero_wt-lowK_vs_ΔkdpE-lowK,-0.157166437502255,0.831818232412691
CCNA_01741,quintero_wt-lowK_vs_ΔkdpE-lowK,0.0290895076746952,0.982930521322842
CCNA_01742,quintero_wt-lowK_vs_ΔkdpE-lowK,0.0838150626272476,0.901387296495574
CCNA_01743,quintero_wt-lowK_vs_ΔkdpE-lowK,-0.0336252432371985,0.977239158073838
CCNA_01744,quintero_wt-lowK_vs_ΔkdpE-lowK,0.0615430406647654,0.948220924133938
CCNA_01745,quintero_wt-lowK_vs_ΔkdpE-lowK,0.124202728623916,0.855578929489837
CCNA_01746,quintero_wt-lowK_vs_ΔkdpE-lowK,0.120125688622559,0.878462045891448
CCNA_01747,quintero_wt-lowK_vs_ΔkdpE-lowK,-0.0576683872312287,0.958927573897016
CCNA_01748,quintero_wt-lowK_vs_ΔkdpE-lowK,0.0405414285860689,0.966304857621077
CCNA_01749,quintero_wt-lowK_vs_ΔkdpE-lowK,0.252961364289385,0.515105188345461
CCNA_01750,quintero_wt-lowK_vs_ΔkdpE-lowK,-0.0101900972148808,0.996622663272792
CCNA_01751,quintero_wt-lowK_vs_ΔkdpE-lowK,0.0700910736796923,0.92923972462657
CCNA_01752,quintero_wt-lowK_vs_ΔkdpE-lowK,0.039415810483927,0.968427682180628
CCNA_01753,quintero_wt-lowK_vs_ΔkdpE-lowK,-0.249528771020224,0.581780131805135
CCNA_01754,quintero_wt-lowK_vs_ΔkdpE-lowK,-0.127721565603044,0.899771424444528
CCNA_01755,quintero_wt-lowK_vs_ΔkdpE-lowK,0.15614026691821,0.738102640626918
CCNA_01756,quintero_wt-lowK_vs_ΔkdpE-lowK,0.160638459567745,0.853771021002398
CCNA_01757,quintero_wt-lowK_vs_ΔkdpE-lowK,0.165877892186885,0.726746371788918
CCNA_01758,quintero_wt-lowK_vs_ΔkdpE-lowK,0.197948261243926,0.670756078270909
CCNA_01759,quintero_wt-lowK_vs_ΔkdpE-lowK,0.0041452181652914,0.996622663272792
CCNA_01760,quintero_wt-lowK_vs_ΔkdpE-lowK,0.0650840124386332,0.927991969097429
CCNA_01761,quintero_wt-lowK_vs_ΔkdpE-lowK,0.123355408582272,0.834543961670974
CCNA_01762,quintero_wt-lowK_vs_ΔkdpE-lowK,0.212106916540351,0.581780131805135
CCNA_01763,quintero_wt-lowK_vs_ΔkdpE-lowK,-0.0185037604930967,0.988776687908575
CCNA_01764,quintero_wt-lowK_vs_ΔkdpE-lowK,0.0540874591173118,0.948220924133938
CCNA_01765,quintero_wt-lowK_vs_ΔkdpE-lowK,-0.0217584545728522,0.985381992621398
CCNA_01766,quintero_wt-lowK_vs_ΔkdpE-lowK,-0.0821823801012822,0.916162964698925
CCNA_01767,quintero_wt-lowK_vs_ΔkdpE-lowK,-0.148497152552468,0.873056075133951
CCNA_01768,quintero_wt-lowK_vs_ΔkdpE-lowK,0.0389741542432094,0.969567217199533
CCNA_01769,quintero_wt-lowK_vs_ΔkdpE-lowK,0.297743927679817,0.417155168465875
CCNA_01770,quintero_wt-lowK_vs_ΔkdpE-lowK,0.327529491938874,0.354233312154559
CCNA_01771,quintero_wt-lowK_vs_ΔkdpE-lowK,-0.115226082904859,0.913170513657892
CCNA_01772,quintero_wt-lowK_vs_ΔkdpE-lowK,0.0710189708288535,0.942455981670952
CCNA_01773,quintero_wt-lowK_vs_ΔkdpE-lowK,-0.00824548352334457,0.996622663272792
CCNA_01774,quintero_wt-lowK_vs_ΔkdpE-lowK,0.296657749729164,0.41565710797698
CCNA_01775,quintero_wt-lowK_vs_ΔkdpE-lowK,0.291751895282337,0.445915340630936
CCNA_01776,quintero_wt-lowK_vs_ΔkdpE-lowK,0.0803731032625025,0.90472250002508
CCNA_01777,quintero_wt-lowK_vs_ΔkdpE-lowK,0.0924307114138513,0.897528818205775
CCNA_01778,quintero_wt-lowK_vs_ΔkdpE-lowK,0.0388326242257337,0.966276259130522
CCNA_01779,quintero_wt-lowK_vs_ΔkdpE-lowK,-0.260564183840355,0.522736271180382
CCNA_01780,quintero_wt-lowK_vs_ΔkdpE-lowK,0.172888438999253,0.71311698698339
CCNA_01781,quintero_wt-lowK_vs_ΔkdpE-lowK,0.255714557529584,0.636014926784018
CCNA_01782,quintero_wt-lowK_vs_ΔkdpE-lowK,0.0501700901328753,0.958927573897016
CCNA_R0145,quintero_wt-lowK_vs_ΔkdpE-lowK,0.141436453721685,NA
CCNA_01783,quintero_wt-lowK_vs_ΔkdpE-lowK,0.0642262733636376,0.947897745008118
CCNA_01784,quintero_wt-lowK_vs_ΔkdpE-lowK,0.342063477618923,0.253279910789944
CCNA_01785,quintero_wt-lowK_vs_ΔkdpE-lowK,0.301374656559867,0.305163575363701
CCNA_01786,quintero_wt-lowK_vs_ΔkdpE-lowK,-0.0793475959523169,0.925354208681293
CCNA_01787,quintero_wt-lowK_vs_ΔkdpE-lowK,0.0932492434546918,NA
CCNA_R0042,quintero_wt-lowK_vs_ΔkdpE-lowK,0.135033335517252,NA
CCNA_01788,quintero_wt-lowK_vs_ΔkdpE-lowK,-0.193181905936088,0.762874349103779
CCNA_01789,quintero_wt-lowK_vs_ΔkdpE-lowK,-0.093760937385137,0.913015530202387
CCNA_01790,quintero_wt-lowK_vs_ΔkdpE-lowK,0.132984680487032,0.831818232412691
CCNA_01791,quintero_wt-lowK_vs_ΔkdpE-lowK,0.0881527981870805,0.897528818205775
CCNA_01792,quintero_wt-lowK_vs_ΔkdpE-lowK,0.51663511509275,0.0691118416134077
CCNA_01793,quintero_wt-lowK_vs_ΔkdpE-lowK,-0.465255110994561,0.0972100489897318
CCNA_01794,quintero_wt-lowK_vs_ΔkdpE-lowK,-0.106391915345128,0.916162964698925
CCNA_01795,quintero_wt-lowK_vs_ΔkdpE-lowK,0.165593345825394,0.768118964542274
CCNA_01797,quintero_wt-lowK_vs_ΔkdpE-lowK,0.214613606449808,0.614732508978039
CCNA_01799,quintero_wt-lowK_vs_ΔkdpE-lowK,0.248978968313104,0.562206933750991
CCNA_01800,quintero_wt-lowK_vs_ΔkdpE-lowK,0.13606982028255,0.85992181245139
CCNA_01801,quintero_wt-lowK_vs_ΔkdpE-lowK,0.265245925443454,0.5400849380962
CCNA_R0146,quintero_wt-lowK_vs_ΔkdpE-lowK,0,NA
CCNA_01802,quintero_wt-lowK_vs_ΔkdpE-lowK,-0.0249955074693789,0.990640399994165
CCNA_01803,quintero_wt-lowK_vs_ΔkdpE-lowK,-0.218122359399602,0.668533790815862
CCNA_01804,quintero_wt-lowK_vs_ΔkdpE-lowK,-0.220941605687392,0.642387185463284
CCNA_01805,quintero_wt-lowK_vs_ΔkdpE-lowK,-0.238170519750915,0.583126711348477
CCNA_01806,quintero_wt-lowK_vs_ΔkdpE-lowK,-0.0359653498773179,0.966972926487221
CCNA_01807,quintero_wt-lowK_vs_ΔkdpE-lowK,0.0784266519480609,0.922574044312157
CCNA_01808,quintero_wt-lowK_vs_ΔkdpE-lowK,-0.00553820254909126,0.996622663272792
CCNA_01809,quintero_wt-lowK_vs_ΔkdpE-lowK,0.191151995057138,0.668533790815862
CCNA_01810,quintero_wt-lowK_vs_ΔkdpE-lowK,0.231977311501992,0.581780131805135
CCNA_01811,quintero_wt-lowK_vs_ΔkdpE-lowK,0.065937563606708,0.933313267334845
CCNA_01812,quintero_wt-lowK_vs_ΔkdpE-lowK,0.286540950022466,0.391949431735208
CCNA_01813,quintero_wt-lowK_vs_ΔkdpE-lowK,0.277240403419795,0.365526120953999
CCNA_01814,quintero_wt-lowK_vs_ΔkdpE-lowK,0.290281325198176,0.305556636547883
CCNA_01815,quintero_wt-lowK_vs_ΔkdpE-lowK,0.292676571524047,0.284100903545481
CCNA_01816,quintero_wt-lowK_vs_ΔkdpE-lowK,0.084805391118801,0.90472250002508
CCNA_01817,quintero_wt-lowK_vs_ΔkdpE-lowK,-0.282605172729257,0.287174263236173
CCNA_01818,quintero_wt-lowK_vs_ΔkdpE-lowK,-0.120136625620167,0.832818174551146
CCNA_01819,quintero_wt-lowK_vs_ΔkdpE-lowK,0.0146785129054405,0.996622663272792
CCNA_01820,quintero_wt-lowK_vs_ΔkdpE-lowK,-0.134660076740525,0.797312242340999
CCNA_01821,quintero_wt-lowK_vs_ΔkdpE-lowK,-0.128848935875768,0.820789827060551
CCNA_01822,quintero_wt-lowK_vs_ΔkdpE-lowK,-0.41415253935201,0.247665645978826
CCNA_01823,quintero_wt-lowK_vs_ΔkdpE-lowK,0.0109669126177549,NA
CCNA_01824,quintero_wt-lowK_vs_ΔkdpE-lowK,-0.0622007324943781,NA
CCNA_01826,quintero_wt-lowK_vs_ΔkdpE-lowK,-0.264707909024668,0.479520372883687
CCNA_01827,quintero_wt-lowK_vs_ΔkdpE-lowK,-0.268879843547668,0.580340509958106
CCNA_01828,quintero_wt-lowK_vs_ΔkdpE-lowK,-0.0614640007226179,0.936033706842837
CCNA_01829,quintero_wt-lowK_vs_ΔkdpE-lowK,0.252912359047046,0.48876794418108
CCNA_01830,quintero_wt-lowK_vs_ΔkdpE-lowK,-0.233740285272941,0.650899482899031
CCNA_01831,quintero_wt-lowK_vs_ΔkdpE-lowK,-0.21812278456339,0.649684672040208
CCNA_01832,quintero_wt-lowK_vs_ΔkdpE-lowK,0.256189141741921,0.434877213657694
CCNA_01833,quintero_wt-lowK_vs_ΔkdpE-lowK,0.0940579725176919,0.891776851309692
CCNA_01834,quintero_wt-lowK_vs_ΔkdpE-lowK,-0.41057018951998703,0.113909640751727
CCNA_01835,quintero_wt-lowK_vs_ΔkdpE-lowK,-0.194346148706719,0.691644255345783
CCNA_01836,quintero_wt-lowK_vs_ΔkdpE-lowK,-0.313671814625739,0.259026073828802
CCNA_01837,quintero_wt-lowK_vs_ΔkdpE-lowK,0.0937369328039597,0.922574044312157
CCNA_01840,quintero_wt-lowK_vs_ΔkdpE-lowK,0.086268436917782,0.913170513657892
CCNA_01841,quintero_wt-lowK_vs_ΔkdpE-lowK,0.270779801441233,0.403593142540765
CCNA_01842,quintero_wt-lowK_vs_ΔkdpE-lowK,0.332214243157463,0.269734643438536
CCNA_01843,quintero_wt-lowK_vs_ΔkdpE-lowK,0.226424678533451,0.596707186838132
CCNA_01844,quintero_wt-lowK_vs_ΔkdpE-lowK,-0.33806662241649,0.541922084672135
CCNA_01845,quintero_wt-lowK_vs_ΔkdpE-lowK,0.126714814287,0.892561612178293
CCNA_01846,quintero_wt-lowK_vs_ΔkdpE-lowK,0.190779901826922,0.691644255345783
CCNA_01847,quintero_wt-lowK_vs_ΔkdpE-lowK,-0.0641640433860262,0.958927573897016
CCNA_01848,quintero_wt-lowK_vs_ΔkdpE-lowK,0.157065843113129,0.827777044831249
CCNA_01849,quintero_wt-lowK_vs_ΔkdpE-lowK,-0.00577068903361588,0.996622663272792
CCNA_01850,quintero_wt-lowK_vs_ΔkdpE-lowK,-0.0726332887653492,0.943590937062561
CCNA_01851,quintero_wt-lowK_vs_ΔkdpE-lowK,0.429163375515949,0.140158564308131
CCNA_01852,quintero_wt-lowK_vs_ΔkdpE-lowK,-0.452719399941351,0.0788321678118938
CCNA_01853,quintero_wt-lowK_vs_ΔkdpE-lowK,0.939666602116838,3.32218018484341e-5
CCNA_01854,quintero_wt-lowK_vs_ΔkdpE-lowK,0.434197483937537,0.140142520938266
CCNA_R0147,quintero_wt-lowK_vs_ΔkdpE-lowK,0.8031450289424,NA
CCNA_01855,quintero_wt-lowK_vs_ΔkdpE-lowK,1.00689490680979,1.43206568446527e-4
CCNA_01856,quintero_wt-lowK_vs_ΔkdpE-lowK,0.599934241208333,0.0361762001382153
CCNA_01857,quintero_wt-lowK_vs_ΔkdpE-lowK,0.557957823847334,0.125770370538641
CCNA_01858,quintero_wt-lowK_vs_ΔkdpE-lowK,1.36732568802009,3.68011642113638e-8
CCNA_01859,quintero_wt-lowK_vs_ΔkdpE-lowK,NA,NA
CCNA_01860,quintero_wt-lowK_vs_ΔkdpE-lowK,NA,NA
CCNA_01861,quintero_wt-lowK_vs_ΔkdpE-lowK,0.330930168488227,0.336393953608257
CCNA_01862,quintero_wt-lowK_vs_ΔkdpE-lowK,0.318563401739071,0.488537291296175
CCNA_R0148,quintero_wt-lowK_vs_ΔkdpE-lowK,0,NA
CCNA_01863,quintero_wt-lowK_vs_ΔkdpE-lowK,-0.0670328203120803,0.948564388162675
CCNA_01864,quintero_wt-lowK_vs_ΔkdpE-lowK,0.309068956542053,0.372130469045246
CCNA_01865,quintero_wt-lowK_vs_ΔkdpE-lowK,0.0397796667392672,0.966972926487221
CCNA_01866,quintero_wt-lowK_vs_ΔkdpE-lowK,-0.0542920887012935,0.958927573897016
CCNA_R0149,quintero_wt-lowK_vs_ΔkdpE-lowK,0.120884356079813,NA
CCNA_03894,quintero_wt-lowK_vs_ΔkdpE-lowK,0.0340201288421565,0.97615326882086
CCNA_01868,quintero_wt-lowK_vs_ΔkdpE-lowK,0.272084324211971,0.613445408711739
CCNA_01869,quintero_wt-lowK_vs_ΔkdpE-lowK,0.142608117715437,0.812440502739885
CCNA_01870,quintero_wt-lowK_vs_ΔkdpE-lowK,0.134349949456313,0.814584236860642
CCNA_03895,quintero_wt-lowK_vs_ΔkdpE-lowK,0.0807097486477639,NA
CCNA_01873,quintero_wt-lowK_vs_ΔkdpE-lowK,0.00768878587550334,NA
CCNA_01874,quintero_wt-lowK_vs_ΔkdpE-lowK,0.107952442481904,0.922574044312157
CCNA_01875,quintero_wt-lowK_vs_ΔkdpE-lowK,-0.0403358747344197,0.973557788736547
CCNA_01876,quintero_wt-lowK_vs_ΔkdpE-lowK,0.0194103517928823,0.994600242562073
CCNA_01877,quintero_wt-lowK_vs_ΔkdpE-lowK,-0.0717189795433634,0.941314197588099
CCNA_01878,quintero_wt-lowK_vs_ΔkdpE-lowK,0.0625146269825064,0.954034318977735
CCNA_01879,quintero_wt-lowK_vs_ΔkdpE-lowK,-0.107512120017993,NA
CCNA_01880,quintero_wt-lowK_vs_ΔkdpE-lowK,0.188508957906326,NA
CCNA_01881,quintero_wt-lowK_vs_ΔkdpE-lowK,0.102342388755981,NA
CCNA_01882,quintero_wt-lowK_vs_ΔkdpE-lowK,0.0183922254784804,0.996622663272792
CCNA_01883,quintero_wt-lowK_vs_ΔkdpE-lowK,-0.0871432719846181,0.927991969097429
CCNA_01884,quintero_wt-lowK_vs_ΔkdpE-lowK,-0.0392763223780369,0.973557788736547
CCNA_01885,quintero_wt-lowK_vs_ΔkdpE-lowK,0.0664019830383849,0.948220924133938
CCNA_01886,quintero_wt-lowK_vs_ΔkdpE-lowK,0.00249140434072337,0.997153950419272
CCNA_01888,quintero_wt-lowK_vs_ΔkdpE-lowK,-0.0490358465612589,0.958927573897016
CCNA_01889,quintero_wt-lowK_vs_ΔkdpE-lowK,0.00707059235590298,0.996622663272792
CCNA_01890,quintero_wt-lowK_vs_ΔkdpE-lowK,-0.17489620451631,0.768618544764916
CCNA_01891,quintero_wt-lowK_vs_ΔkdpE-lowK,0.101113691204785,0.913170513657892
CCNA_01892,quintero_wt-lowK_vs_ΔkdpE-lowK,0.0233644878843068,0.993049546378912
CCNA_01893,quintero_wt-lowK_vs_ΔkdpE-lowK,0.163572055386773,NA
CCNA_01894,quintero_wt-lowK_vs_ΔkdpE-lowK,0.274835963897005,0.600940731512361
CCNA_01895,quintero_wt-lowK_vs_ΔkdpE-lowK,0.249144877578582,0.599435273458696
CCNA_R0150,quintero_wt-lowK_vs_ΔkdpE-lowK,-0.114269448898625,NA
CCNA_01896,quintero_wt-lowK_vs_ΔkdpE-lowK,0.0344686134791502,0.981156857180441
CCNA_01897,quintero_wt-lowK_vs_ΔkdpE-lowK,0.112314297847063,0.888070713772228
CCNA_01898,quintero_wt-lowK_vs_ΔkdpE-lowK,0.419030422061983,0.0907536313807944
CCNA_01899,quintero_wt-lowK_vs_ΔkdpE-lowK,0.190513308545062,0.661208813560314
CCNA_01900,quintero_wt-lowK_vs_ΔkdpE-lowK,0.136662758613488,0.812973024734299
CCNA_01901,quintero_wt-lowK_vs_ΔkdpE-lowK,-0.0478415157933304,0.954034318977735
CCNA_R0043,quintero_wt-lowK_vs_ΔkdpE-lowK,0.184118731704571,NA
CCNA_01902,quintero_wt-lowK_vs_ΔkdpE-lowK,0.0821130352479438,0.937919850727579
CCNA_01903,quintero_wt-lowK_vs_ΔkdpE-lowK,0.0209696210047159,0.990640399994165
CCNA_01904,quintero_wt-lowK_vs_ΔkdpE-lowK,0.0735140502456405,0.947897745008118
CCNA_01905,quintero_wt-lowK_vs_ΔkdpE-lowK,-0.0119348470644547,0.996622663272792
CCNA_01906,quintero_wt-lowK_vs_ΔkdpE-lowK,0.11161466105819,0.897367818490869
CCNA_01907,quintero_wt-lowK_vs_ΔkdpE-lowK,0.255127176723807,NA
CCNA_01908,quintero_wt-lowK_vs_ΔkdpE-lowK,0.020668528630957,NA
CCNA_01909,quintero_wt-lowK_vs_ΔkdpE-lowK,0.373647412570488,0.201160524670674
CCNA_01910,quintero_wt-lowK_vs_ΔkdpE-lowK,-0.300801240804726,0.476272656664632
CCNA_01911,quintero_wt-lowK_vs_ΔkdpE-lowK,-0.46746428460066,0.161047214036662
CCNA_01912,quintero_wt-lowK_vs_ΔkdpE-lowK,-0.0652777871550664,0.94404726885049
CCNA_01913,quintero_wt-lowK_vs_ΔkdpE-lowK,-0.0383629758344019,0.971749206440118
CCNA_01914,quintero_wt-lowK_vs_ΔkdpE-lowK,0.242186897168827,0.538329268350282
CCNA_01915,quintero_wt-lowK_vs_ΔkdpE-lowK,0.210494749691436,0.653204249289062
CCNA_03957,quintero_wt-lowK_vs_ΔkdpE-lowK,0.463554839066014,0.212431560653309
CCNA_01916,quintero_wt-lowK_vs_ΔkdpE-lowK,0.116191070466937,0.858317146343015
CCNA_R0044,quintero_wt-lowK_vs_ΔkdpE-lowK,0.0632713002262974,NA
CCNA_01917,quintero_wt-lowK_vs_ΔkdpE-lowK,-0.11740688059291,0.831818232412691
CCNA_01918,quintero_wt-lowK_vs_ΔkdpE-lowK,0.188270694880047,0.661921920955506
CCNA_01919,quintero_wt-lowK_vs_ΔkdpE-lowK,-0.12093518772504,0.832818174551146
CCNA_01920,quintero_wt-lowK_vs_ΔkdpE-lowK,0.0733031615798223,0.933001706522734
CCNA_01921,quintero_wt-lowK_vs_ΔkdpE-lowK,0.177124520610454,0.797312242340999
CCNA_01922,quintero_wt-lowK_vs_ΔkdpE-lowK,0.050188382362307,0.962869390746375
CCNA_01923,quintero_wt-lowK_vs_ΔkdpE-lowK,0.386248319818196,0.134204888850707
CCNA_01924,quintero_wt-lowK_vs_ΔkdpE-lowK,0.0126705357469838,0.996622663272792
CCNA_01925,quintero_wt-lowK_vs_ΔkdpE-lowK,-0.227772573287406,0.541545863473512
CCNA_01926,quintero_wt-lowK_vs_ΔkdpE-lowK,-0.13578173811884,0.775202555370571
CCNA_01927,quintero_wt-lowK_vs_ΔkdpE-lowK,-0.216081486044725,0.56370262925549
CCNA_01928,quintero_wt-lowK_vs_ΔkdpE-lowK,-0.128234890730129,0.841292106577595
CCNA_01929,quintero_wt-lowK_vs_ΔkdpE-lowK,0.0836366208761939,0.913380709390488
CCNA_01930,quintero_wt-lowK_vs_ΔkdpE-lowK,-0.0664805681359204,0.94073618163342
CCNA_01931,quintero_wt-lowK_vs_ΔkdpE-lowK,-0.329564020257983,0.268119996371123
CCNA_01932,quintero_wt-lowK_vs_ΔkdpE-lowK,-0.0590948988491368,0.948220924133938
CCNA_01933,quintero_wt-lowK_vs_ΔkdpE-lowK,-0.0705799545340646,0.943392222963534
CCNA_01934,quintero_wt-lowK_vs_ΔkdpE-lowK,-0.305349237620436,0.334780614754131
CCNA_01935,quintero_wt-lowK_vs_ΔkdpE-lowK,-0.244289784936392,0.509869544259708
CCNA_01936,quintero_wt-lowK_vs_ΔkdpE-lowK,-0.0405718250128578,0.967788920691794
CCNA_01937,quintero_wt-lowK_vs_ΔkdpE-lowK,-0.137087569503155,0.843399174598858
CCNA_01938,quintero_wt-lowK_vs_ΔkdpE-lowK,-0.318993976667034,0.415355809982794
CCNA_01939,quintero_wt-lowK_vs_ΔkdpE-lowK,-0.326438956505844,0.488537291296175
CCNA_01940,quintero_wt-lowK_vs_ΔkdpE-lowK,-0.170180186954408,0.812440502739885
CCNA_R0151,quintero_wt-lowK_vs_ΔkdpE-lowK,0,NA
CCNA_01941,quintero_wt-lowK_vs_ΔkdpE-lowK,0.16200660110661,0.768118964542274
CCNA_01942,quintero_wt-lowK_vs_ΔkdpE-lowK,0.142893728690063,0.818522613395672
CCNA_01943,quintero_wt-lowK_vs_ΔkdpE-lowK,0.205562015216111,0.636014926784018
CCNA_01944,quintero_wt-lowK_vs_ΔkdpE-lowK,0.123557676374082,0.878462045891448
CCNA_R0152,quintero_wt-lowK_vs_ΔkdpE-lowK,0.228885906450902,NA
CCNA_01945,quintero_wt-lowK_vs_ΔkdpE-lowK,0.131269959782267,0.826725830637318
CCNA_03958,quintero_wt-lowK_vs_ΔkdpE-lowK,-0.141883455045025,0.853771021002398
CCNA_01946,quintero_wt-lowK_vs_ΔkdpE-lowK,-0.165679392982255,0.760218860735251
CCNA_01947,quintero_wt-lowK_vs_ΔkdpE-lowK,0.0795862017108593,0.910927646949931
CCNA_01948,quintero_wt-lowK_vs_ΔkdpE-lowK,0.224912170638645,0.529975013509478
CCNA_01949,quintero_wt-lowK_vs_ΔkdpE-lowK,0.105008733175948,0.875165625311806
CCNA_01950,quintero_wt-lowK_vs_ΔkdpE-lowK,0.102924382144774,0.90472250002508
CCNA_01951,quintero_wt-lowK_vs_ΔkdpE-lowK,-0.00990559728122951,0.996622663272792
CCNA_01952,quintero_wt-lowK_vs_ΔkdpE-lowK,-0.0935080202301002,0.88536847441395
CCNA_03959,quintero_wt-lowK_vs_ΔkdpE-lowK,0.0147457323702548,0.996622663272792
CCNA_01954,quintero_wt-lowK_vs_ΔkdpE-lowK,-0.0702436358274435,0.930440907772699
CCNA_01955,quintero_wt-lowK_vs_ΔkdpE-lowK,-0.0437169609575283,0.966304857621077
CCNA_01956,quintero_wt-lowK_vs_ΔkdpE-lowK,0.0739248032822517,0.916162964698925
CCNA_01957,quintero_wt-lowK_vs_ΔkdpE-lowK,0.130004741661346,0.826725830637318
CCNA_01958,quintero_wt-lowK_vs_ΔkdpE-lowK,-0.0244232975194674,NA
CCNA_01959,quintero_wt-lowK_vs_ΔkdpE-lowK,0.124992808924267,0.843966926119693
CCNA_01960,quintero_wt-lowK_vs_ΔkdpE-lowK,-0.116655282027703,0.883391029527558
CCNA_01961,quintero_wt-lowK_vs_ΔkdpE-lowK,0.0700310656939653,0.937919850727579
CCNA_01962,quintero_wt-lowK_vs_ΔkdpE-lowK,0.288169421428213,0.532364044240539
CCNA_01963,quintero_wt-lowK_vs_ΔkdpE-lowK,0.142223194493718,0.810124255719308
CCNA_01964,quintero_wt-lowK_vs_ΔkdpE-lowK,0.107600816500951,0.873004097353089
CCNA_01966,quintero_wt-lowK_vs_ΔkdpE-lowK,0.117146522620751,0.840556075826212
CCNA_01967,quintero_wt-lowK_vs_ΔkdpE-lowK,-0.0990192517486435,0.878462045891448
CCNA_01968,quintero_wt-lowK_vs_ΔkdpE-lowK,-0.695825204480053,0.0185257542259012
CCNA_01969,quintero_wt-lowK_vs_ΔkdpE-lowK,0.365371643250448,0.229451586849817
CCNA_01970,quintero_wt-lowK_vs_ΔkdpE-lowK,0.184236369204488,0.739822235816615
CCNA_01971,quintero_wt-lowK_vs_ΔkdpE-lowK,0.0697968146046331,0.930440907772699
CCNA_01972,quintero_wt-lowK_vs_ΔkdpE-lowK,-0.0670155191213393,0.933313267334845
CCNA_01973,quintero_wt-lowK_vs_ΔkdpE-lowK,0.245279933076373,0.615803694837933
CCNA_01974,quintero_wt-lowK_vs_ΔkdpE-lowK,0.0876690523756219,0.910927646949931
CCNA_01975,quintero_wt-lowK_vs_ΔkdpE-lowK,0.109432289777066,0.886099568394476
CCNA_01976,quintero_wt-lowK_vs_ΔkdpE-lowK,0.0300853134490441,0.982788958867501
CCNA_01977,quintero_wt-lowK_vs_ΔkdpE-lowK,-0.0453550103618316,0.961905799823269
CCNA_01978,quintero_wt-lowK_vs_ΔkdpE-lowK,0.32091293413307,0.310198919229417
CCNA_01979,quintero_wt-lowK_vs_ΔkdpE-lowK,0.144996218444166,0.797312242340999
CCNA_01980,quintero_wt-lowK_vs_ΔkdpE-lowK,0.00746328906640418,0.996622663272792
CCNA_01981,quintero_wt-lowK_vs_ΔkdpE-lowK,-0.0875382300152672,0.920280456034305
CCNA_03960,quintero_wt-lowK_vs_ΔkdpE-lowK,-0.0218674454651906,0.990640399994165
CCNA_01982,quintero_wt-lowK_vs_ΔkdpE-lowK,0.289428652101682,0.459098603090646
CCNA_01983,quintero_wt-lowK_vs_ΔkdpE-lowK,-0.140591305242275,0.816843318195509
CCNA_01984,quintero_wt-lowK_vs_ΔkdpE-lowK,-0.254595062045989,NA
CCNA_01985,quintero_wt-lowK_vs_ΔkdpE-lowK,-0.472766255670775,0.0361762001382153
CCNA_01986,quintero_wt-lowK_vs_ΔkdpE-lowK,-0.25199546214213697,0.504167252525351
CCNA_01987,quintero_wt-lowK_vs_ΔkdpE-lowK,-0.16827624268519,0.789405409722789
CCNA_01988,quintero_wt-lowK_vs_ΔkdpE-lowK,-0.169621734050457,0.755246079750994
CCNA_01989,quintero_wt-lowK_vs_ΔkdpE-lowK,-0.0705237777681514,0.933001706522734
CCNA_01990,quintero_wt-lowK_vs_ΔkdpE-lowK,-0.048377414020467,0.958927573897016
CCNA_01991,quintero_wt-lowK_vs_ΔkdpE-lowK,-0.143533924978244,0.801781680983308
CCNA_01992,quintero_wt-lowK_vs_ΔkdpE-lowK,0.0414043153313819,0.966276259130522
CCNA_01993,quintero_wt-lowK_vs_ΔkdpE-lowK,-0.0210851527494114,0.983285041339937
CCNA_01994,quintero_wt-lowK_vs_ΔkdpE-lowK,0.0466058118226389,0.958927573897016
CCNA_01995,quintero_wt-lowK_vs_ΔkdpE-lowK,-0.0325125463456399,0.974743822317701
CCNA_01996,quintero_wt-lowK_vs_ΔkdpE-lowK,-0.0481160808452153,0.958927573897016
CCNA_01997,quintero_wt-lowK_vs_ΔkdpE-lowK,0.0182447047950821,0.988776687908575
CCNA_01998,quintero_wt-lowK_vs_ΔkdpE-lowK,0.129772614793782,0.832818174551146
CCNA_01999,quintero_wt-lowK_vs_ΔkdpE-lowK,-0.106030167020869,0.90472250002508
CCNA_02000,quintero_wt-lowK_vs_ΔkdpE-lowK,-0.0960631782126548,0.907191149765063
CCNA_02001,quintero_wt-lowK_vs_ΔkdpE-lowK,-0.266636549428713,0.483670601447068
CCNA_02002,quintero_wt-lowK_vs_ΔkdpE-lowK,-0.0164382186155681,0.996622663272792
CCNA_02003,quintero_wt-lowK_vs_ΔkdpE-lowK,-0.144948029343493,0.756952627765784
CCNA_02004,quintero_wt-lowK_vs_ΔkdpE-lowK,0.128241969607177,0.888070713772228
CCNA_02005,quintero_wt-lowK_vs_ΔkdpE-lowK,0.308399818393683,0.305163575363701
CCNA_02006,quintero_wt-lowK_vs_ΔkdpE-lowK,-0.0777057438005654,0.930440907772699
CCNA_02007,quintero_wt-lowK_vs_ΔkdpE-lowK,0.0742628607609185,0.922574044312157
CCNA_02008,quintero_wt-lowK_vs_ΔkdpE-lowK,0.172912467467,0.727551258370868
CCNA_02009,quintero_wt-lowK_vs_ΔkdpE-lowK,-0.112878137685394,0.884745195879276
CCNA_02010,quintero_wt-lowK_vs_ΔkdpE-lowK,-0.261838048135949,0.538436537362675
CCNA_02011,quintero_wt-lowK_vs_ΔkdpE-lowK,-0.151930439648649,0.798662605460421
CCNA_02012,quintero_wt-lowK_vs_ΔkdpE-lowK,-0.124582282758217,0.826063400077891
CCNA_02013,quintero_wt-lowK_vs_ΔkdpE-lowK,-0.216450031786043,0.621553329638494
CCNA_02014,quintero_wt-lowK_vs_ΔkdpE-lowK,-0.205203124715503,0.764441124362869
CCNA_02015,quintero_wt-lowK_vs_ΔkdpE-lowK,-0.548204225867582,0.0185257542259012
CCNA_02016,quintero_wt-lowK_vs_ΔkdpE-lowK,-0.495519600168345,0.0432191996305738
CCNA_02017,quintero_wt-lowK_vs_ΔkdpE-lowK,-0.334525051798794,0.31751452932291
CCNA_02018,quintero_wt-lowK_vs_ΔkdpE-lowK,-0.311424220029066,0.35889710946827
CCNA_02019,quintero_wt-lowK_vs_ΔkdpE-lowK,-0.342371094483287,0.285437807976855
CCNA_02020,quintero_wt-lowK_vs_ΔkdpE-lowK,-0.389140639357004,0.152595486073165
CCNA_03961,quintero_wt-lowK_vs_ΔkdpE-lowK,-0.278890334385446,0.610304351912135
CCNA_02021,quintero_wt-lowK_vs_ΔkdpE-lowK,-0.420810829928125,0.119593512027005
CCNA_02022,quintero_wt-lowK_vs_ΔkdpE-lowK,-0.494466643130022,0.0454583115266595
CCNA_02023,quintero_wt-lowK_vs_ΔkdpE-lowK,-0.349519017889926,0.258705856331913
CCNA_02024,quintero_wt-lowK_vs_ΔkdpE-lowK,-0.263931019311112,0.500432556298532
CCNA_02025,quintero_wt-lowK_vs_ΔkdpE-lowK,-0.294031069630021,0.306022282002648
CCNA_02026,quintero_wt-lowK_vs_ΔkdpE-lowK,-0.391323564848467,0.208618484929402
CCNA_02027,quintero_wt-lowK_vs_ΔkdpE-lowK,-0.364128041592511,0.196342109274707
CCNA_02028,quintero_wt-lowK_vs_ΔkdpE-lowK,-0.358572784095187,0.192685323050422
CCNA_02029,quintero_wt-lowK_vs_ΔkdpE-lowK,-0.29969835433646,0.412982657221511
CCNA_02030,quintero_wt-lowK_vs_ΔkdpE-lowK,-0.179090117414148,0.701736271583287
CCNA_02031,quintero_wt-lowK_vs_ΔkdpE-lowK,-0.0236459335762134,0.985381992621398
CCNA_02032,quintero_wt-lowK_vs_ΔkdpE-lowK,0.0111493132516194,0.996622663272792
CCNA_02033,quintero_wt-lowK_vs_ΔkdpE-lowK,0.0844381951465571,0.903533007782693
CCNA_R0045,quintero_wt-lowK_vs_ΔkdpE-lowK,0.421002138878731,0.259946210026521
CCNA_R0046,quintero_wt-lowK_vs_ΔkdpE-lowK,0.2397168416763,0.681836803848397
CCNA_02034,quintero_wt-lowK_vs_ΔkdpE-lowK,-0.267542164726323,0.479520372883687
CCNA_02035,quintero_wt-lowK_vs_ΔkdpE-lowK,-0.429421415507564,0.0594006738766706
CCNA_R0047,quintero_wt-lowK_vs_ΔkdpE-lowK,-0.133971143244223,0.853771021002398
CCNA_02036,quintero_wt-lowK_vs_ΔkdpE-lowK,-0.0380688053619703,0.966276259130522
CCNA_02037,quintero_wt-lowK_vs_ΔkdpE-lowK,-0.330675603776252,0.357110497571672
CCNA_02039,quintero_wt-lowK_vs_ΔkdpE-lowK,-0.186094426365818,0.621553329638494
CCNA_02040,quintero_wt-lowK_vs_ΔkdpE-lowK,0.00470645923122585,0.996622663272792
CCNA_02041,quintero_wt-lowK_vs_ΔkdpE-lowK,-0.218955871959144,0.538329268350282
CCNA_02042,quintero_wt-lowK_vs_ΔkdpE-lowK,0.214002730286243,0.681836803848397
CCNA_R0048,quintero_wt-lowK_vs_ΔkdpE-lowK,0.179453135777586,0.831818232412691
CCNA_02043,quintero_wt-lowK_vs_ΔkdpE-lowK,-0.0623726787464314,0.940098346371746
CCNA_02044,quintero_wt-lowK_vs_ΔkdpE-lowK,-0.3991538012433,0.195300326124741
CCNA_02045,quintero_wt-lowK_vs_ΔkdpE-lowK,-0.362313814574993,0.181355943385678
CCNA_02046,quintero_wt-lowK_vs_ΔkdpE-lowK,0.512703987072538,0.0192190795966816
CCNA_02047,quintero_wt-lowK_vs_ΔkdpE-lowK,0.299188329299521,0.417155168465875
CCNA_02048,quintero_wt-lowK_vs_ΔkdpE-lowK,0.0543017615301888,0.959196073730059
CCNA_02049,quintero_wt-lowK_vs_ΔkdpE-lowK,0.0139802766837453,0.996622663272792
CCNA_02050,quintero_wt-lowK_vs_ΔkdpE-lowK,0.355768199336565,0.276386748715929
CCNA_02051,quintero_wt-lowK_vs_ΔkdpE-lowK,0.149935923563358,0.838974119457327
CCNA_02052,quintero_wt-lowK_vs_ΔkdpE-lowK,0.227755904172519,0.479520372883687
CCNA_02053,quintero_wt-lowK_vs_ΔkdpE-lowK,0.310573291646081,0.372130469045246
CCNA_02054,quintero_wt-lowK_vs_ΔkdpE-lowK,-0.0021954546465573,0.997153950419272
CCNA_02055,quintero_wt-lowK_vs_ΔkdpE-lowK,-0.026885295522302802,NA
CCNA_02056,quintero_wt-lowK_vs_ΔkdpE-lowK,0.0224316659161866,0.985022854056456
CCNA_02057,quintero_wt-lowK_vs_ΔkdpE-lowK,-0.0522547409126087,0.958927573897016
CCNA_02058,quintero_wt-lowK_vs_ΔkdpE-lowK,-0.112185685547301,0.860064622125898
CCNA_R0153,quintero_wt-lowK_vs_ΔkdpE-lowK,0,NA
CCNA_02059,quintero_wt-lowK_vs_ΔkdpE-lowK,0.026715871555793,0.978652377991815
CCNA_02060,quintero_wt-lowK_vs_ΔkdpE-lowK,-0.134064025105723,0.87249631236259
CCNA_02061,quintero_wt-lowK_vs_ΔkdpE-lowK,0.143749062703651,0.797312242340999
CCNA_02062,quintero_wt-lowK_vs_ΔkdpE-lowK,0.106377014273002,0.857066690458921
CCNA_02063,quintero_wt-lowK_vs_ΔkdpE-lowK,0.153215990706586,0.795487438151385
CCNA_02064,quintero_wt-lowK_vs_ΔkdpE-lowK,0.0784963434188078,0.927780362284331
CCNA_02065,quintero_wt-lowK_vs_ΔkdpE-lowK,-0.061336377305345,0.938322087100988
CCNA_02066,quintero_wt-lowK_vs_ΔkdpE-lowK,0.115064280395681,0.90472250002508
CCNA_02067,quintero_wt-lowK_vs_ΔkdpE-lowK,-0.00944441122153869,0.996622663272792
CCNA_02068,quintero_wt-lowK_vs_ΔkdpE-lowK,-0.123953432365979,0.873472300982071
CCNA_02069,quintero_wt-lowK_vs_ΔkdpE-lowK,-0.308860260550317,0.3686000467595
CCNA_02070,quintero_wt-lowK_vs_ΔkdpE-lowK,0.0784336154327046,0.927991969097429
CCNA_02071,quintero_wt-lowK_vs_ΔkdpE-lowK,-0.008387465906856,0.996622663272792
CCNA_02072,quintero_wt-lowK_vs_ΔkdpE-lowK,0.311297377644808,0.334780614754131
CCNA_02073,quintero_wt-lowK_vs_ΔkdpE-lowK,0.00304629423453027,0.997335077762414
CCNA_02074,quintero_wt-lowK_vs_ΔkdpE-lowK,-0.018504791420841,0.990640399994165
CCNA_02075,quintero_wt-lowK_vs_ΔkdpE-lowK,-0.146967098139661,0.762209683777962
CCNA_02076,quintero_wt-lowK_vs_ΔkdpE-lowK,0.0290626695278596,0.976887414468099
CCNA_02077,quintero_wt-lowK_vs_ΔkdpE-lowK,0.0901148185377448,0.914219273453641
CCNA_02078,quintero_wt-lowK_vs_ΔkdpE-lowK,0.180884821940877,0.642387185463284
CCNA_03896,quintero_wt-lowK_vs_ΔkdpE-lowK,0.391695157597175,0.140976485807135
CCNA_02080,quintero_wt-lowK_vs_ΔkdpE-lowK,-0.0616527148752548,0.937919850727579
CCNA_02081,quintero_wt-lowK_vs_ΔkdpE-lowK,0.00616808738293993,0.996622663272792
CCNA_02082,quintero_wt-lowK_vs_ΔkdpE-lowK,-0.119442320645949,0.869108756192533
CCNA_02083,quintero_wt-lowK_vs_ΔkdpE-lowK,0.0305706226946313,0.974433074860177
CCNA_02084,quintero_wt-lowK_vs_ΔkdpE-lowK,0.117326778792986,0.850447983125455
CCNA_02085,quintero_wt-lowK_vs_ΔkdpE-lowK,0.164981676784852,0.727551258370868
CCNA_02086,quintero_wt-lowK_vs_ΔkdpE-lowK,0.0594595800482161,0.934624332448311
CCNA_02087,quintero_wt-lowK_vs_ΔkdpE-lowK,-0.0335581717568852,0.973557788736547
CCNA_02088,quintero_wt-lowK_vs_ΔkdpE-lowK,-0.312121760130585,0.284534577046309
CCNA_02089,quintero_wt-lowK_vs_ΔkdpE-lowK,-0.14860800347785,0.810901349375607
CCNA_02090,quintero_wt-lowK_vs_ΔkdpE-lowK,0.0261405855407328,0.982930521322842
CCNA_02091,quintero_wt-lowK_vs_ΔkdpE-lowK,0.125640107864733,0.841292106577595
CCNA_02092,quintero_wt-lowK_vs_ΔkdpE-lowK,0.127309091694391,0.831818232412691
CCNA_02093,quintero_wt-lowK_vs_ΔkdpE-lowK,-0.134791496440533,0.802539892773751
CCNA_02094,quintero_wt-lowK_vs_ΔkdpE-lowK,0.103648574380626,0.88605820747633
CCNA_02095,quintero_wt-lowK_vs_ΔkdpE-lowK,-0.330375795046032,0.307459321758756
CCNA_02096,quintero_wt-lowK_vs_ΔkdpE-lowK,-0.304968986181882,0.312392896227525
CCNA_02097,quintero_wt-lowK_vs_ΔkdpE-lowK,-0.00150810948760908,0.997836432254234
CCNA_02098,quintero_wt-lowK_vs_ΔkdpE-lowK,0.237447899141173,0.545703966306825
CCNA_02099,quintero_wt-lowK_vs_ΔkdpE-lowK,0.182785549947262,0.735230341416085
CCNA_02100,quintero_wt-lowK_vs_ΔkdpE-lowK,0.077111174644015,0.933001706522734
CCNA_02101,quintero_wt-lowK_vs_ΔkdpE-lowK,0.29580260819955,0.400101840898544
CCNA_02102,quintero_wt-lowK_vs_ΔkdpE-lowK,0.0018534399878962,0.997836432254234
CCNA_02103,quintero_wt-lowK_vs_ΔkdpE-lowK,0.0140049462056172,0.996622663272792
CCNA_02104,quintero_wt-lowK_vs_ΔkdpE-lowK,-0.147720005899006,0.832505785673961
CCNA_02105,quintero_wt-lowK_vs_ΔkdpE-lowK,-0.335613633593795,0.340219119915622
CCNA_02106,quintero_wt-lowK_vs_ΔkdpE-lowK,-0.0545525346978355,0.957335194300047
CCNA_02108,quintero_wt-lowK_vs_ΔkdpE-lowK,-0.11729438873962,0.83255333508349
CCNA_02109,quintero_wt-lowK_vs_ΔkdpE-lowK,-0.0639893582757084,0.947897745008118
CCNA_02110,quintero_wt-lowK_vs_ΔkdpE-lowK,-0.130681789932406,0.870322712625402
CCNA_02111,quintero_wt-lowK_vs_ΔkdpE-lowK,-0.00780577213861064,0.996622663272792
CCNA_02112,quintero_wt-lowK_vs_ΔkdpE-lowK,-0.0365685908220289,0.966972926487221
CCNA_02113,quintero_wt-lowK_vs_ΔkdpE-lowK,-0.0314308394467608,0.973557788736547
CCNA_02114,quintero_wt-lowK_vs_ΔkdpE-lowK,-0.36560127779037,0.497740714631152
CCNA_02115,quintero_wt-lowK_vs_ΔkdpE-lowK,-0.275742768729653,0.57646351041714206
CCNA_02116,quintero_wt-lowK_vs_ΔkdpE-lowK,0.0810779555078903,0.937919850727579
CCNA_02117,quintero_wt-lowK_vs_ΔkdpE-lowK,0.130726724708977,0.869108756192533
CCNA_02118,quintero_wt-lowK_vs_ΔkdpE-lowK,0.137193945717948,0.797312242340999
CCNA_02119,quintero_wt-lowK_vs_ΔkdpE-lowK,-0.0264428585231823,0.982930521322842
CCNA_02120,quintero_wt-lowK_vs_ΔkdpE-lowK,-0.148333633072351,0.802618678082021
CCNA_02121,quintero_wt-lowK_vs_ΔkdpE-lowK,0.129240371164384,0.822002845657489
CCNA_02122,quintero_wt-lowK_vs_ΔkdpE-lowK,-0.0747476276099512,0.943590937062561
CCNA_02123,quintero_wt-lowK_vs_ΔkdpE-lowK,0.305889669994771,0.528551490836619
CCNA_02124,quintero_wt-lowK_vs_ΔkdpE-lowK,0.0458572196607156,0.958927573897016
CCNA_02125,quintero_wt-lowK_vs_ΔkdpE-lowK,0.0131588675728809,0.996622663272792
CCNA_02126,quintero_wt-lowK_vs_ΔkdpE-lowK,0.0978704049292811,0.916162964698925
CCNA_02127,quintero_wt-lowK_vs_ΔkdpE-lowK,0.0520157895096454,0.948220924133938
CCNA_02128,quintero_wt-lowK_vs_ΔkdpE-lowK,-0.489555677213598,0.0538449171541648
CCNA_02129,quintero_wt-lowK_vs_ΔkdpE-lowK,-0.343555210178172,0.261842230666197
CCNA_02130,quintero_wt-lowK_vs_ΔkdpE-lowK,0.0694919091671013,0.92923972462657
CCNA_02131,quintero_wt-lowK_vs_ΔkdpE-lowK,-0.0269775529523951,0.978921573733171
CCNA_02132,quintero_wt-lowK_vs_ΔkdpE-lowK,-0.0473332317907291,0.958927573897016
CCNA_02133,quintero_wt-lowK_vs_ΔkdpE-lowK,-0.153196522314291,0.739006622465662
CCNA_02134,quintero_wt-lowK_vs_ΔkdpE-lowK,-0.173621647427617,0.701736271583287
CCNA_02135,quintero_wt-lowK_vs_ΔkdpE-lowK,-0.155889784993112,0.727551258370868
CCNA_02136,quintero_wt-lowK_vs_ΔkdpE-lowK,-0.148097733378292,0.76027105147352
CCNA_02137,quintero_wt-lowK_vs_ΔkdpE-lowK,0.0723519649429383,0.933001706522734
CCNA_02138,quintero_wt-lowK_vs_ΔkdpE-lowK,-0.335267955973188,0.25824769080248
CCNA_02139,quintero_wt-lowK_vs_ΔkdpE-lowK,-0.131508788011546,0.806222822369108
CCNA_02140,quintero_wt-lowK_vs_ΔkdpE-lowK,-0.143432832549111,0.798662605460421
CCNA_02141,quintero_wt-lowK_vs_ΔkdpE-lowK,-0.217005176926519,0.642387185463284
CCNA_02142,quintero_wt-lowK_vs_ΔkdpE-lowK,-0.214071499712279,0.532753463119671
CCNA_02143,quintero_wt-lowK_vs_ΔkdpE-lowK,-0.448307593687535,0.0541741244452485
CCNA_02144,quintero_wt-lowK_vs_ΔkdpE-lowK,-0.389511904482922,0.25824769080248
CCNA_02145,quintero_wt-lowK_vs_ΔkdpE-lowK,-0.146568822116954,0.822002845657489
CCNA_02146,quintero_wt-lowK_vs_ΔkdpE-lowK,-0.163382705654245,0.825616583224396
CCNA_02147,quintero_wt-lowK_vs_ΔkdpE-lowK,-0.0625547056004756,0.937919850727579
CCNA_02148,quintero_wt-lowK_vs_ΔkdpE-lowK,0,NA
CCNA_R0154,quintero_wt-lowK_vs_ΔkdpE-lowK,1.09521694906487e-4,NA
CCNA_02149,quintero_wt-lowK_vs_ΔkdpE-lowK,-0.100154605407235,0.875109769138248
CCNA_02150,quintero_wt-lowK_vs_ΔkdpE-lowK,-0.0483602936435451,0.958927573897016
CCNA_02151,quintero_wt-lowK_vs_ΔkdpE-lowK,-0.134838216109103,0.799983136486764
CCNA_02152,quintero_wt-lowK_vs_ΔkdpE-lowK,0.00369664734185567,0.996622663272792
CCNA_02153,quintero_wt-lowK_vs_ΔkdpE-lowK,-0.140459448774092,0.797312242340999
CCNA_02154,quintero_wt-lowK_vs_ΔkdpE-lowK,0.0422010711869182,0.966276259130522
CCNA_02155,quintero_wt-lowK_vs_ΔkdpE-lowK,-0.105818535151376,0.907191149765063
CCNA_02156,quintero_wt-lowK_vs_ΔkdpE-lowK,0.181966337100333,0.748706273570073
CCNA_02157,quintero_wt-lowK_vs_ΔkdpE-lowK,0.108060971477088,0.916162964698925
CCNA_02158,quintero_wt-lowK_vs_ΔkdpE-lowK,0.0731417018146384,0.939454493295857
CCNA_R0155,quintero_wt-lowK_vs_ΔkdpE-lowK,0,NA
CCNA_02159,quintero_wt-lowK_vs_ΔkdpE-lowK,-0.0487294048757733,0.966972926487221
CCNA_02160,quintero_wt-lowK_vs_ΔkdpE-lowK,-0.215595677582898,0.581780131805135
CCNA_02161,quintero_wt-lowK_vs_ΔkdpE-lowK,-0.264497925978226,0.399710318885213
CCNA_02163,quintero_wt-lowK_vs_ΔkdpE-lowK,0.0156110410284675,0.993049546378912
CCNA_02164,quintero_wt-lowK_vs_ΔkdpE-lowK,0.287991932657055,0.431722825162658
CCNA_02165,quintero_wt-lowK_vs_ΔkdpE-lowK,0.0194355762196226,0.99056851636028
CCNA_02166,quintero_wt-lowK_vs_ΔkdpE-lowK,-0.18174110283301,0.748047736100005
CCNA_02167,quintero_wt-lowK_vs_ΔkdpE-lowK,0.165537056208507,0.759440224443051
CCNA_03897,quintero_wt-lowK_vs_ΔkdpE-lowK,0.256835795345615,0.610999868643915
CCNA_02169,quintero_wt-lowK_vs_ΔkdpE-lowK,-0.0479712568725814,0.961045724700233
CCNA_02170,quintero_wt-lowK_vs_ΔkdpE-lowK,-0.263945926073182,0.518530432391629
CCNA_02171,quintero_wt-lowK_vs_ΔkdpE-lowK,-0.0355500798902583,0.971749206440118
CCNA_02172,quintero_wt-lowK_vs_ΔkdpE-lowK,-1.12040127128501,2.40470452542994e-11
CCNA_02173,quintero_wt-lowK_vs_ΔkdpE-lowK,-0.901665740139398,4.15583472504555e-8
CCNA_02174,quintero_wt-lowK_vs_ΔkdpE-lowK,-0.790309971786775,1.41280190392349e-5
CCNA_02175,quintero_wt-lowK_vs_ΔkdpE-lowK,-0.183034875479095,NA
CCNA_02176,quintero_wt-lowK_vs_ΔkdpE-lowK,0.225320063370892,0.764441124362869
CCNA_02177,quintero_wt-lowK_vs_ΔkdpE-lowK,-0.238428684190414,NA
CCNA_02178,quintero_wt-lowK_vs_ΔkdpE-lowK,-0.372916894811662,0.109765195749473
CCNA_02179,quintero_wt-lowK_vs_ΔkdpE-lowK,0.298474736205236,0.521156960389583
CCNA_02180,quintero_wt-lowK_vs_ΔkdpE-lowK,-0.123173293735412,0.876809317781832
CCNA_02181,quintero_wt-lowK_vs_ΔkdpE-lowK,0.335990108896141,0.298570911698401
CCNA_02182,quintero_wt-lowK_vs_ΔkdpE-lowK,0.315797725341714,0.411496997264858
CCNA_02183,quintero_wt-lowK_vs_ΔkdpE-lowK,-0.0803166457738543,0.914219273453641
CCNA_02184,quintero_wt-lowK_vs_ΔkdpE-lowK,-0.0258233327955988,0.982930521322842
CCNA_03962,quintero_wt-lowK_vs_ΔkdpE-lowK,-0.181570477753117,0.713167994295336
CCNA_02185,quintero_wt-lowK_vs_ΔkdpE-lowK,-0.851684778037211,1.74899069033731e-4
CCNA_02186,quintero_wt-lowK_vs_ΔkdpE-lowK,-1.3064747259446,1.56750352230313e-9
CCNA_R0049,quintero_wt-lowK_vs_ΔkdpE-lowK,-0.167044410532544,0.841292106577595
CCNA_R0206,quintero_wt-lowK_vs_ΔkdpE-lowK,0.071644120186629,NA
CCNA_02187,quintero_wt-lowK_vs_ΔkdpE-lowK,-0.0557940556322499,0.943590937062561
CCNA_02188,quintero_wt-lowK_vs_ΔkdpE-lowK,-0.136883296133869,0.797312242340999
CCNA_02189,quintero_wt-lowK_vs_ΔkdpE-lowK,-0.151599786536455,0.797312242340999
CCNA_R0156,quintero_wt-lowK_vs_ΔkdpE-lowK,0,NA
CCNA_02190,quintero_wt-lowK_vs_ΔkdpE-lowK,0.222109235149926,0.56362800124678
CCNA_02191,quintero_wt-lowK_vs_ΔkdpE-lowK,-0.366794126915519,0.340251664299346
CCNA_02192,quintero_wt-lowK_vs_ΔkdpE-lowK,0.0385548364117023,0.971749206440118
CCNA_02193,quintero_wt-lowK_vs_ΔkdpE-lowK,0.160777684876221,0.768618544764916
CCNA_02194,quintero_wt-lowK_vs_ΔkdpE-lowK,-0.044346268193581,0.966276259130522
CCNA_02195,quintero_wt-lowK_vs_ΔkdpE-lowK,-0.355124565913815,0.157057105515219
CCNA_02196,quintero_wt-lowK_vs_ΔkdpE-lowK,-0.679682776292014,0.0185257542259012
CCNA_02197,quintero_wt-lowK_vs_ΔkdpE-lowK,-0.0671420745485106,0.927991969097429
CCNA_02198,quintero_wt-lowK_vs_ΔkdpE-lowK,0.00552425007384581,0.996622663272792
CCNA_02199,quintero_wt-lowK_vs_ΔkdpE-lowK,-0.647582529303975,0.02190882093118
CCNA_02200,quintero_wt-lowK_vs_ΔkdpE-lowK,-0.343452317357008,0.538329268350282
CCNA_02201,quintero_wt-lowK_vs_ΔkdpE-lowK,-0.00446156151638311,0.996622663272792
CCNA_02202,quintero_wt-lowK_vs_ΔkdpE-lowK,0.0135105343618327,0.996622663272792
CCNA_02203,quintero_wt-lowK_vs_ΔkdpE-lowK,-0.0962842996985031,0.878462045891448
CCNA_02204,quintero_wt-lowK_vs_ΔkdpE-lowK,0.111841885716853,0.888973954061547
CCNA_02205,quintero_wt-lowK_vs_ΔkdpE-lowK,-0.130352539321281,0.878462045891448
CCNA_02206,quintero_wt-lowK_vs_ΔkdpE-lowK,-0.0706100000307114,0.922574044312157
CCNA_02207,quintero_wt-lowK_vs_ΔkdpE-lowK,0.0285760683083051,0.978652377991815
CCNA_02208,quintero_wt-lowK_vs_ΔkdpE-lowK,0.0814329499803547,0.907191149765063
CCNA_02209,quintero_wt-lowK_vs_ΔkdpE-lowK,-0.319129285544577,0.406776656118408
CCNA_02210,quintero_wt-lowK_vs_ΔkdpE-lowK,0.232428578722574,0.497725141365937
CCNA_02211,quintero_wt-lowK_vs_ΔkdpE-lowK,0.0914389984562287,0.897367818490869
CCNA_02212,quintero_wt-lowK_vs_ΔkdpE-lowK,-0.351155105460573,0.285152548711128
CCNA_02213,quintero_wt-lowK_vs_ΔkdpE-lowK,-0.531940348924799,0.0185248565467158
CCNA_02214,quintero_wt-lowK_vs_ΔkdpE-lowK,-0.0910176132316235,0.914219273453641
CCNA_02215,quintero_wt-lowK_vs_ΔkdpE-lowK,-0.331183815510024,0.201483964843102
CCNA_02216,quintero_wt-lowK_vs_ΔkdpE-lowK,-0.314903733124556,0.276485317000136
CCNA_02217,quintero_wt-lowK_vs_ΔkdpE-lowK,-0.244054316414939,0.610335010221137
CCNA_02218,quintero_wt-lowK_vs_ΔkdpE-lowK,-0.428163078747747,0.0606267273040026
CCNA_02219,quintero_wt-lowK_vs_ΔkdpE-lowK,0.141180306935793,0.781389334767479
CCNA_02220,quintero_wt-lowK_vs_ΔkdpE-lowK,-0.072573025602711,0.925354208681293
CCNA_02221,quintero_wt-lowK_vs_ΔkdpE-lowK,-0.29749399801109,0.479520372883687
CCNA_03963,quintero_wt-lowK_vs_ΔkdpE-lowK,-0.337620258553141,NA
CCNA_02222,quintero_wt-lowK_vs_ΔkdpE-lowK,-0.0956698379595482,0.913170513657892
CCNA_02223,quintero_wt-lowK_vs_ΔkdpE-lowK,0.0817663146558678,0.925354208681293
CCNA_02224,quintero_wt-lowK_vs_ΔkdpE-lowK,0.0640173400842269,0.948220924133938
CCNA_02225,quintero_wt-lowK_vs_ΔkdpE-lowK,0.0611825353999398,0.948220924133938
CCNA_02226,quintero_wt-lowK_vs_ΔkdpE-lowK,-0.0667257275442357,0.94073618163342
CCNA_02227,quintero_wt-lowK_vs_ΔkdpE-lowK,0.0193566513352737,0.992643611540163
CCNA_02228,quintero_wt-lowK_vs_ΔkdpE-lowK,0.0665267091027534,0.958927573897016
CCNA_02229,quintero_wt-lowK_vs_ΔkdpE-lowK,0.148458288773367,0.844415879992159
CCNA_02230,quintero_wt-lowK_vs_ΔkdpE-lowK,0.0100804060078288,0.996622663272792
CCNA_02231,quintero_wt-lowK_vs_ΔkdpE-lowK,0.292436879049473,0.406190631629738
CCNA_02232,quintero_wt-lowK_vs_ΔkdpE-lowK,0.0772370776339157,0.933001706522734
CCNA_02233,quintero_wt-lowK_vs_ΔkdpE-lowK,0.0930854908911992,0.916162964698925
CCNA_02234,quintero_wt-lowK_vs_ΔkdpE-lowK,-0.0606437650453363,0.957335194300047
CCNA_R0157,quintero_wt-lowK_vs_ΔkdpE-lowK,0.0607996031885778,NA
CCNA_02235,quintero_wt-lowK_vs_ΔkdpE-lowK,-0.105251248924904,0.907191149765063
CCNA_02236,quintero_wt-lowK_vs_ΔkdpE-lowK,-0.105129426279914,0.903361278771418
CCNA_02237,quintero_wt-lowK_vs_ΔkdpE-lowK,0.170759831671533,0.767470704864224
CCNA_02238,quintero_wt-lowK_vs_ΔkdpE-lowK,-0.15138308149196,0.88536847441395
CCNA_02239,quintero_wt-lowK_vs_ΔkdpE-lowK,-0.294016821206784,0.403593142540765
CCNA_02240,quintero_wt-lowK_vs_ΔkdpE-lowK,-0.147529117855463,0.761470945614713
CCNA_02241,quintero_wt-lowK_vs_ΔkdpE-lowK,-0.1009480691264,0.888070713772228
CCNA_02242,quintero_wt-lowK_vs_ΔkdpE-lowK,0.530163052314518,0.00484372456664876
CCNA_02243,quintero_wt-lowK_vs_ΔkdpE-lowK,0.0683722282177445,0.930825608662684
CCNA_02244,quintero_wt-lowK_vs_ΔkdpE-lowK,-0.273500961965923,0.383459588624477
CCNA_03964,quintero_wt-lowK_vs_ΔkdpE-lowK,-6.12453417204013e-6,NA
CCNA_02245,quintero_wt-lowK_vs_ΔkdpE-lowK,-0.086150527902434,0.927991969097429
CCNA_02246,quintero_wt-lowK_vs_ΔkdpE-lowK,0.204906338833948,0.75913176214783
CCNA_02247,quintero_wt-lowK_vs_ΔkdpE-lowK,0.162338247597149,0.767470704864224
CCNA_02248,quintero_wt-lowK_vs_ΔkdpE-lowK,-0.0951689237891009,0.933001706522734
CCNA_02249,quintero_wt-lowK_vs_ΔkdpE-lowK,0.021798603213363,0.986831711595516
CCNA_R0050,quintero_wt-lowK_vs_ΔkdpE-lowK,-0.334953940853581,NA
CCNA_02250,quintero_wt-lowK_vs_ΔkdpE-lowK,-0.396548576644693,0.384907686702769
CCNA_02251,quintero_wt-lowK_vs_ΔkdpE-lowK,-0.16877274529017,0.859038590528743
CCNA_02252,quintero_wt-lowK_vs_ΔkdpE-lowK,0.0534767749718347,0.948220924133938
CCNA_02253,quintero_wt-lowK_vs_ΔkdpE-lowK,-0.0991469692632447,0.885021676997674
CCNA_R0051,quintero_wt-lowK_vs_ΔkdpE-lowK,0.0783810907128328,NA
CCNA_03965,quintero_wt-lowK_vs_ΔkdpE-lowK,0,NA
CCNA_02254,quintero_wt-lowK_vs_ΔkdpE-lowK,-0.192619483650452,0.633709468343663
CCNA_02255,quintero_wt-lowK_vs_ΔkdpE-lowK,-1.14295039050657,6.9494122316481e-10
CCNA_02256,quintero_wt-lowK_vs_ΔkdpE-lowK,0.0842094210879267,0.913170513657892
CCNA_R0052,quintero_wt-lowK_vs_ΔkdpE-lowK,0.125512798578062,0.882988728528062
CCNA_02257,quintero_wt-lowK_vs_ΔkdpE-lowK,-0.132924325995718,0.827831986454338
CCNA_02258,quintero_wt-lowK_vs_ΔkdpE-lowK,-0.370595691098743,0.167806771449133
CCNA_02259,quintero_wt-lowK_vs_ΔkdpE-lowK,0.0396149293176672,0.973557788736547
CCNA_02260,quintero_wt-lowK_vs_ΔkdpE-lowK,-0.0840639784420423,0.907191149765063
CCNA_02261,quintero_wt-lowK_vs_ΔkdpE-lowK,-0.0836043093119968,0.898866238491272
CCNA_02262,quintero_wt-lowK_vs_ΔkdpE-lowK,-0.100595871393426,0.900000564472675
CCNA_02263,quintero_wt-lowK_vs_ΔkdpE-lowK,0.0421057893665815,0.973557788736547
CCNA_R0207,quintero_wt-lowK_vs_ΔkdpE-lowK,0.440717903505724,NA
CCNA_02264,quintero_wt-lowK_vs_ΔkdpE-lowK,-0.0914509335720241,0.904507887482266
CCNA_02265,quintero_wt-lowK_vs_ΔkdpE-lowK,0.0134222817392339,0.996622663272792
CCNA_02266,quintero_wt-lowK_vs_ΔkdpE-lowK,0.00176081660818364,0.997836432254234
CCNA_02267,quintero_wt-lowK_vs_ΔkdpE-lowK,-0.115801130509726,0.907191149765063
CCNA_02268,quintero_wt-lowK_vs_ΔkdpE-lowK,-0.172354233419739,0.812973024734299
CCNA_R0053,quintero_wt-lowK_vs_ΔkdpE-lowK,0.196030399058927,NA
CCNA_02269,quintero_wt-lowK_vs_ΔkdpE-lowK,0.00262524167416255,0.997153950419272
CCNA_02270,quintero_wt-lowK_vs_ΔkdpE-lowK,-0.0899289601981085,0.898629722166575
CCNA_02271,quintero_wt-lowK_vs_ΔkdpE-lowK,0.151999522864546,0.755246079750994
CCNA_02272,quintero_wt-lowK_vs_ΔkdpE-lowK,0.737986182532625,0.00281146377942548
CCNA_02273,quintero_wt-lowK_vs_ΔkdpE-lowK,0.881452183639659,1.54841258090105e-4
CCNA_02274,quintero_wt-lowK_vs_ΔkdpE-lowK,NA,NA
CCNA_02275,quintero_wt-lowK_vs_ΔkdpE-lowK,NA,NA
CCNA_02277,quintero_wt-lowK_vs_ΔkdpE-lowK,NA,NA
CCNA_R0158,quintero_wt-lowK_vs_ΔkdpE-lowK,0.0297052604259174,NA
CCNA_02278,quintero_wt-lowK_vs_ΔkdpE-lowK,0.409383523956701,0.148328218652633
CCNA_02279,quintero_wt-lowK_vs_ΔkdpE-lowK,0.0587243591764148,0.949878484136019
CCNA_02280,quintero_wt-lowK_vs_ΔkdpE-lowK,0.0659839374864043,0.938949885446142
CCNA_02281,quintero_wt-lowK_vs_ΔkdpE-lowK,0.035633839080624,0.966972926487221
CCNA_02282,quintero_wt-lowK_vs_ΔkdpE-lowK,0.0464161519138939,0.962869390746375
CCNA_02283,quintero_wt-lowK_vs_ΔkdpE-lowK,-0.0219984322506824,0.988776687908575
CCNA_R0159,quintero_wt-lowK_vs_ΔkdpE-lowK,-0.0505578560220029,NA
CCNA_02284,quintero_wt-lowK_vs_ΔkdpE-lowK,-0.397905190026081,NA
CCNA_02285,quintero_wt-lowK_vs_ΔkdpE-lowK,-0.231409053561046,0.581780131805135
CCNA_02286,quintero_wt-lowK_vs_ΔkdpE-lowK,-0.202199297164058,0.798662605460421
CCNA_02287,quintero_wt-lowK_vs_ΔkdpE-lowK,0.446475461672856,0.0537654099251635
CCNA_02288,quintero_wt-lowK_vs_ΔkdpE-lowK,0.522128049403579,0.0762532201632315
CCNA_02289,quintero_wt-lowK_vs_ΔkdpE-lowK,-0.119163105322392,0.896834139023419
CCNA_02290,quintero_wt-lowK_vs_ΔkdpE-lowK,-0.0158419166345391,0.994600242562073
CCNA_02291,quintero_wt-lowK_vs_ΔkdpE-lowK,-0.258626433890736,0.555349228916881
CCNA_02292,quintero_wt-lowK_vs_ΔkdpE-lowK,0.0584823083856445,0.958927573897016
CCNA_02293,quintero_wt-lowK_vs_ΔkdpE-lowK,-0.0727509300983217,0.928646988453598
CCNA_02294,quintero_wt-lowK_vs_ΔkdpE-lowK,0.0781188204866422,0.922574044312157
CCNA_02295,quintero_wt-lowK_vs_ΔkdpE-lowK,0.115532909097449,0.873517744585788
CCNA_02296,quintero_wt-lowK_vs_ΔkdpE-lowK,0.0594652314570585,0.948220924133938
CCNA_R0160,quintero_wt-lowK_vs_ΔkdpE-lowK,0.0467245995604783,NA
CCNA_02297,quintero_wt-lowK_vs_ΔkdpE-lowK,0.216034337367672,0.644326955752837
CCNA_02298,quintero_wt-lowK_vs_ΔkdpE-lowK,0.153325335360071,0.767744002447902
CCNA_02299,quintero_wt-lowK_vs_ΔkdpE-lowK,0.106608188957202,0.878462045891448
CCNA_02300,quintero_wt-lowK_vs_ΔkdpE-lowK,0.0116598337322519,0.996622663272792
CCNA_02301,quintero_wt-lowK_vs_ΔkdpE-lowK,-0.0158264005620571,0.990792286973438
CCNA_02302,quintero_wt-lowK_vs_ΔkdpE-lowK,0.0696989796531077,0.9296912805222
CCNA_02303,quintero_wt-lowK_vs_ΔkdpE-lowK,0.149008438094765,0.795487438151385
CCNA_02304,quintero_wt-lowK_vs_ΔkdpE-lowK,0.0506766882209905,0.952167566207004
CCNA_02305,quintero_wt-lowK_vs_ΔkdpE-lowK,0.121340201566377,0.876209457679138
CCNA_02306,quintero_wt-lowK_vs_ΔkdpE-lowK,0.149009192453249,0.814573127708933
CCNA_02307,quintero_wt-lowK_vs_ΔkdpE-lowK,0.151276698135802,0.810527932212186
CCNA_02308,quintero_wt-lowK_vs_ΔkdpE-lowK,0.0520420084689129,0.958927573897016
CCNA_02309,quintero_wt-lowK_vs_ΔkdpE-lowK,-0.338430343659612,0.413034634876315
CCNA_R0161,quintero_wt-lowK_vs_ΔkdpE-lowK,-0.255166177309652,NA
CCNA_02310,quintero_wt-lowK_vs_ΔkdpE-lowK,-0.367283761573222,0.408035207936247
CCNA_R0054,quintero_wt-lowK_vs_ΔkdpE-lowK,-0.0152027699099103,NA
CCNA_02311,quintero_wt-lowK_vs_ΔkdpE-lowK,-0.0594089463941985,0.948220924133938
CCNA_02312,quintero_wt-lowK_vs_ΔkdpE-lowK,-0.358104176817475,0.135043396751859
CCNA_02313,quintero_wt-lowK_vs_ΔkdpE-lowK,0.0827150973777652,0.927991969097429
CCNA_02314,quintero_wt-lowK_vs_ΔkdpE-lowK,-0.150034090854986,0.810901349375607
CCNA_02315,quintero_wt-lowK_vs_ΔkdpE-lowK,-0.216663378039552,0.649684672040208
CCNA_02316,quintero_wt-lowK_vs_ΔkdpE-lowK,-0.136382217635538,0.838974119457327
CCNA_02317,quintero_wt-lowK_vs_ΔkdpE-lowK,-0.223249388966456,0.60725072287363
CCNA_02318,quintero_wt-lowK_vs_ΔkdpE-lowK,-0.265118169980047,0.621553329638494
CCNA_02319,quintero_wt-lowK_vs_ΔkdpE-lowK,0.0122553678097506,0.996622663272792
CCNA_02320,quintero_wt-lowK_vs_ΔkdpE-lowK,0.0347156106056538,0.969802236305544
CCNA_02321,quintero_wt-lowK_vs_ΔkdpE-lowK,0.238408471956574,0.55301980036625
CCNA_02322,quintero_wt-lowK_vs_ΔkdpE-lowK,0.310535664661878,0.41951996169837
CCNA_03966,quintero_wt-lowK_vs_ΔkdpE-lowK,-0.154457169436821,0.841292106577595
CCNA_02324,quintero_wt-lowK_vs_ΔkdpE-lowK,0.104222498311035,0.894478248193944
CCNA_R0162,quintero_wt-lowK_vs_ΔkdpE-lowK,-0.193601664168748,0.782366070027728
CCNA_02325,quintero_wt-lowK_vs_ΔkdpE-lowK,0.15568348536808,0.812870194349012
CCNA_02326,quintero_wt-lowK_vs_ΔkdpE-lowK,0.272213405644642,0.48876794418108
CCNA_02327,quintero_wt-lowK_vs_ΔkdpE-lowK,-0.0397764366695484,0.965920274454204
CCNA_02328,quintero_wt-lowK_vs_ΔkdpE-lowK,0.117344574584714,0.878462045891448
CCNA_02329,quintero_wt-lowK_vs_ΔkdpE-lowK,0.210942482490423,0.553578717184214
CCNA_02330,quintero_wt-lowK_vs_ΔkdpE-lowK,-0.0151480524575894,0.996622663272792
CCNA_02331,quintero_wt-lowK_vs_ΔkdpE-lowK,-0.0362346451684302,0.968427682180628
CCNA_02332,quintero_wt-lowK_vs_ΔkdpE-lowK,-0.00470850801700511,0.996622663272792
CCNA_02333,quintero_wt-lowK_vs_ΔkdpE-lowK,0.11123663490815,0.855578929489837
CCNA_02334,quintero_wt-lowK_vs_ΔkdpE-lowK,-0.584193551173335,0.00468772752869654
CCNA_02335,quintero_wt-lowK_vs_ΔkdpE-lowK,0.126119077947627,0.841292106577595
CCNA_02336,quintero_wt-lowK_vs_ΔkdpE-lowK,-0.0328318023280603,0.974743822317701
CCNA_02337,quintero_wt-lowK_vs_ΔkdpE-lowK,0.0358787668107911,0.966972926487221
CCNA_02338,quintero_wt-lowK_vs_ΔkdpE-lowK,0.105135270779543,0.888070713772228
CCNA_02339,quintero_wt-lowK_vs_ΔkdpE-lowK,0.0763753469930037,0.927780362284331
CCNA_02340,quintero_wt-lowK_vs_ΔkdpE-lowK,0.0858821025112979,0.920280456034305
CCNA_02341,quintero_wt-lowK_vs_ΔkdpE-lowK,-0.787815331412461,4.75766628878924e-6
CCNA_02342,quintero_wt-lowK_vs_ΔkdpE-lowK,0.00220362258996824,0.997836432254234
CCNA_02343,quintero_wt-lowK_vs_ΔkdpE-lowK,-0.00626231472710977,0.996622663272792
CCNA_02344,quintero_wt-lowK_vs_ΔkdpE-lowK,0.353389492494206,0.304949895535621
CCNA_02345,quintero_wt-lowK_vs_ΔkdpE-lowK,0.230443394543694,0.672913512122135
CCNA_02346,quintero_wt-lowK_vs_ΔkdpE-lowK,0.185359961626892,0.672913512122135
CCNA_02347,quintero_wt-lowK_vs_ΔkdpE-lowK,0.155980488300247,0.73909447869369
CCNA_02348,quintero_wt-lowK_vs_ΔkdpE-lowK,0.140110221264869,0.873004097353089
CCNA_02349,quintero_wt-lowK_vs_ΔkdpE-lowK,0.0430930706306535,0.959661793444286
CCNA_02350,quintero_wt-lowK_vs_ΔkdpE-lowK,-0.248868020765539,0.4253719502659
CCNA_02351,quintero_wt-lowK_vs_ΔkdpE-lowK,0.113924567953136,0.860064622125898
CCNA_02352,quintero_wt-lowK_vs_ΔkdpE-lowK,-0.0570294207387508,0.937919850727579
CCNA_02353,quintero_wt-lowK_vs_ΔkdpE-lowK,-0.102471631943932,0.873056075133951
CCNA_02354,quintero_wt-lowK_vs_ΔkdpE-lowK,0.33485757083037,0.196342109274707
CCNA_02355,quintero_wt-lowK_vs_ΔkdpE-lowK,-0.0295415111205905,0.974743822317701
CCNA_02356,quintero_wt-lowK_vs_ΔkdpE-lowK,-0.0549155493673172,0.948220924133938
CCNA_02357,quintero_wt-lowK_vs_ΔkdpE-lowK,0.101184923768039,0.873517744585788
CCNA_02358,quintero_wt-lowK_vs_ΔkdpE-lowK,0.0409603864206339,0.962869390746375
CCNA_02359,quintero_wt-lowK_vs_ΔkdpE-lowK,-0.336866087978969,0.186760538797896
CCNA_02360,quintero_wt-lowK_vs_ΔkdpE-lowK,-0.34382604372226,0.191711625369456
CCNA_02361,quintero_wt-lowK_vs_ΔkdpE-lowK,-0.596610060729903,7.00387570218702e-4
CCNA_02362,quintero_wt-lowK_vs_ΔkdpE-lowK,0.0716848152596411,0.937919850727579
CCNA_02363,quintero_wt-lowK_vs_ΔkdpE-lowK,-0.265006986797286,0.503400264108943
CCNA_02364,quintero_wt-lowK_vs_ΔkdpE-lowK,-0.402684071627245,0.157057105515219
CCNA_02365,quintero_wt-lowK_vs_ΔkdpE-lowK,-0.0647329471998638,0.958927573897016
CCNA_02366,quintero_wt-lowK_vs_ΔkdpE-lowK,-0.630376313078267,4.09787267912076e-4
CCNA_02367,quintero_wt-lowK_vs_ΔkdpE-lowK,0.0615181000130895,0.951890944567136
CCNA_02368,quintero_wt-lowK_vs_ΔkdpE-lowK,-0.175745750841655,0.810488007191551
CCNA_02369,quintero_wt-lowK_vs_ΔkdpE-lowK,-0.451339002433394,0.0730360703452902
CCNA_02370,quintero_wt-lowK_vs_ΔkdpE-lowK,-0.21577803143451,0.620036912166275
CCNA_02371,quintero_wt-lowK_vs_ΔkdpE-lowK,0.122590854326224,0.858618653273081
CCNA_02372,quintero_wt-lowK_vs_ΔkdpE-lowK,0.135476686038999,0.873056075133951
CCNA_02373,quintero_wt-lowK_vs_ΔkdpE-lowK,-0.208227341659676,NA
CCNA_02374,quintero_wt-lowK_vs_ΔkdpE-lowK,0.0833658741753803,NA
CCNA_02375,quintero_wt-lowK_vs_ΔkdpE-lowK,0.228835302426778,NA
CCNA_02376,quintero_wt-lowK_vs_ΔkdpE-lowK,0.134391149544612,0.890895465244537
CCNA_02377,quintero_wt-lowK_vs_ΔkdpE-lowK,0.0649604892791801,0.938322087100988
CCNA_R0055,quintero_wt-lowK_vs_ΔkdpE-lowK,0.311087830015421,NA
CCNA_02378,quintero_wt-lowK_vs_ΔkdpE-lowK,0.0116838520044314,0.996622663272792
CCNA_02379,quintero_wt-lowK_vs_ΔkdpE-lowK,0.126124276422689,0.810124255719308
CCNA_02380,quintero_wt-lowK_vs_ΔkdpE-lowK,0.118639532612046,0.84508613820623
CCNA_02381,quintero_wt-lowK_vs_ΔkdpE-lowK,-0.00866812467109683,0.996622663272792
CCNA_02382,quintero_wt-lowK_vs_ΔkdpE-lowK,-0.0137248632115259,0.996622663272792
CCNA_02383,quintero_wt-lowK_vs_ΔkdpE-lowK,-0.0213735721581596,0.987400549091467
CCNA_02384,quintero_wt-lowK_vs_ΔkdpE-lowK,-0.0157031961477005,0.990640399994165
CCNA_02385,quintero_wt-lowK_vs_ΔkdpE-lowK,0.0415392765248106,0.966972926487221
CCNA_02386,quintero_wt-lowK_vs_ΔkdpE-lowK,-0.313104702042606,0.402961052203512
CCNA_02387,quintero_wt-lowK_vs_ΔkdpE-lowK,-0.191633976256415,0.674338705870211
CCNA_02388,quintero_wt-lowK_vs_ΔkdpE-lowK,-0.0896334519907937,0.912078102025997
CCNA_02389,quintero_wt-lowK_vs_ΔkdpE-lowK,0.0827867845619408,0.922574044312157
CCNA_02390,quintero_wt-lowK_vs_ΔkdpE-lowK,0.212542134788592,0.621684107858567
CCNA_R0056,quintero_wt-lowK_vs_ΔkdpE-lowK,0.522042493511733,0.127231129269401
CCNA_02391,quintero_wt-lowK_vs_ΔkdpE-lowK,-0.0842903884153417,0.926000275021732
CCNA_02392,quintero_wt-lowK_vs_ΔkdpE-lowK,-0.00975855843614428,0.996622663272792
CCNA_03898,quintero_wt-lowK_vs_ΔkdpE-lowK,0.313931232547226,0.429887277834873
CCNA_03881,quintero_wt-lowK_vs_ΔkdpE-lowK,-0.0104338073445979,NA
CCNA_02394,quintero_wt-lowK_vs_ΔkdpE-lowK,0.0896219042686985,0.910927646949931
CCNA_02395,quintero_wt-lowK_vs_ΔkdpE-lowK,-0.121194331052285,0.873004097353089
CCNA_02396,quintero_wt-lowK_vs_ΔkdpE-lowK,0.0876895749529984,0.910927646949931
CCNA_02397,quintero_wt-lowK_vs_ΔkdpE-lowK,0.0469048672803389,0.966972926487221
CCNA_02398,quintero_wt-lowK_vs_ΔkdpE-lowK,-0.145851635918908,0.798662605460421
CCNA_02399,quintero_wt-lowK_vs_ΔkdpE-lowK,-0.00820306189390644,0.996622663272792
CCNA_02400,quintero_wt-lowK_vs_ΔkdpE-lowK,-0.403371544025701,0.079876840598056
CCNA_02401,quintero_wt-lowK_vs_ΔkdpE-lowK,-0.0613922258083862,0.933001706522734
CCNA_02402,quintero_wt-lowK_vs_ΔkdpE-lowK,-0.250097002320438,0.455623044863258
CCNA_02403,quintero_wt-lowK_vs_ΔkdpE-lowK,-0.0106049153666945,0.996622663272792
CCNA_02404,quintero_wt-lowK_vs_ΔkdpE-lowK,0.0963791150379381,0.901387296495574
CCNA_02405,quintero_wt-lowK_vs_ΔkdpE-lowK,0.149030011054546,0.792111378499706
CCNA_02406,quintero_wt-lowK_vs_ΔkdpE-lowK,0.288182988462451,0.391949431735208
CCNA_02407,quintero_wt-lowK_vs_ΔkdpE-lowK,0.0040488648736951,0.996622663272792
CCNA_02408,quintero_wt-lowK_vs_ΔkdpE-lowK,-0.227907527438889,0.484571324797276
CCNA_02409,quintero_wt-lowK_vs_ΔkdpE-lowK,-0.0537519080039733,0.948220924133938
CCNA_02410,quintero_wt-lowK_vs_ΔkdpE-lowK,-0.052562639282186,0.961045724700233
CCNA_02411,quintero_wt-lowK_vs_ΔkdpE-lowK,-0.201203965551577,0.619009844633802
CCNA_02412,quintero_wt-lowK_vs_ΔkdpE-lowK,-0.00330025368589435,0.996622663272792
CCNA_02413,quintero_wt-lowK_vs_ΔkdpE-lowK,-0.389860496056275,0.094696035704028
CCNA_02414,quintero_wt-lowK_vs_ΔkdpE-lowK,0.218231045482418,0.621613207657958
CCNA_02415,quintero_wt-lowK_vs_ΔkdpE-lowK,0.0573346611421439,0.965920274454204
CCNA_R0163,quintero_wt-lowK_vs_ΔkdpE-lowK,-0.10462366492304,0.910927646949931
CCNA_02416,quintero_wt-lowK_vs_ΔkdpE-lowK,0.273278419162616,0.411496997264858
CCNA_02417,quintero_wt-lowK_vs_ΔkdpE-lowK,0.0936097071084591,0.90472250002508
CCNA_02418,quintero_wt-lowK_vs_ΔkdpE-lowK,-0.0485584866297492,0.964660641575699
CCNA_R0057,quintero_wt-lowK_vs_ΔkdpE-lowK,0.276904587781174,NA
CCNA_02419,quintero_wt-lowK_vs_ΔkdpE-lowK,-0.0403163329455756,0.966972926487221
CCNA_02420,quintero_wt-lowK_vs_ΔkdpE-lowK,0.0296514410443187,0.974743822317701
CCNA_02421,quintero_wt-lowK_vs_ΔkdpE-lowK,0.100619550145253,0.882169905712783
CCNA_02422,quintero_wt-lowK_vs_ΔkdpE-lowK,-0.220199583142713,0.575738227180824
CCNA_02423,quintero_wt-lowK_vs_ΔkdpE-lowK,-0.130787307004654,0.845068988782826
CCNA_02424,quintero_wt-lowK_vs_ΔkdpE-lowK,-0.0222662100310065,0.982930521322842
CCNA_R0058,quintero_wt-lowK_vs_ΔkdpE-lowK,0.243838415664588,0.512533250162098
CCNA_02425,quintero_wt-lowK_vs_ΔkdpE-lowK,0.101073455557061,0.913170513657892
CCNA_02426,quintero_wt-lowK_vs_ΔkdpE-lowK,0.118775671507913,0.858317146343015
CCNA_02427,quintero_wt-lowK_vs_ΔkdpE-lowK,0.297694013455252,0.310413356304847
CCNA_02428,quintero_wt-lowK_vs_ΔkdpE-lowK,0.347708007026337,0.209183147311443
CCNA_02429,quintero_wt-lowK_vs_ΔkdpE-lowK,-0.0607703817758053,0.943590937062561
CCNA_02430,quintero_wt-lowK_vs_ΔkdpE-lowK,-0.0350447652388613,0.973557788736547
CCNA_02431,quintero_wt-lowK_vs_ΔkdpE-lowK,0.0137829905492026,0.996622663272792
CCNA_02432,quintero_wt-lowK_vs_ΔkdpE-lowK,0.202373700662827,0.71011969696249
CCNA_02433,quintero_wt-lowK_vs_ΔkdpE-lowK,0.481265522700396,0.216577190746078
CCNA_02434,quintero_wt-lowK_vs_ΔkdpE-lowK,0.0480601549290617,0.966276259130522
CCNA_02435,quintero_wt-lowK_vs_ΔkdpE-lowK,0.0740540210454824,0.927551435100477
CCNA_02436,quintero_wt-lowK_vs_ΔkdpE-lowK,0.132656475638662,0.841292106577595
CCNA_R0059,quintero_wt-lowK_vs_ΔkdpE-lowK,-0.277158324414958,NA
CCNA_02437,quintero_wt-lowK_vs_ΔkdpE-lowK,0.0934558472568822,0.900000564472675
CCNA_02438,quintero_wt-lowK_vs_ΔkdpE-lowK,-0.0158432987058723,0.996622663272792
CCNA_02439,quintero_wt-lowK_vs_ΔkdpE-lowK,0.0444612548875946,0.961905799823269
CCNA_02440,quintero_wt-lowK_vs_ΔkdpE-lowK,-0.0999919006929123,0.901387296495574
CCNA_02441,quintero_wt-lowK_vs_ΔkdpE-lowK,0.0554351510464028,NA
CCNA_02442,quintero_wt-lowK_vs_ΔkdpE-lowK,-0.115610494071441,0.900000564472675
CCNA_02443,quintero_wt-lowK_vs_ΔkdpE-lowK,-0.205193387063346,0.550840965283675
CCNA_02444,quintero_wt-lowK_vs_ΔkdpE-lowK,-0.164012663301654,0.727551258370868
CCNA_02445,quintero_wt-lowK_vs_ΔkdpE-lowK,-0.0224284477950869,0.988776687908575
CCNA_02446,quintero_wt-lowK_vs_ΔkdpE-lowK,0.11485858954137,0.860064622125898
CCNA_02447,quintero_wt-lowK_vs_ΔkdpE-lowK,-0.0883846612426603,0.900000564472675
CCNA_02448,quintero_wt-lowK_vs_ΔkdpE-lowK,0.00293185998396658,0.996622663272792
CCNA_02449,quintero_wt-lowK_vs_ΔkdpE-lowK,-0.161206418357622,0.738102640626918
CCNA_02450,quintero_wt-lowK_vs_ΔkdpE-lowK,0.130434301111602,0.798662605460421
CCNA_02451,quintero_wt-lowK_vs_ΔkdpE-lowK,0.115323254772012,0.832818174551146
CCNA_02452,quintero_wt-lowK_vs_ΔkdpE-lowK,0.935024240545718,1.40408248156721e-4
CCNA_02453,quintero_wt-lowK_vs_ΔkdpE-lowK,0.0462477270984974,0.966276259130522
CCNA_02454,quintero_wt-lowK_vs_ΔkdpE-lowK,-0.0753489180089957,0.916162964698925
CCNA_02455,quintero_wt-lowK_vs_ΔkdpE-lowK,0.0535652308819529,0.959443755937364
CCNA_02456,quintero_wt-lowK_vs_ΔkdpE-lowK,0.184691559657853,0.730936462095074
CCNA_02457,quintero_wt-lowK_vs_ΔkdpE-lowK,-0.328912960399437,0.199189461288778
CCNA_02458,quintero_wt-lowK_vs_ΔkdpE-lowK,0.0590704742849701,0.939454493295857
CCNA_02459,quintero_wt-lowK_vs_ΔkdpE-lowK,-0.219145480465705,0.538329268350282
CCNA_02460,quintero_wt-lowK_vs_ΔkdpE-lowK,-0.170150852255072,0.729984131231234
CCNA_02461,quintero_wt-lowK_vs_ΔkdpE-lowK,-0.0574056686089187,0.948220924133938
CCNA_02462,quintero_wt-lowK_vs_ΔkdpE-lowK,0.0126325638079756,0.996622663272792
CCNA_02463,quintero_wt-lowK_vs_ΔkdpE-lowK,0.0394663371390689,0.966276259130522
CCNA_02464,quintero_wt-lowK_vs_ΔkdpE-lowK,0.0103429470301612,0.996622663272792
CCNA_R0060,quintero_wt-lowK_vs_ΔkdpE-lowK,-0.209276736809576,NA
CCNA_R0164,quintero_wt-lowK_vs_ΔkdpE-lowK,0.277027954050401,0.425036780507063
CCNA_02465,quintero_wt-lowK_vs_ΔkdpE-lowK,0.167827040041676,0.731510675477812
CCNA_02466,quintero_wt-lowK_vs_ΔkdpE-lowK,0.315710307358434,0.307673220998603
CCNA_02467,quintero_wt-lowK_vs_ΔkdpE-lowK,0.213447652063479,0.538329268350282
CCNA_02468,quintero_wt-lowK_vs_ΔkdpE-lowK,-0.1004400600353,NA
CCNA_02469,quintero_wt-lowK_vs_ΔkdpE-lowK,0.208822311962103,0.743650688678552
CCNA_02470,quintero_wt-lowK_vs_ΔkdpE-lowK,0.0709872691395107,0.946838660291468
CCNA_03967,quintero_wt-lowK_vs_ΔkdpE-lowK,0,NA
CCNA_02471,quintero_wt-lowK_vs_ΔkdpE-lowK,0.937075697972603,1.54630952228234e-5
CCNA_02472,quintero_wt-lowK_vs_ΔkdpE-lowK,0.938625430306177,1.03662699839468e-5
CCNA_02473,quintero_wt-lowK_vs_ΔkdpE-lowK,0.414231666971635,0.174908937992596
CCNA_02474,quintero_wt-lowK_vs_ΔkdpE-lowK,-0.00718362602136354,0.996622663272792
CCNA_02475,quintero_wt-lowK_vs_ΔkdpE-lowK,-0.153653207091284,0.799983136486764
CCNA_02476,quintero_wt-lowK_vs_ΔkdpE-lowK,-0.280547041162244,0.496674832790062
CCNA_02477,quintero_wt-lowK_vs_ΔkdpE-lowK,-0.158948649413827,0.859508142203674
CCNA_02478,quintero_wt-lowK_vs_ΔkdpE-lowK,0.00756237878070113,0.996622663272792
CCNA_02479,quintero_wt-lowK_vs_ΔkdpE-lowK,-0.0907923031257453,0.907191149765063
CCNA_02480,quintero_wt-lowK_vs_ΔkdpE-lowK,-0.0818202728179928,0.916162964698925
CCNA_02481,quintero_wt-lowK_vs_ΔkdpE-lowK,-0.211613582829662,0.626368606163003
CCNA_02482,quintero_wt-lowK_vs_ΔkdpE-lowK,-0.123452021619149,0.853771021002398
CCNA_02483,quintero_wt-lowK_vs_ΔkdpE-lowK,0.174814920029698,0.712868238061611
CCNA_02484,quintero_wt-lowK_vs_ΔkdpE-lowK,0.337934772969122,0.284100903545481
CCNA_02485,quintero_wt-lowK_vs_ΔkdpE-lowK,0.309563307491271,0.341515949544731
CCNA_02486,quintero_wt-lowK_vs_ΔkdpE-lowK,0.023400796002277,0.987184707454109
CCNA_02487,quintero_wt-lowK_vs_ΔkdpE-lowK,0.0428926838885714,0.977425439403516
CCNA_02488,quintero_wt-lowK_vs_ΔkdpE-lowK,0.171219053308245,0.834543961670974
CCNA_02489,quintero_wt-lowK_vs_ΔkdpE-lowK,0.278100739043521,0.679611689871066
CCNA_02490,quintero_wt-lowK_vs_ΔkdpE-lowK,0.25037164728283,0.733883442274893
CCNA_02491,quintero_wt-lowK_vs_ΔkdpE-lowK,0.556785034554597,0.158185698046941
CCNA_02492,quintero_wt-lowK_vs_ΔkdpE-lowK,0.624579932613923,0.0669944901154446
CCNA_02493,quintero_wt-lowK_vs_ΔkdpE-lowK,0.886076335466857,7.93457898424265e-4
CCNA_02494,quintero_wt-lowK_vs_ΔkdpE-lowK,0.850024800338047,2.45928605226887e-4
CCNA_02495,quintero_wt-lowK_vs_ΔkdpE-lowK,0.496400846754578,0.0762532201632315
CCNA_02496,quintero_wt-lowK_vs_ΔkdpE-lowK,-0.0489030853389362,0.951890944567136
CCNA_02497,quintero_wt-lowK_vs_ΔkdpE-lowK,-0.166879193740952,0.682913859960254
CCNA_02498,quintero_wt-lowK_vs_ΔkdpE-lowK,-0.0662946677025637,0.937544244581296
CCNA_02499,quintero_wt-lowK_vs_ΔkdpE-lowK,-0.141214459692681,0.822002845657489
CCNA_02500,quintero_wt-lowK_vs_ΔkdpE-lowK,0.0529782176989793,0.958927573897016
CCNA_02501,quintero_wt-lowK_vs_ΔkdpE-lowK,0.146575009317216,0.772266680380511
CCNA_02502,quintero_wt-lowK_vs_ΔkdpE-lowK,0.124619519759842,0.832818174551146
CCNA_02503,quintero_wt-lowK_vs_ΔkdpE-lowK,0.323518502098992,0.25824769080248
CCNA_02504,quintero_wt-lowK_vs_ΔkdpE-lowK,0.189177335087543,0.694751184320833
CCNA_02505,quintero_wt-lowK_vs_ΔkdpE-lowK,0.170598708879043,0.759440224443051
CCNA_02506,quintero_wt-lowK_vs_ΔkdpE-lowK,0.0620490240553336,0.958927573897016
CCNA_R0062,quintero_wt-lowK_vs_ΔkdpE-lowK,0.543357249407164,NA
CCNA_02507,quintero_wt-lowK_vs_ΔkdpE-lowK,-0.151031713867301,0.801781680983308
CCNA_02508,quintero_wt-lowK_vs_ΔkdpE-lowK,-0.100928806032791,0.912078102025997
CCNA_02509,quintero_wt-lowK_vs_ΔkdpE-lowK,0.0537183893776682,0.948220924133938
CCNA_02510,quintero_wt-lowK_vs_ΔkdpE-lowK,0.0152131802499895,0.996622663272792
CCNA_02511,quintero_wt-lowK_vs_ΔkdpE-lowK,0.0106646664742278,0.996622663272792
CCNA_02512,quintero_wt-lowK_vs_ΔkdpE-lowK,0.0990474690961522,0.888070713772228
CCNA_02513,quintero_wt-lowK_vs_ΔkdpE-lowK,-0.139338273411876,0.802539892773751
CCNA_02514,quintero_wt-lowK_vs_ΔkdpE-lowK,-0.170788877071269,0.681836803848397
CCNA_02515,quintero_wt-lowK_vs_ΔkdpE-lowK,-0.361754078405544,0.186760538797896
CCNA_02516,quintero_wt-lowK_vs_ΔkdpE-lowK,-0.250939722344916,0.585507392534857
CCNA_02517,quintero_wt-lowK_vs_ΔkdpE-lowK,-0.143707124941283,0.853771021002398
CCNA_02518,quintero_wt-lowK_vs_ΔkdpE-lowK,-0.111358246854777,0.87450005312102
CCNA_02519,quintero_wt-lowK_vs_ΔkdpE-lowK,0.122105606133136,0.842237876614409
CCNA_02520,quintero_wt-lowK_vs_ΔkdpE-lowK,0.131946513956539,0.797347321990269
CCNA_02521,quintero_wt-lowK_vs_ΔkdpE-lowK,0.0596137940274021,0.94404726885049
CCNA_02522,quintero_wt-lowK_vs_ΔkdpE-lowK,0.230600619763115,0.718072102444314
CCNA_R0165,quintero_wt-lowK_vs_ΔkdpE-lowK,0.435963743025348,0.195092587493547
CCNA_02523,quintero_wt-lowK_vs_ΔkdpE-lowK,0.00610634168946896,0.996622663272792
CCNA_03899,quintero_wt-lowK_vs_ΔkdpE-lowK,-0.0903010811947602,0.907191149765063
CCNA_02525,quintero_wt-lowK_vs_ΔkdpE-lowK,0.329608628316446,0.256870412995786
CCNA_03968,quintero_wt-lowK_vs_ΔkdpE-lowK,-0.0393158440439537,NA
CCNA_02526,quintero_wt-lowK_vs_ΔkdpE-lowK,0.0538577345841534,0.951460650386155
CCNA_02527,quintero_wt-lowK_vs_ΔkdpE-lowK,0.0435571122430163,0.966276259130522
CCNA_02528,quintero_wt-lowK_vs_ΔkdpE-lowK,0.0424318679793413,0.961045724700233
CCNA_02529,quintero_wt-lowK_vs_ΔkdpE-lowK,0.139140769747469,0.788976201947821
CCNA_02530,quintero_wt-lowK_vs_ΔkdpE-lowK,0.0274465337549914,0.982930521322842
CCNA_02531,quintero_wt-lowK_vs_ΔkdpE-lowK,-0.189724026036476,0.772019149372916
CCNA_02532,quintero_wt-lowK_vs_ΔkdpE-lowK,-0.326083822614049,NA
CCNA_02533,quintero_wt-lowK_vs_ΔkdpE-lowK,0.159349059205317,0.825616583224396
CCNA_03969,quintero_wt-lowK_vs_ΔkdpE-lowK,0,NA
CCNA_02534,quintero_wt-lowK_vs_ΔkdpE-lowK,-0.0526550332480166,0.958927573897016
CCNA_02535,quintero_wt-lowK_vs_ΔkdpE-lowK,0.178709373808374,0.712868238061611
CCNA_03900,quintero_wt-lowK_vs_ΔkdpE-lowK,-0.053421469443401,0.951890944567136
CCNA_02537,quintero_wt-lowK_vs_ΔkdpE-lowK,0.150651550382116,0.746630288186691
CCNA_02538,quintero_wt-lowK_vs_ΔkdpE-lowK,0.178055844387536,0.727551258370868
CCNA_02539,quintero_wt-lowK_vs_ΔkdpE-lowK,0.20650834717543,0.580340509958106
CCNA_R0166,quintero_wt-lowK_vs_ΔkdpE-lowK,0,NA
CCNA_02540,quintero_wt-lowK_vs_ΔkdpE-lowK,0.0847907021272481,0.916162964698925
CCNA_02541,quintero_wt-lowK_vs_ΔkdpE-lowK,0.0827718180673419,0.933001706522734
CCNA_02542,quintero_wt-lowK_vs_ΔkdpE-lowK,-0.0682407202087501,0.947179879827685
CCNA_02543,quintero_wt-lowK_vs_ΔkdpE-lowK,0.227225901622362,0.662699910368249
CCNA_02544,quintero_wt-lowK_vs_ΔkdpE-lowK,-0.263710882992867,0.651690419170923
CCNA_02545,quintero_wt-lowK_vs_ΔkdpE-lowK,0.0651872997288117,0.93086022855661
CCNA_02546,quintero_wt-lowK_vs_ΔkdpE-lowK,-0.13301677516327,0.798662605460421
CCNA_02547,quintero_wt-lowK_vs_ΔkdpE-lowK,-0.104151581228214,0.876809317781832
CCNA_02548,quintero_wt-lowK_vs_ΔkdpE-lowK,0.0380041777882565,0.966276259130522
CCNA_02549,quintero_wt-lowK_vs_ΔkdpE-lowK,0.22643534928167,0.509811805645411
CCNA_02550,quintero_wt-lowK_vs_ΔkdpE-lowK,0.163564083054672,0.764441124362869
CCNA_02551,quintero_wt-lowK_vs_ΔkdpE-lowK,-0.108225546796355,0.913015530202387
CCNA_02552,quintero_wt-lowK_vs_ΔkdpE-lowK,-0.0788564048610481,0.940979805395612
CCNA_02553,quintero_wt-lowK_vs_ΔkdpE-lowK,-0.00777293592054901,0.996622663272792
CCNA_02554,quintero_wt-lowK_vs_ΔkdpE-lowK,0.194492525536302,0.754762260780112
CCNA_02555,quintero_wt-lowK_vs_ΔkdpE-lowK,0.0518017100237682,0.951890944567136
CCNA_02556,quintero_wt-lowK_vs_ΔkdpE-lowK,0.358107796249372,NA
CCNA_R0167,quintero_wt-lowK_vs_ΔkdpE-lowK,0,NA
CCNA_02557,quintero_wt-lowK_vs_ΔkdpE-lowK,0.00642247248339622,0.996622663272792
CCNA_02558,quintero_wt-lowK_vs_ΔkdpE-lowK,0.0240818246499669,0.982930521322842
CCNA_02559,quintero_wt-lowK_vs_ΔkdpE-lowK,-0.0707329141425789,0.940979805395612
CCNA_02560,quintero_wt-lowK_vs_ΔkdpE-lowK,-0.137076852612621,0.815253330996715
CCNA_02561,quintero_wt-lowK_vs_ΔkdpE-lowK,-0.0216617285253628,0.982930521322842
CCNA_02562,quintero_wt-lowK_vs_ΔkdpE-lowK,0.129586902268091,0.814584236860642
CCNA_02563,quintero_wt-lowK_vs_ΔkdpE-lowK,-0.039032337875038,0.966592881677762
CCNA_02564,quintero_wt-lowK_vs_ΔkdpE-lowK,-0.225032822468165,0.581780131805135
CCNA_02565,quintero_wt-lowK_vs_ΔkdpE-lowK,-0.0233403341726189,0.982930521322842
CCNA_02566,quintero_wt-lowK_vs_ΔkdpE-lowK,-0.029399019251196,0.974743822317701
CCNA_02567,quintero_wt-lowK_vs_ΔkdpE-lowK,0.0185770244523652,0.988776687908575
CCNA_02568,quintero_wt-lowK_vs_ΔkdpE-lowK,0.335982518254997,0.253279910789944
CCNA_02569,quintero_wt-lowK_vs_ΔkdpE-lowK,-0.257589666352141,0.498532684574772
CCNA_02570,quintero_wt-lowK_vs_ΔkdpE-lowK,-0.226743946648578,0.666427140197502
CCNA_02571,quintero_wt-lowK_vs_ΔkdpE-lowK,-0.302179518465487,0.431722825162658
CCNA_02572,quintero_wt-lowK_vs_ΔkdpE-lowK,0.509717997697169,0.0344721942550543
CCNA_02573,quintero_wt-lowK_vs_ΔkdpE-lowK,0.502264038666134,0.0239728804261716
CCNA_02574,quintero_wt-lowK_vs_ΔkdpE-lowK,0.233612564714799,0.74627264672556
CCNA_02575,quintero_wt-lowK_vs_ΔkdpE-lowK,0.254448209065294,0.566761869403589
CCNA_02576,quintero_wt-lowK_vs_ΔkdpE-lowK,0.297007211169985,0.336085014137078
CCNA_02577,quintero_wt-lowK_vs_ΔkdpE-lowK,0.186773225345514,0.727551258370868
CCNA_02578,quintero_wt-lowK_vs_ΔkdpE-lowK,0.0977323535863083,0.907191149765063
CCNA_02579,quintero_wt-lowK_vs_ΔkdpE-lowK,-0.504092527717044,0.0453554338845273
CCNA_02580,quintero_wt-lowK_vs_ΔkdpE-lowK,-0.390880785294148,0.476272656664632
CCNA_02581,quintero_wt-lowK_vs_ΔkdpE-lowK,-0.0543075179638498,0.958927573897016
CCNA_02582,quintero_wt-lowK_vs_ΔkdpE-lowK,-0.271677695954151,NA
CCNA_02583,quintero_wt-lowK_vs_ΔkdpE-lowK,-0.0635185597082521,0.933001706522734
CCNA_03970,quintero_wt-lowK_vs_ΔkdpE-lowK,-0.576989559950521,0.125770370538641
CCNA_03901,quintero_wt-lowK_vs_ΔkdpE-lowK,-0.181113620654916,0.775202555370571
CCNA_02586,quintero_wt-lowK_vs_ΔkdpE-lowK,0.221230951063175,0.588056784594941
CCNA_02587,quintero_wt-lowK_vs_ΔkdpE-lowK,0.0954891771071317,0.892561612178293
CCNA_02588,quintero_wt-lowK_vs_ΔkdpE-lowK,-0.261720939512347,0.398646627648872
CCNA_02589,quintero_wt-lowK_vs_ΔkdpE-lowK,0.0507975681470896,0.958927573897016
CCNA_02590,quintero_wt-lowK_vs_ΔkdpE-lowK,0.045765735124294,0.958927573897016
CCNA_02591,quintero_wt-lowK_vs_ΔkdpE-lowK,-0.344958597257402,0.152911353666509
CCNA_02592,quintero_wt-lowK_vs_ΔkdpE-lowK,-0.0956019255216736,0.897367818490869
CCNA_02593,quintero_wt-lowK_vs_ΔkdpE-lowK,0.0382333688443427,0.971770787800336
CCNA_02594,quintero_wt-lowK_vs_ΔkdpE-lowK,-0.173519326201737,0.797312242340999
CCNA_02595,quintero_wt-lowK_vs_ΔkdpE-lowK,-0.278953114002487,0.500741941770363
CCNA_02596,quintero_wt-lowK_vs_ΔkdpE-lowK,-0.444597024625603,0.107123816069384
CCNA_02597,quintero_wt-lowK_vs_ΔkdpE-lowK,-0.444921848838494,0.198417785874967
CCNA_02598,quintero_wt-lowK_vs_ΔkdpE-lowK,0.27075817178699,0.636014926784018
CCNA_R0168,quintero_wt-lowK_vs_ΔkdpE-lowK,0,NA
CCNA_02599,quintero_wt-lowK_vs_ΔkdpE-lowK,0,NA
CCNA_02600,quintero_wt-lowK_vs_ΔkdpE-lowK,0.141660753070864,0.838974119457327
CCNA_02601,quintero_wt-lowK_vs_ΔkdpE-lowK,0.226495545387139,0.476272656664632
CCNA_02602,quintero_wt-lowK_vs_ΔkdpE-lowK,-0.244689553960174,0.603359701296552
CCNA_02603,quintero_wt-lowK_vs_ΔkdpE-lowK,-0.137794404742496,0.898866238491272
CCNA_02604,quintero_wt-lowK_vs_ΔkdpE-lowK,0.198496438342261,0.767744002447902
CCNA_02605,quintero_wt-lowK_vs_ΔkdpE-lowK,0.238639156421576,0.573633939023478
CCNA_02606,quintero_wt-lowK_vs_ΔkdpE-lowK,-0.424673066891217,0.223482909903074
CCNA_R0169,quintero_wt-lowK_vs_ΔkdpE-lowK,0,NA
CCNA_02607,quintero_wt-lowK_vs_ΔkdpE-lowK,0.105145094731975,0.900000564472675
CCNA_02608,quintero_wt-lowK_vs_ΔkdpE-lowK,0.187266404019445,0.641107836112364
CCNA_02609,quintero_wt-lowK_vs_ΔkdpE-lowK,0.110032969659622,0.916162964698925
CCNA_02610,quintero_wt-lowK_vs_ΔkdpE-lowK,0.136450172769694,0.853771021002398
CCNA_02611,quintero_wt-lowK_vs_ΔkdpE-lowK,-0.110882605946803,0.882508540055804
CCNA_02612,quintero_wt-lowK_vs_ΔkdpE-lowK,0.096458209658178,0.90472250002508
CCNA_02613,quintero_wt-lowK_vs_ΔkdpE-lowK,-0.0105653602770211,0.996622663272792
CCNA_02614,quintero_wt-lowK_vs_ΔkdpE-lowK,-0.0544157519985307,0.954034318977735
CCNA_02615,quintero_wt-lowK_vs_ΔkdpE-lowK,-0.0317216925351359,0.981206646466666
CCNA_02616,quintero_wt-lowK_vs_ΔkdpE-lowK,0.0118615101481546,0.996622663272792
CCNA_02617,quintero_wt-lowK_vs_ΔkdpE-lowK,0.129795164977024,0.897367818490869
CCNA_02618,quintero_wt-lowK_vs_ΔkdpE-lowK,-0.0284826901905064,0.982631579393139
CCNA_02619,quintero_wt-lowK_vs_ΔkdpE-lowK,0.073715417590057,0.916162964698925
CCNA_02620,quintero_wt-lowK_vs_ΔkdpE-lowK,0.1162964134493,0.873004097353089
CCNA_02621,quintero_wt-lowK_vs_ΔkdpE-lowK,-0.629271021429746,0.00418096448388761
CCNA_02622,quintero_wt-lowK_vs_ΔkdpE-lowK,0.162253742653835,0.738102640626918
CCNA_02623,quintero_wt-lowK_vs_ΔkdpE-lowK,-0.0415386598715286,0.966972926487221
CCNA_03971,quintero_wt-lowK_vs_ΔkdpE-lowK,0.344852348521994,0.372130469045246
CCNA_02624,quintero_wt-lowK_vs_ΔkdpE-lowK,-0.0275128321080579,0.978372958428171
CCNA_02625,quintero_wt-lowK_vs_ΔkdpE-lowK,-0.0241302779163108,0.981352551073175
CCNA_02626,quintero_wt-lowK_vs_ΔkdpE-lowK,0.0638890960850293,0.933001706522734
CCNA_02627,quintero_wt-lowK_vs_ΔkdpE-lowK,-0.0221834802632476,0.985381992621398
CCNA_R0170,quintero_wt-lowK_vs_ΔkdpE-lowK,0.323525052961895,NA
CCNA_02628,quintero_wt-lowK_vs_ΔkdpE-lowK,0.0471620040311452,0.959661793444286
CCNA_02629,quintero_wt-lowK_vs_ΔkdpE-lowK,0.0716970368044447,0.922574044312157
CCNA_02630,quintero_wt-lowK_vs_ΔkdpE-lowK,-0.0547044983040524,0.966276259130522
CCNA_02631,quintero_wt-lowK_vs_ΔkdpE-lowK,0.139592641962676,0.886012145280422
CCNA_02632,quintero_wt-lowK_vs_ΔkdpE-lowK,0.0377040209179364,0.978372958428171
CCNA_02633,quintero_wt-lowK_vs_ΔkdpE-lowK,-0.0325630253837285,0.974743822317701
CCNA_02634,quintero_wt-lowK_vs_ΔkdpE-lowK,0.168413853980931,0.743650688678552
CCNA_02635,quintero_wt-lowK_vs_ΔkdpE-lowK,-0.243936661879188,0.451458336096258
CCNA_02636,quintero_wt-lowK_vs_ΔkdpE-lowK,0.281852495503442,0.3686000467595
CCNA_02637,quintero_wt-lowK_vs_ΔkdpE-lowK,-0.00401313052021239,0.996622663272792
CCNA_02638,quintero_wt-lowK_vs_ΔkdpE-lowK,-0.0732729677817627,0.922574044312157
CCNA_02639,quintero_wt-lowK_vs_ΔkdpE-lowK,-0.0195122096716909,0.98768093849729
CCNA_02640,quintero_wt-lowK_vs_ΔkdpE-lowK,-0.0304631022227186,0.974743822317701
CCNA_02641,quintero_wt-lowK_vs_ΔkdpE-lowK,0.0339841270086031,0.969291872532717
CCNA_02642,quintero_wt-lowK_vs_ΔkdpE-lowK,-0.0915643328003928,0.897367818490869
CCNA_02643,quintero_wt-lowK_vs_ΔkdpE-lowK,-0.028860840176437,0.973557788736547
CCNA_02644,quintero_wt-lowK_vs_ΔkdpE-lowK,0.0818521227300348,0.916162964698925
CCNA_02645,quintero_wt-lowK_vs_ΔkdpE-lowK,0.0358028491554768,0.968427682180628
CCNA_02646,quintero_wt-lowK_vs_ΔkdpE-lowK,-0.0997685657722282,0.896331396436136
CCNA_R0171,quintero_wt-lowK_vs_ΔkdpE-lowK,0.161302631071507,NA
CCNA_R0061,quintero_wt-lowK_vs_ΔkdpE-lowK,-0.0607528652103309,0.943590937062561
CCNA_02647,quintero_wt-lowK_vs_ΔkdpE-lowK,-0.244414206199666,0.538329268350282
CCNA_02648,quintero_wt-lowK_vs_ΔkdpE-lowK,0.115091043391651,0.91636225942915694
CCNA_02649,quintero_wt-lowK_vs_ΔkdpE-lowK,0.248848989353066,0.536481032624475
CCNA_02650,quintero_wt-lowK_vs_ΔkdpE-lowK,-0.0387077959133568,0.97044961684226
CCNA_02651,quintero_wt-lowK_vs_ΔkdpE-lowK,-0.158548933997121,0.768118964542274
CCNA_02652,quintero_wt-lowK_vs_ΔkdpE-lowK,-0.383471702752444,0.200846615249258
CCNA_02653,quintero_wt-lowK_vs_ΔkdpE-lowK,-0.149691731235302,0.826063400077891
CCNA_02654,quintero_wt-lowK_vs_ΔkdpE-lowK,-0.154690148608445,0.840556075826212
CCNA_02655,quintero_wt-lowK_vs_ΔkdpE-lowK,0.103538485834047,0.896834139023419
CCNA_02656,quintero_wt-lowK_vs_ΔkdpE-lowK,-0.0836857920809299,0.916162964698925
CCNA_02657,quintero_wt-lowK_vs_ΔkdpE-lowK,0.164934377088445,0.746454855758371
CCNA_02658,quintero_wt-lowK_vs_ΔkdpE-lowK,0.171540890645361,0.712868238061611
CCNA_02659,quintero_wt-lowK_vs_ΔkdpE-lowK,-0.184097084591289,0.801083100395395
CCNA_02660,quintero_wt-lowK_vs_ΔkdpE-lowK,-0.173084863175788,0.814584236860642
CCNA_02661,quintero_wt-lowK_vs_ΔkdpE-lowK,0.0491265342557508,0.948220924133938
CCNA_02662,quintero_wt-lowK_vs_ΔkdpE-lowK,0.0499739689954047,0.957667449530516
CCNA_02663,quintero_wt-lowK_vs_ΔkdpE-lowK,0.0401237435372667,0.965920274454204
CCNA_02664,quintero_wt-lowK_vs_ΔkdpE-lowK,-0.153092694863558,0.738102640626918
CCNA_02665,quintero_wt-lowK_vs_ΔkdpE-lowK,-0.349038133385201,0.230016479778035
CCNA_02666,quintero_wt-lowK_vs_ΔkdpE-lowK,-0.231667649684065,0.633709468343663
CCNA_02667,quintero_wt-lowK_vs_ΔkdpE-lowK,-0.224728556979647,0.634689992155589
CCNA_02668,quintero_wt-lowK_vs_ΔkdpE-lowK,0.104639357566671,0.910927646949931
CCNA_02669,quintero_wt-lowK_vs_ΔkdpE-lowK,-0.215894672482322,0.720321155746814
CCNA_02670,quintero_wt-lowK_vs_ΔkdpE-lowK,-0.0384738717789713,0.966972926487221
CCNA_03972,quintero_wt-lowK_vs_ΔkdpE-lowK,0.148467781429303,NA
CCNA_02671,quintero_wt-lowK_vs_ΔkdpE-lowK,-0.00690016690609484,0.996622663272792
CCNA_02672,quintero_wt-lowK_vs_ΔkdpE-lowK,0.0319531115112066,0.981989532871248
CCNA_02673,quintero_wt-lowK_vs_ΔkdpE-lowK,0.1510772739947,0.792111378499706
CCNA_02674,quintero_wt-lowK_vs_ΔkdpE-lowK,0.353075241420695,NA
CCNA_02675,quintero_wt-lowK_vs_ΔkdpE-lowK,0.126850677908538,0.897367818490869
CCNA_02676,quintero_wt-lowK_vs_ΔkdpE-lowK,0.124170968394892,0.812973024734299
CCNA_02677,quintero_wt-lowK_vs_ΔkdpE-lowK,-0.601144950346472,0.00472032498106064
CCNA_02678,quintero_wt-lowK_vs_ΔkdpE-lowK,-0.12777998297819,0.80530628850682
CCNA_02679,quintero_wt-lowK_vs_ΔkdpE-lowK,-0.00595491704924643,0.996622663272792
CCNA_02680,quintero_wt-lowK_vs_ΔkdpE-lowK,-0.185332556155649,0.746630288186691
CCNA_02681,quintero_wt-lowK_vs_ΔkdpE-lowK,0.208977902668997,0.636501792914278
CCNA_02682,quintero_wt-lowK_vs_ΔkdpE-lowK,0.240369780703777,0.634054287364311
CCNA_02683,quintero_wt-lowK_vs_ΔkdpE-lowK,0.0124275788415226,0.996622663272792
CCNA_02684,quintero_wt-lowK_vs_ΔkdpE-lowK,0.0708995779391441,0.933001706522734
CCNA_02685,quintero_wt-lowK_vs_ΔkdpE-lowK,0.237006204187149,0.583541477122465
CCNA_02686,quintero_wt-lowK_vs_ΔkdpE-lowK,0.0120779721948291,0.996622663272792
CCNA_02687,quintero_wt-lowK_vs_ΔkdpE-lowK,-0.213649172555684,0.633628538007635
CCNA_02688,quintero_wt-lowK_vs_ΔkdpE-lowK,-0.210755321216459,0.605544965518487
CCNA_02689,quintero_wt-lowK_vs_ΔkdpE-lowK,0.268024239847229,0.479520372883687
CCNA_02690,quintero_wt-lowK_vs_ΔkdpE-lowK,0.718862967713401,4.99918605720792e-5
CCNA_02691,quintero_wt-lowK_vs_ΔkdpE-lowK,0.578205356657393,0.00468772752869654
CCNA_R0208,quintero_wt-lowK_vs_ΔkdpE-lowK,0,NA
CCNA_02692,quintero_wt-lowK_vs_ΔkdpE-lowK,-0.00483546942950736,0.996622663272792
CCNA_02693,quintero_wt-lowK_vs_ΔkdpE-lowK,-0.352381473242819,0.158221567078914
CCNA_02694,quintero_wt-lowK_vs_ΔkdpE-lowK,0.100560569466446,0.913170513657892
CCNA_02695,quintero_wt-lowK_vs_ΔkdpE-lowK,-0.128200978070791,0.907191149765063
CCNA_02696,quintero_wt-lowK_vs_ΔkdpE-lowK,-0.0956567283715159,0.916162964698925
CCNA_02697,quintero_wt-lowK_vs_ΔkdpE-lowK,-0.0954177421960385,0.916162964698925
CCNA_02698,quintero_wt-lowK_vs_ΔkdpE-lowK,-0.141918615382002,0.820789827060551
CCNA_02699,quintero_wt-lowK_vs_ΔkdpE-lowK,0.691104430486979,2.87020704562547e-4
CCNA_02700,quintero_wt-lowK_vs_ΔkdpE-lowK,0.44468910241996,0.196342109274707
CCNA_02701,quintero_wt-lowK_vs_ΔkdpE-lowK,-0.0925619635373557,0.916162964698925
CCNA_02702,quintero_wt-lowK_vs_ΔkdpE-lowK,-0.088246341644742,0.922574044312157
CCNA_02703,quintero_wt-lowK_vs_ΔkdpE-lowK,-0.142964765473932,0.860064622125898
CCNA_02704,quintero_wt-lowK_vs_ΔkdpE-lowK,0.0910462199753659,0.888070713772228
CCNA_02705,quintero_wt-lowK_vs_ΔkdpE-lowK,0.037987206748454,0.966276259130522
CCNA_R0064,quintero_wt-lowK_vs_ΔkdpE-lowK,-0.0944152014064866,0.913015530202387
CCNA_R0065,quintero_wt-lowK_vs_ΔkdpE-lowK,-0.115535305674024,0.892561612178293
CCNA_R0066,quintero_wt-lowK_vs_ΔkdpE-lowK,-0.182974763804867,0.834543961670974
CCNA_R0067,quintero_wt-lowK_vs_ΔkdpE-lowK,-0.106620184090104,0.927551435100477
CCNA_R0068,quintero_wt-lowK_vs_ΔkdpE-lowK,-0.00566186954617725,0.996622663272792
CCNA_R0069,quintero_wt-lowK_vs_ΔkdpE-lowK,-0.166200145536325,0.832818174551146
CCNA_02708,quintero_wt-lowK_vs_ΔkdpE-lowK,0.18849183984472,0.641107836112364
CCNA_02709,quintero_wt-lowK_vs_ΔkdpE-lowK,0.0097448531912093,0.996622663272792
CCNA_02710,quintero_wt-lowK_vs_ΔkdpE-lowK,-0.123945194405314,0.873004097353089
CCNA_02711,quintero_wt-lowK_vs_ΔkdpE-lowK,-0.111723055928138,0.853771021002398
CCNA_02712,quintero_wt-lowK_vs_ΔkdpE-lowK,-0.101437749577657,0.878462045891448
CCNA_02713,quintero_wt-lowK_vs_ΔkdpE-lowK,-0.222377142921759,0.538329268350282
CCNA_02714,quintero_wt-lowK_vs_ΔkdpE-lowK,0.317481147475139,0.359435903741907
CCNA_02715,quintero_wt-lowK_vs_ΔkdpE-lowK,0.00923255396867129,0.996622663272792
CCNA_02716,quintero_wt-lowK_vs_ΔkdpE-lowK,-0.113375492541162,0.850447983125455
CCNA_02717,quintero_wt-lowK_vs_ΔkdpE-lowK,-0.0896165858486362,0.90472250002508
CCNA_02718,quintero_wt-lowK_vs_ΔkdpE-lowK,6.64840724206997e-4,0.999404812702136
CCNA_02719,quintero_wt-lowK_vs_ΔkdpE-lowK,-0.036551753360402,0.973060152610324
CCNA_02720,quintero_wt-lowK_vs_ΔkdpE-lowK,0.012407193427792,0.996622663272792
CCNA_02721,quintero_wt-lowK_vs_ΔkdpE-lowK,0.295046174716551,0.348813912007187
CCNA_02722,quintero_wt-lowK_vs_ΔkdpE-lowK,-0.141955197437942,0.782366070027728
CCNA_02723,quintero_wt-lowK_vs_ΔkdpE-lowK,-1.1662030227795,2.01056447983427e-8
CCNA_02724,quintero_wt-lowK_vs_ΔkdpE-lowK,-0.107797772012058,0.889280418078436
CCNA_02725,quintero_wt-lowK_vs_ΔkdpE-lowK,0.00502828966438148,0.996622663272792
CCNA_R0063,quintero_wt-lowK_vs_ΔkdpE-lowK,0.0850123383554267,NA
CCNA_02726,quintero_wt-lowK_vs_ΔkdpE-lowK,0.149407429673878,0.797312242340999
CCNA_03973,quintero_wt-lowK_vs_ΔkdpE-lowK,0.558967412065102,0.114162113377669
CCNA_02727,quintero_wt-lowK_vs_ΔkdpE-lowK,0.722558741796148,0.0130410239514732
CCNA_02728,quintero_wt-lowK_vs_ΔkdpE-lowK,-0.192406753564513,0.699316140225299
CCNA_02729,quintero_wt-lowK_vs_ΔkdpE-lowK,-0.107904693853047,0.885619980393116
CCNA_02730,quintero_wt-lowK_vs_ΔkdpE-lowK,0.0427889627988514,0.968754806938078
CCNA_02731,quintero_wt-lowK_vs_ΔkdpE-lowK,-8.85147308193868e-5,0.999955636558677
CCNA_02732,quintero_wt-lowK_vs_ΔkdpE-lowK,0.146604465237321,0.802539892773751
CCNA_02733,quintero_wt-lowK_vs_ΔkdpE-lowK,0.015927436586952,0.99407751141813006
CCNA_02734,quintero_wt-lowK_vs_ΔkdpE-lowK,-0.162988370686417,0.768691625554576
CCNA_02735,quintero_wt-lowK_vs_ΔkdpE-lowK,-0.13372265237247,0.832505785673961
CCNA_02736,quintero_wt-lowK_vs_ΔkdpE-lowK,-0.176486669029488,0.76027105147352
CCNA_02737,quintero_wt-lowK_vs_ΔkdpE-lowK,0.182216365598897,0.733933578463851
CCNA_02738,quintero_wt-lowK_vs_ΔkdpE-lowK,-0.181719526221845,0.693048892542333
CCNA_03974,quintero_wt-lowK_vs_ΔkdpE-lowK,-0.0127922318146967,0.996622663272792
CCNA_02739,quintero_wt-lowK_vs_ΔkdpE-lowK,-0.201848036801676,0.816843318195509
CCNA_02740,quintero_wt-lowK_vs_ΔkdpE-lowK,-0.234827138842614,NA
CCNA_02741,quintero_wt-lowK_vs_ΔkdpE-lowK,-0.0835830493936738,0.900000564472675
CCNA_02742,quintero_wt-lowK_vs_ΔkdpE-lowK,0.267832519511875,0.573633939023478
CCNA_03975,quintero_wt-lowK_vs_ΔkdpE-lowK,0.500383364281817,NA
CCNA_02743,quintero_wt-lowK_vs_ΔkdpE-lowK,0.914436814514811,8.57960318710795e-5
CCNA_02744,quintero_wt-lowK_vs_ΔkdpE-lowK,0.168124896461915,0.822002845657489
CCNA_02745,quintero_wt-lowK_vs_ΔkdpE-lowK,0.181053154077013,0.713167994295336
CCNA_02746,quintero_wt-lowK_vs_ΔkdpE-lowK,0.0751323366300595,0.922574044312157
CCNA_02747,quintero_wt-lowK_vs_ΔkdpE-lowK,0.225949799987513,0.633709468343663
CCNA_02748,quintero_wt-lowK_vs_ΔkdpE-lowK,0.0490071116893123,0.968754806938078
CCNA_02749,quintero_wt-lowK_vs_ΔkdpE-lowK,0.192455898297804,0.739462243241038
CCNA_02750,quintero_wt-lowK_vs_ΔkdpE-lowK,-0.0642862883557665,0.953521753310363
CCNA_02751,quintero_wt-lowK_vs_ΔkdpE-lowK,-0.0752394106400268,0.927991969097429
CCNA_02752,quintero_wt-lowK_vs_ΔkdpE-lowK,-0.134997370314683,0.812973024734299
CCNA_02753,quintero_wt-lowK_vs_ΔkdpE-lowK,0.0530079184392458,0.946838660291468
CCNA_02754,quintero_wt-lowK_vs_ΔkdpE-lowK,0.00374324122438729,0.996622663272792
CCNA_R0071,quintero_wt-lowK_vs_ΔkdpE-lowK,0.418299742801327,0.269352243416037
CCNA_02755,quintero_wt-lowK_vs_ΔkdpE-lowK,-0.105037079369556,0.907191149765063
CCNA_02756,quintero_wt-lowK_vs_ΔkdpE-lowK,-0.110980275051061,0.888070713772228
CCNA_02757,quintero_wt-lowK_vs_ΔkdpE-lowK,0.182768386487909,0.725401415757764
CCNA_02758,quintero_wt-lowK_vs_ΔkdpE-lowK,-1.1286758136304,3.57989037131834e-8
CCNA_02759,quintero_wt-lowK_vs_ΔkdpE-lowK,-0.0952845181945006,0.893651922940822
CCNA_02760,quintero_wt-lowK_vs_ΔkdpE-lowK,0.104347865735922,0.888070713772228
CCNA_03976,quintero_wt-lowK_vs_ΔkdpE-lowK,0.0490698190989459,0.966169065905494
CCNA_02761,quintero_wt-lowK_vs_ΔkdpE-lowK,0.0216072547345371,0.988776687908575
CCNA_02762,quintero_wt-lowK_vs_ΔkdpE-lowK,-0.0370561861463528,0.973858841046356
CCNA_02763,quintero_wt-lowK_vs_ΔkdpE-lowK,0.337508659416129,0.201160524670674
CCNA_02764,quintero_wt-lowK_vs_ΔkdpE-lowK,0.164523312964925,0.797347321990269
CCNA_02765,quintero_wt-lowK_vs_ΔkdpE-lowK,0.0496348324079572,0.966276259130522
CCNA_02766,quintero_wt-lowK_vs_ΔkdpE-lowK,0.0949343669338855,0.933001706522734
CCNA_02767,quintero_wt-lowK_vs_ΔkdpE-lowK,0.051385616634285,0.959180217097343
CCNA_02768,quintero_wt-lowK_vs_ΔkdpE-lowK,0.0072520183482986,0.996622663272792
CCNA_02769,quintero_wt-lowK_vs_ΔkdpE-lowK,0.0366510886984311,0.973557788736547
CCNA_02770,quintero_wt-lowK_vs_ΔkdpE-lowK,0.080675343932194,0.927780362284331
CCNA_02771,quintero_wt-lowK_vs_ΔkdpE-lowK,0.0459647815330946,NA
CCNA_02772,quintero_wt-lowK_vs_ΔkdpE-lowK,0.0576820868970091,NA
CCNA_02773,quintero_wt-lowK_vs_ΔkdpE-lowK,0.0230170762024427,0.990640399994165
CCNA_02774,quintero_wt-lowK_vs_ΔkdpE-lowK,-0.0141711584490121,0.996622663272792
CCNA_02775,quintero_wt-lowK_vs_ΔkdpE-lowK,0.228859239307868,0.659945218874145
CCNA_02776,quintero_wt-lowK_vs_ΔkdpE-lowK,-0.167779059184395,0.76027105147352
CCNA_02777,quintero_wt-lowK_vs_ΔkdpE-lowK,-0.0965435843543766,0.925354208681293
CCNA_02778,quintero_wt-lowK_vs_ΔkdpE-lowK,0.154753384287015,NA
CCNA_02779,quintero_wt-lowK_vs_ΔkdpE-lowK,-0.0305323348962823,0.981156857180441
CCNA_02780,quintero_wt-lowK_vs_ΔkdpE-lowK,0.0418340851429048,0.966276259130522
CCNA_02781,quintero_wt-lowK_vs_ΔkdpE-lowK,-0.0314855598837776,0.978652377991815
CCNA_02782,quintero_wt-lowK_vs_ΔkdpE-lowK,-0.113291793752242,0.878462045891448
CCNA_R0172,quintero_wt-lowK_vs_ΔkdpE-lowK,0.164786398277759,0.834543961670974
CCNA_02783,quintero_wt-lowK_vs_ΔkdpE-lowK,0.0560880348426753,0.957667449530516
CCNA_02784,quintero_wt-lowK_vs_ΔkdpE-lowK,-0.0382004479732495,0.973127850738155
CCNA_02785,quintero_wt-lowK_vs_ΔkdpE-lowK,-0.227590644886311,0.680464771239257
CCNA_02786,quintero_wt-lowK_vs_ΔkdpE-lowK,-0.261922352363628,0.503400264108943
CCNA_02787,quintero_wt-lowK_vs_ΔkdpE-lowK,0.0709120812088849,0.930752534796192
CCNA_02788,quintero_wt-lowK_vs_ΔkdpE-lowK,0.023792036916777,0.992643611540163
CCNA_02789,quintero_wt-lowK_vs_ΔkdpE-lowK,0.0334821830839314,0.983718113511712
CCNA_02790,quintero_wt-lowK_vs_ΔkdpE-lowK,-0.10610741792877,0.90472250002508
CCNA_02791,quintero_wt-lowK_vs_ΔkdpE-lowK,-0.170670233942492,0.756952627765784
CCNA_02792,quintero_wt-lowK_vs_ΔkdpE-lowK,0.170242711953446,0.724991491473642
CCNA_02793,quintero_wt-lowK_vs_ΔkdpE-lowK,-0.0108561466632873,0.996622663272792
CCNA_02794,quintero_wt-lowK_vs_ΔkdpE-lowK,0.0784986396884272,0.933313267334845
CCNA_02795,quintero_wt-lowK_vs_ΔkdpE-lowK,-0.152228930615569,0.870838719732606
CCNA_02796,quintero_wt-lowK_vs_ΔkdpE-lowK,-0.0354651771577065,0.982631579393139
CCNA_02797,quintero_wt-lowK_vs_ΔkdpE-lowK,0.0417085127365036,0.973557788736547
CCNA_02798,quintero_wt-lowK_vs_ΔkdpE-lowK,-8.5197914610907e-5,0.999955636558677
CCNA_02800,quintero_wt-lowK_vs_ΔkdpE-lowK,0.0571645266493015,0.961045724700233
CCNA_02801,quintero_wt-lowK_vs_ΔkdpE-lowK,-0.117544616986559,0.914468665796029
CCNA_02802,quintero_wt-lowK_vs_ΔkdpE-lowK,0.00818503949831044,0.996622663272792
CCNA_03977,quintero_wt-lowK_vs_ΔkdpE-lowK,0.0222721760307381,0.990640399994165
CCNA_02804,quintero_wt-lowK_vs_ΔkdpE-lowK,-0.0605515874335636,NA
CCNA_02805,quintero_wt-lowK_vs_ΔkdpE-lowK,0.531320010704357,0.00736144343905555
CCNA_02806,quintero_wt-lowK_vs_ΔkdpE-lowK,0.611848203569834,0.0135487179258338
CCNA_02807,quintero_wt-lowK_vs_ΔkdpE-lowK,0.511603425619751,0.104656610016272
CCNA_02808,quintero_wt-lowK_vs_ΔkdpE-lowK,0.356279408178427,NA
CCNA_02809,quintero_wt-lowK_vs_ΔkdpE-lowK,0.0901193023535981,0.907191149765063
CCNA_02810,quintero_wt-lowK_vs_ΔkdpE-lowK,-0.145733501475075,NA
CCNA_R0173,quintero_wt-lowK_vs_ΔkdpE-lowK,0,NA
CCNA_02811,quintero_wt-lowK_vs_ΔkdpE-lowK,-0.0795944352832689,0.916162964698925
CCNA_02812,quintero_wt-lowK_vs_ΔkdpE-lowK,0.0874008092704548,NA
CCNA_02813,quintero_wt-lowK_vs_ΔkdpE-lowK,0.33162476623566,NA
CCNA_02814,quintero_wt-lowK_vs_ΔkdpE-lowK,-0.115632179679103,0.907191149765063
CCNA_02815,quintero_wt-lowK_vs_ΔkdpE-lowK,-0.00193317116943914,0.997836432254234
CCNA_02816,quintero_wt-lowK_vs_ΔkdpE-lowK,0.0550089567772885,0.953112031382008
CCNA_02817,quintero_wt-lowK_vs_ΔkdpE-lowK,0.132476724837375,0.826063400077891
CCNA_02818,quintero_wt-lowK_vs_ΔkdpE-lowK,0.172497456140701,0.802539892773751
CCNA_02819,quintero_wt-lowK_vs_ΔkdpE-lowK,-0.0772294252346174,0.939503106034521
CCNA_02820,quintero_wt-lowK_vs_ΔkdpE-lowK,-0.0660372181505517,0.937919850727579
CCNA_R0174,quintero_wt-lowK_vs_ΔkdpE-lowK,-0.00765227767300299,NA
CCNA_02821,quintero_wt-lowK_vs_ΔkdpE-lowK,0.0897062171557073,0.907191149765063
CCNA_02822,quintero_wt-lowK_vs_ΔkdpE-lowK,-0.116307088045735,0.844415879992159
CCNA_03978,quintero_wt-lowK_vs_ΔkdpE-lowK,0,NA
CCNA_03979,quintero_wt-lowK_vs_ΔkdpE-lowK,0.143051813929,NA
CCNA_02823,quintero_wt-lowK_vs_ΔkdpE-lowK,0.379795158526175,0.300365928879162
CCNA_02824,quintero_wt-lowK_vs_ΔkdpE-lowK,0.202846431282301,0.771778159855025
CCNA_02825,quintero_wt-lowK_vs_ΔkdpE-lowK,0.204875913568703,0.729984131231234
CCNA_R0070,quintero_wt-lowK_vs_ΔkdpE-lowK,-0.0789758457383237,NA
CCNA_02826,quintero_wt-lowK_vs_ΔkdpE-lowK,0.125740045702814,0.826725830637318
CCNA_02827,quintero_wt-lowK_vs_ΔkdpE-lowK,0.148528446107465,0.836059956626287
CCNA_02828,quintero_wt-lowK_vs_ΔkdpE-lowK,0.0320696654477937,NA
CCNA_02829,quintero_wt-lowK_vs_ΔkdpE-lowK,0.114735236417389,0.900000564472675
CCNA_03980,quintero_wt-lowK_vs_ΔkdpE-lowK,0.227051692032379,NA
CCNA_02830,quintero_wt-lowK_vs_ΔkdpE-lowK,0.238129733992025,0.620036912166275
CCNA_02831,quintero_wt-lowK_vs_ΔkdpE-lowK,-0.0328391999203616,0.971749206440118
CCNA_02832,quintero_wt-lowK_vs_ΔkdpE-lowK,2.43764597238161e-4,0.999955636558677
CCNA_02833,quintero_wt-lowK_vs_ΔkdpE-lowK,0.191071184153506,0.661921920955506
CCNA_02834,quintero_wt-lowK_vs_ΔkdpE-lowK,0.145559101783365,0.775202555370571
CCNA_02835,quintero_wt-lowK_vs_ΔkdpE-lowK,0.0459739466062467,0.958927573897016
CCNA_02836,quintero_wt-lowK_vs_ΔkdpE-lowK,-0.214295680082872,0.661208813560314
CCNA_02837,quintero_wt-lowK_vs_ΔkdpE-lowK,-0.00770901881430651,0.996622663272792
CCNA_02838,quintero_wt-lowK_vs_ΔkdpE-lowK,0.0540011851677017,0.948220924133938
CCNA_02839,quintero_wt-lowK_vs_ΔkdpE-lowK,0.192963911240327,0.661921920955506
CCNA_02840,quintero_wt-lowK_vs_ΔkdpE-lowK,0.0933742149906472,0.907191149765063
CCNA_02841,quintero_wt-lowK_vs_ΔkdpE-lowK,0.00422664473222153,NA
CCNA_02842,quintero_wt-lowK_vs_ΔkdpE-lowK,-0.211724840692417,0.619263792036413
CCNA_02843,quintero_wt-lowK_vs_ΔkdpE-lowK,-0.225558902770531,0.580340509958106
CCNA_02844,quintero_wt-lowK_vs_ΔkdpE-lowK,-0.374323660533481,0.12620077926315
CCNA_02845,quintero_wt-lowK_vs_ΔkdpE-lowK,-0.613259443108544,2.84738129653981e-4
CCNA_02846,quintero_wt-lowK_vs_ΔkdpE-lowK,-0.0997121823197493,0.878462045891448
CCNA_02847,quintero_wt-lowK_vs_ΔkdpE-lowK,-0.325059030303961,0.318173662446897
CCNA_02848,quintero_wt-lowK_vs_ΔkdpE-lowK,-0.151109646110651,0.795487438151385
CCNA_02849,quintero_wt-lowK_vs_ΔkdpE-lowK,0.407278085228726,0.186760538797896
CCNA_02850,quintero_wt-lowK_vs_ΔkdpE-lowK,0.197699732051976,0.652127055079528
CCNA_02851,quintero_wt-lowK_vs_ΔkdpE-lowK,-0.0452856450515118,0.961905799823269
CCNA_02852,quintero_wt-lowK_vs_ΔkdpE-lowK,-0.0772386473822271,0.913170513657892
CCNA_02853,quintero_wt-lowK_vs_ΔkdpE-lowK,-0.00642561561703442,0.996622663272792
CCNA_02854,quintero_wt-lowK_vs_ΔkdpE-lowK,-0.13404372421674,0.795487438151385
CCNA_02855,quintero_wt-lowK_vs_ΔkdpE-lowK,-0.0698513095391353,0.927780362284331
CCNA_02856,quintero_wt-lowK_vs_ΔkdpE-lowK,-0.746175382783632,1.63231816383883e-4
CCNA_02858,quintero_wt-lowK_vs_ΔkdpE-lowK,-0.067508820069277,0.935217356774127
CCNA_02859,quintero_wt-lowK_vs_ΔkdpE-lowK,-0.0650264719286725,0.944800724259362
CCNA_02860,quintero_wt-lowK_vs_ΔkdpE-lowK,0.00584313131072188,0.996622663272792
CCNA_02861,quintero_wt-lowK_vs_ΔkdpE-lowK,0.30227907976544,0.409501271978976
CCNA_02862,quintero_wt-lowK_vs_ΔkdpE-lowK,0.441723873920385,0.233461004528112
CCNA_02863,quintero_wt-lowK_vs_ΔkdpE-lowK,0.226164905261774,NA
CCNA_02864,quintero_wt-lowK_vs_ΔkdpE-lowK,0.0689844169505438,0.951890944567136
CCNA_02865,quintero_wt-lowK_vs_ΔkdpE-lowK,0.146385491563845,0.870129066192597
CCNA_02866,quintero_wt-lowK_vs_ΔkdpE-lowK,-0.208172493418222,0.772266680380511
CCNA_02867,quintero_wt-lowK_vs_ΔkdpE-lowK,0.0545531032902683,0.966972926487221
CCNA_02868,quintero_wt-lowK_vs_ΔkdpE-lowK,0.127363676208298,NA
CCNA_02869,quintero_wt-lowK_vs_ΔkdpE-lowK,0.149055409693143,0.888070713772228
CCNA_02870,quintero_wt-lowK_vs_ΔkdpE-lowK,0.231887493385336,0.668729755805928
CCNA_02871,quintero_wt-lowK_vs_ΔkdpE-lowK,0.233866720176813,0.724999528102934
CCNA_03882,quintero_wt-lowK_vs_ΔkdpE-lowK,0.285271507396735,0.60725072287363
CCNA_02872,quintero_wt-lowK_vs_ΔkdpE-lowK,0.446716710274346,0.0996526763127425
CCNA_02873,quintero_wt-lowK_vs_ΔkdpE-lowK,0.148827553048842,0.841292106577595
CCNA_02874,quintero_wt-lowK_vs_ΔkdpE-lowK,0.0697971796919735,0.958927573897016
CCNA_02875,quintero_wt-lowK_vs_ΔkdpE-lowK,0.191351350407201,0.815253330996715
CCNA_02877,quintero_wt-lowK_vs_ΔkdpE-lowK,0.127241291585062,0.878462045891448
CCNA_02876,quintero_wt-lowK_vs_ΔkdpE-lowK,0.0949595118695333,0.916162964698925
CCNA_02878,quintero_wt-lowK_vs_ΔkdpE-lowK,-0.0938303160233268,NA
CCNA_02879,quintero_wt-lowK_vs_ΔkdpE-lowK,-0.0223424551125763,NA
CCNA_02880,quintero_wt-lowK_vs_ΔkdpE-lowK,0.0266782187847315,0.982930521322842
CCNA_02881,quintero_wt-lowK_vs_ΔkdpE-lowK,-0.17768343540917,0.756133683725965
CCNA_02882,quintero_wt-lowK_vs_ΔkdpE-lowK,0.112089403792866,NA
CCNA_02883,quintero_wt-lowK_vs_ΔkdpE-lowK,0.264942403495279,0.589578061684241
CCNA_02884,quintero_wt-lowK_vs_ΔkdpE-lowK,2.33515606266603e-4,0.999955636558677
CCNA_02885,quintero_wt-lowK_vs_ΔkdpE-lowK,-0.259340379042549,0.614732508978039
CCNA_02886,quintero_wt-lowK_vs_ΔkdpE-lowK,-0.352985853187024,0.226574058404134
CCNA_02887,quintero_wt-lowK_vs_ΔkdpE-lowK,-0.411643685312809,0.252747209435854
CCNA_02888,quintero_wt-lowK_vs_ΔkdpE-lowK,-0.0997035823251601,0.890895465244537
CCNA_02889,quintero_wt-lowK_vs_ΔkdpE-lowK,-0.058490113781761,0.935724342193256
CCNA_02891,quintero_wt-lowK_vs_ΔkdpE-lowK,0.0194778783521265,0.988776687908575
CCNA_02892,quintero_wt-lowK_vs_ΔkdpE-lowK,-0.0452289846048679,NA
CCNA_02893,quintero_wt-lowK_vs_ΔkdpE-lowK,0.0299375044397995,0.98248793002861
CCNA_02894,quintero_wt-lowK_vs_ΔkdpE-lowK,-0.0467336860533671,0.966276259130522
CCNA_02895,quintero_wt-lowK_vs_ΔkdpE-lowK,-0.00741654383182572,0.996622663272792
CCNA_02896,quintero_wt-lowK_vs_ΔkdpE-lowK,0.0505484233797993,0.95404190888615
CCNA_02897,quintero_wt-lowK_vs_ΔkdpE-lowK,0.0380606959032783,0.973060152610324
CCNA_02898,quintero_wt-lowK_vs_ΔkdpE-lowK,0.264658904092759,0.503400264108943
CCNA_02899,quintero_wt-lowK_vs_ΔkdpE-lowK,0.177945161425828,0.730936462095074
CCNA_02900,quintero_wt-lowK_vs_ΔkdpE-lowK,0.0944278993146617,0.892561612178293
CCNA_02901,quintero_wt-lowK_vs_ΔkdpE-lowK,0.0615585955882996,0.961045724700233
CCNA_02902,quintero_wt-lowK_vs_ΔkdpE-lowK,-0.24622038060847,0.452463957325761
CCNA_02903,quintero_wt-lowK_vs_ΔkdpE-lowK,-0.0439458412422614,0.968427682180628
CCNA_02904,quintero_wt-lowK_vs_ΔkdpE-lowK,0.0244645342577964,0.982631579393139
CCNA_02905,quintero_wt-lowK_vs_ΔkdpE-lowK,-0.0200806168882088,0.994299433496019
CCNA_02906,quintero_wt-lowK_vs_ΔkdpE-lowK,0.114496091503083,0.853771021002398
CCNA_R0072,quintero_wt-lowK_vs_ΔkdpE-lowK,-0.0500231219767346,NA
CCNA_02907,quintero_wt-lowK_vs_ΔkdpE-lowK,0.0430159665144133,NA
CCNA_02908,quintero_wt-lowK_vs_ΔkdpE-lowK,0.0672054623603738,0.935437926684829
CCNA_02909,quintero_wt-lowK_vs_ΔkdpE-lowK,6.33605123717563e-4,0.999404812702136
CCNA_02910,quintero_wt-lowK_vs_ΔkdpE-lowK,-0.196972139724932,0.765584846921413
CCNA_02912,quintero_wt-lowK_vs_ΔkdpE-lowK,-0.110973145030322,0.853771021002398
CCNA_02913,quintero_wt-lowK_vs_ΔkdpE-lowK,-0.164024813434031,0.733910490362093
CCNA_02914,quintero_wt-lowK_vs_ΔkdpE-lowK,-0.481359554589818,0.0136238181885031
CCNA_02915,quintero_wt-lowK_vs_ΔkdpE-lowK,-0.508168576683885,0.0152382975252495
CCNA_02916,quintero_wt-lowK_vs_ΔkdpE-lowK,-0.327256312556218,0.304949895535621
CCNA_02917,quintero_wt-lowK_vs_ΔkdpE-lowK,-0.15256936483266,0.820789827060551
CCNA_02918,quintero_wt-lowK_vs_ΔkdpE-lowK,-0.146099372434587,0.841292106577595
CCNA_02919,quintero_wt-lowK_vs_ΔkdpE-lowK,-0.25104071503306,0.602242669836601
CCNA_02920,quintero_wt-lowK_vs_ΔkdpE-lowK,-0.274298922470356,0.47496873112569
CCNA_02921,quintero_wt-lowK_vs_ΔkdpE-lowK,-0.175594148467163,0.727551258370868
CCNA_02922,quintero_wt-lowK_vs_ΔkdpE-lowK,-0.0691027130421872,0.948564388162675
CCNA_R0175,quintero_wt-lowK_vs_ΔkdpE-lowK,-0.0152236367161304,NA
CCNA_02923,quintero_wt-lowK_vs_ΔkdpE-lowK,-0.0420402197899923,0.966169065905494
CCNA_02924,quintero_wt-lowK_vs_ΔkdpE-lowK,-0.114065598533388,0.903340568556767
CCNA_02925,quintero_wt-lowK_vs_ΔkdpE-lowK,0.416003264478323,0.0678739625711533
CCNA_02926,quintero_wt-lowK_vs_ΔkdpE-lowK,0.0498325265901466,0.966276259130522
CCNA_02927,quintero_wt-lowK_vs_ΔkdpE-lowK,-0.0658724248289008,0.948220924133938
CCNA_02929,quintero_wt-lowK_vs_ΔkdpE-lowK,0.0524115976951796,0.961045724700233
CCNA_02930,quintero_wt-lowK_vs_ΔkdpE-lowK,0.010325556318572,0.996622663272792
CCNA_R0176,quintero_wt-lowK_vs_ΔkdpE-lowK,-0.0643855851568039,0.958927573897016
CCNA_02931,quintero_wt-lowK_vs_ΔkdpE-lowK,0.159823075080358,0.832818174551146
CCNA_02933,quintero_wt-lowK_vs_ΔkdpE-lowK,0.0820157891337757,0.927991969097429
CCNA_02934,quintero_wt-lowK_vs_ΔkdpE-lowK,0.0376244603105339,0.973127850738155
CCNA_02935,quintero_wt-lowK_vs_ΔkdpE-lowK,-0.425512788415683,0.187983570238356
CCNA_02936,quintero_wt-lowK_vs_ΔkdpE-lowK,-0.0808936586469592,0.912507285503531
CCNA_02937,quintero_wt-lowK_vs_ΔkdpE-lowK,-0.264393603027854,0.449202654638064
CCNA_02938,quintero_wt-lowK_vs_ΔkdpE-lowK,-0.216843822335292,0.622991283135906
CCNA_02939,quintero_wt-lowK_vs_ΔkdpE-lowK,-0.373926790007645,0.184120352528282
CCNA_02940,quintero_wt-lowK_vs_ΔkdpE-lowK,-0.371068329749193,0.119593512027005
CCNA_02941,quintero_wt-lowK_vs_ΔkdpE-lowK,0.0320868977619905,0.973557788736547
CCNA_02942,quintero_wt-lowK_vs_ΔkdpE-lowK,0.12873445101679,0.838974119457327
CCNA_03981,quintero_wt-lowK_vs_ΔkdpE-lowK,0.171789402938634,0.775202555370571
CCNA_03982,quintero_wt-lowK_vs_ΔkdpE-lowK,-0.0329564078438396,0.981156857180441
CCNA_02944,quintero_wt-lowK_vs_ΔkdpE-lowK,0.0714489157220626,0.922574044312157
CCNA_02945,quintero_wt-lowK_vs_ΔkdpE-lowK,-0.298392786659224,0.343338262424313
CCNA_02946,quintero_wt-lowK_vs_ΔkdpE-lowK,-0.0662062391471287,0.933001706522734
CCNA_02947,quintero_wt-lowK_vs_ΔkdpE-lowK,-0.0797334248003657,0.927780362284331
CCNA_02948,quintero_wt-lowK_vs_ΔkdpE-lowK,0.133149162948224,0.878462045891448
CCNA_02949,quintero_wt-lowK_vs_ΔkdpE-lowK,-0.227149102065109,0.554720994987288
CCNA_02950,quintero_wt-lowK_vs_ΔkdpE-lowK,-0.198978200073729,0.614763471425347
CCNA_02951,quintero_wt-lowK_vs_ΔkdpE-lowK,-0.0716392005521228,0.933001706522734
CCNA_R0177,quintero_wt-lowK_vs_ΔkdpE-lowK,0.255234514835967,NA
CCNA_02952,quintero_wt-lowK_vs_ΔkdpE-lowK,0.127148208855267,NA
CCNA_02953,quintero_wt-lowK_vs_ΔkdpE-lowK,-0.058262202128992,0.961147858763621
CCNA_02954,quintero_wt-lowK_vs_ΔkdpE-lowK,-0.556182053291648,0.0291868198728127
CCNA_02955,quintero_wt-lowK_vs_ΔkdpE-lowK,-0.340798742373087,0.365488642995684
CCNA_02956,quintero_wt-lowK_vs_ΔkdpE-lowK,-0.313641376317619,0.328952794025961
CCNA_02957,quintero_wt-lowK_vs_ΔkdpE-lowK,-0.105381591023076,0.914219273453641
CCNA_02959,quintero_wt-lowK_vs_ΔkdpE-lowK,-0.0770942808870837,0.937919850727579
CCNA_02960,quintero_wt-lowK_vs_ΔkdpE-lowK,0.113565983250047,0.896331396436136
CCNA_02961,quintero_wt-lowK_vs_ΔkdpE-lowK,-0.0810504126487178,0.907191149765063
CCNA_03983,quintero_wt-lowK_vs_ΔkdpE-lowK,0.0583865384841821,0.949736941784141
CCNA_02962,quintero_wt-lowK_vs_ΔkdpE-lowK,0.0725047690592079,0.943590937062561
CCNA_02963,quintero_wt-lowK_vs_ΔkdpE-lowK,0.0248330179020277,0.982930521322842
CCNA_03984,quintero_wt-lowK_vs_ΔkdpE-lowK,-0.0336196150417362,0.974021796532869
CCNA_02964,quintero_wt-lowK_vs_ΔkdpE-lowK,0.0910740207471939,0.897528818205775
CCNA_02965,quintero_wt-lowK_vs_ΔkdpE-lowK,-0.22123875784501,0.652127055079528
CCNA_02966,quintero_wt-lowK_vs_ΔkdpE-lowK,-0.349408870910326,0.186760538797896
CCNA_02967,quintero_wt-lowK_vs_ΔkdpE-lowK,-0.160067183700342,0.792111378499706
CCNA_03902,quintero_wt-lowK_vs_ΔkdpE-lowK,0.19944106205983,0.678845185305804
CCNA_03883,quintero_wt-lowK_vs_ΔkdpE-lowK,0.155498463761265,0.821946275519447
CCNA_02969,quintero_wt-lowK_vs_ΔkdpE-lowK,-0.0694677400539557,0.9485951968112
CCNA_02970,quintero_wt-lowK_vs_ΔkdpE-lowK,-0.0457329915416769,0.966276259130522
CCNA_02971,quintero_wt-lowK_vs_ΔkdpE-lowK,0.135247089983131,0.858317146343015
CCNA_02972,quintero_wt-lowK_vs_ΔkdpE-lowK,0.297222635732234,0.306022282002648
CCNA_02973,quintero_wt-lowK_vs_ΔkdpE-lowK,0.150414900341887,0.878462045891448
CCNA_02974,quintero_wt-lowK_vs_ΔkdpE-lowK,0.160640278399774,0.826063400077891
CCNA_02975,quintero_wt-lowK_vs_ΔkdpE-lowK,-0.0685617977976003,0.927991969097429
CCNA_02976,quintero_wt-lowK_vs_ΔkdpE-lowK,-0.243956530976662,0.484571324797276
CCNA_02977,quintero_wt-lowK_vs_ΔkdpE-lowK,-0.00580335279192442,0.996622663272792
CCNA_02978,quintero_wt-lowK_vs_ΔkdpE-lowK,-0.259349016092588,0.567083127860566
CCNA_02979,quintero_wt-lowK_vs_ΔkdpE-lowK,-0.0614391682443412,0.940014476097871
CCNA_02980,quintero_wt-lowK_vs_ΔkdpE-lowK,-0.0354548995687259,0.974021796532869
CCNA_02981,quintero_wt-lowK_vs_ΔkdpE-lowK,-0.0335545477939768,0.974021796532869
CCNA_02982,quintero_wt-lowK_vs_ΔkdpE-lowK,-0.235779943747384,0.555349228916881
CCNA_02983,quintero_wt-lowK_vs_ΔkdpE-lowK,0.016849741606532,0.990640399994165
CCNA_02984,quintero_wt-lowK_vs_ΔkdpE-lowK,0.113212774571382,0.897367818490869
CCNA_02985,quintero_wt-lowK_vs_ΔkdpE-lowK,0.193810910146293,0.642387185463284
CCNA_02986,quintero_wt-lowK_vs_ΔkdpE-lowK,-0.00765456795976012,0.996622663272792
CCNA_02987,quintero_wt-lowK_vs_ΔkdpE-lowK,-0.591666252282012,0.03145389790405
CCNA_02988,quintero_wt-lowK_vs_ΔkdpE-lowK,0.0320574813912054,0.981156857180441
CCNA_02989,quintero_wt-lowK_vs_ΔkdpE-lowK,-0.248872968987975,0.681836803848397
CCNA_03903,quintero_wt-lowK_vs_ΔkdpE-lowK,-0.211059647067458,NA
CCNA_02991,quintero_wt-lowK_vs_ΔkdpE-lowK,0.0063427176400804,NA
CCNA_02992,quintero_wt-lowK_vs_ΔkdpE-lowK,0.00314999141948842,0.996622663272792
CCNA_02993,quintero_wt-lowK_vs_ΔkdpE-lowK,-0.01110619129793,0.996622663272792
CCNA_02994,quintero_wt-lowK_vs_ΔkdpE-lowK,0.363758393960401,0.252747209435854
CCNA_02995,quintero_wt-lowK_vs_ΔkdpE-lowK,-0.121304595215915,0.854682870131439
CCNA_02996,quintero_wt-lowK_vs_ΔkdpE-lowK,-0.0831071810361169,0.910927646949931
CCNA_02997,quintero_wt-lowK_vs_ΔkdpE-lowK,-0.0940485146978074,0.935437926684829
CCNA_03904,quintero_wt-lowK_vs_ΔkdpE-lowK,NA,NA
CCNA_02999,quintero_wt-lowK_vs_ΔkdpE-lowK,0.953064967006209,2.43416788462845e-5
CCNA_03000,quintero_wt-lowK_vs_ΔkdpE-lowK,0.253328619836267,0.417226859055002
CCNA_03001,quintero_wt-lowK_vs_ΔkdpE-lowK,0.294708044452119,0.307673220998603
CCNA_03002,quintero_wt-lowK_vs_ΔkdpE-lowK,-0.0484173902885668,0.958927573897016
CCNA_03003,quintero_wt-lowK_vs_ΔkdpE-lowK,-0.205619857348169,0.641151672576265
CCNA_03004,quintero_wt-lowK_vs_ΔkdpE-lowK,-0.133093896579691,0.870838719732606
CCNA_03005,quintero_wt-lowK_vs_ΔkdpE-lowK,0.053971399738079,0.95404190888615
CCNA_03006,quintero_wt-lowK_vs_ΔkdpE-lowK,-6.18339828717099e-4,0.999404812702136
CCNA_03007,quintero_wt-lowK_vs_ΔkdpE-lowK,-0.19885682906736,0.606077269339524
CCNA_03008,quintero_wt-lowK_vs_ΔkdpE-lowK,-0.183066503779077,0.782770967856973
CCNA_03009,quintero_wt-lowK_vs_ΔkdpE-lowK,-0.320836126119427,0.25824769080248
CCNA_03010,quintero_wt-lowK_vs_ΔkdpE-lowK,-0.238117391495054,0.614732508978039
CCNA_03011,quintero_wt-lowK_vs_ΔkdpE-lowK,-0.190363378806211,0.681836803848397
CCNA_03012,quintero_wt-lowK_vs_ΔkdpE-lowK,0.275352585811616,0.528551490836619
CCNA_03013,quintero_wt-lowK_vs_ΔkdpE-lowK,0.449238373313202,0.0996526763127425
CCNA_03014,quintero_wt-lowK_vs_ΔkdpE-lowK,0.0822139455442895,0.903627376816796
CCNA_03015,quintero_wt-lowK_vs_ΔkdpE-lowK,-0.113688434739004,NA
CCNA_03016,quintero_wt-lowK_vs_ΔkdpE-lowK,-0.177733325122482,0.778762345171261
CCNA_03017,quintero_wt-lowK_vs_ΔkdpE-lowK,-0.0798011546700292,NA
CCNA_R0178,quintero_wt-lowK_vs_ΔkdpE-lowK,-0.0500231219767346,NA
CCNA_R0073,quintero_wt-lowK_vs_ΔkdpE-lowK,-0.00528473293835037,NA
CCNA_03018,quintero_wt-lowK_vs_ΔkdpE-lowK,0.137832562659014,NA
CCNA_03019,quintero_wt-lowK_vs_ΔkdpE-lowK,-0.215136801491415,0.672913512122135
CCNA_03020,quintero_wt-lowK_vs_ΔkdpE-lowK,-0.0772096292157647,0.916162964698925
CCNA_03021,quintero_wt-lowK_vs_ΔkdpE-lowK,0.342023812286343,NA
CCNA_03022,quintero_wt-lowK_vs_ΔkdpE-lowK,0.546153443605304,0.119593512027005
CCNA_03023,quintero_wt-lowK_vs_ΔkdpE-lowK,0.742348942065633,0.0103129286893868
CCNA_03024,quintero_wt-lowK_vs_ΔkdpE-lowK,0.22074795810615,0.610999868643915
CCNA_03025,quintero_wt-lowK_vs_ΔkdpE-lowK,-0.136321171572813,0.841292106577595
CCNA_03026,quintero_wt-lowK_vs_ΔkdpE-lowK,-0.0666373381853807,0.933001706522734
CCNA_03027,quintero_wt-lowK_vs_ΔkdpE-lowK,0.187081088085834,0.712868238061611
CCNA_03028,quintero_wt-lowK_vs_ΔkdpE-lowK,0.395552989756216,0.155036825818236
CCNA_03029,quintero_wt-lowK_vs_ΔkdpE-lowK,0.444877243098597,0.120638486167408
CCNA_R0209,quintero_wt-lowK_vs_ΔkdpE-lowK,0.229600908673915,NA
CCNA_03030,quintero_wt-lowK_vs_ΔkdpE-lowK,0.12786738719775,0.855578929489837
CCNA_03031,quintero_wt-lowK_vs_ΔkdpE-lowK,-0.16121358065804,0.768118964542274
CCNA_03032,quintero_wt-lowK_vs_ΔkdpE-lowK,-0.0450509019390275,0.958927573897016
CCNA_03033,quintero_wt-lowK_vs_ΔkdpE-lowK,-0.478600961832581,0.0273242995485153
CCNA_03034,quintero_wt-lowK_vs_ΔkdpE-lowK,-0.696191910116238,9.74039220165101e-5
CCNA_03035,quintero_wt-lowK_vs_ΔkdpE-lowK,-0.169708888684056,0.792111378499706
CCNA_03036,quintero_wt-lowK_vs_ΔkdpE-lowK,-0.00438253867517368,0.996622663272792
CCNA_03037,quintero_wt-lowK_vs_ΔkdpE-lowK,0.111161482374193,0.878462045891448
CCNA_03038,quintero_wt-lowK_vs_ΔkdpE-lowK,-0.185035958498126,0.732000375139041
CCNA_03039,quintero_wt-lowK_vs_ΔkdpE-lowK,-0.269025712336589,0.523363784838003
CCNA_03040,quintero_wt-lowK_vs_ΔkdpE-lowK,-0.241692146900552,0.523756173605779
CCNA_03041,quintero_wt-lowK_vs_ΔkdpE-lowK,-0.290923530445341,0.345089499183512
CCNA_03042,quintero_wt-lowK_vs_ΔkdpE-lowK,-0.140490578342427,0.799983136486764
CCNA_03043,quintero_wt-lowK_vs_ΔkdpE-lowK,0.289032911300041,0.610999868643915
CCNA_03044,quintero_wt-lowK_vs_ΔkdpE-lowK,-0.251701929751369,0.620036912166275
CCNA_03045,quintero_wt-lowK_vs_ΔkdpE-lowK,0.115923799241167,0.857066690458921
CCNA_03046,quintero_wt-lowK_vs_ΔkdpE-lowK,-0.00955192601554835,0.996622663272792
CCNA_03047,quintero_wt-lowK_vs_ΔkdpE-lowK,0.100301791275653,0.91636225942915694
CCNA_03048,quintero_wt-lowK_vs_ΔkdpE-lowK,0.142566567122028,0.853771021002398
CCNA_03049,quintero_wt-lowK_vs_ΔkdpE-lowK,-0.613383198752202,0.00245267167166635
CCNA_03050,quintero_wt-lowK_vs_ΔkdpE-lowK,0.212572617229593,0.650899482899031
CCNA_03051,quintero_wt-lowK_vs_ΔkdpE-lowK,-0.0667456937061796,0.947897745008118
CCNA_03052,quintero_wt-lowK_vs_ΔkdpE-lowK,0.244299336825239,0.542591296592568
CCNA_03053,quintero_wt-lowK_vs_ΔkdpE-lowK,-0.00559081832657173,0.996622663272792
CCNA_03055,quintero_wt-lowK_vs_ΔkdpE-lowK,-0.151963245965572,0.85565469788745
CCNA_03054,quintero_wt-lowK_vs_ΔkdpE-lowK,-0.0850793966528928,0.907191149765063
CCNA_03056,quintero_wt-lowK_vs_ΔkdpE-lowK,0.059046398040436,0.958927573897016
CCNA_03057,quintero_wt-lowK_vs_ΔkdpE-lowK,-0.0216855199756645,0.988776687908575
CCNA_03058,quintero_wt-lowK_vs_ΔkdpE-lowK,0.0189056689437738,0.988776687908575
CCNA_03059,quintero_wt-lowK_vs_ΔkdpE-lowK,-0.0900375551628779,0.900000564472675
CCNA_03060,quintero_wt-lowK_vs_ΔkdpE-lowK,0.243681246999315,0.693048892542333
CCNA_03061,quintero_wt-lowK_vs_ΔkdpE-lowK,-0.21157455337681,0.603359701296552
CCNA_03062,quintero_wt-lowK_vs_ΔkdpE-lowK,-0.188851382963524,0.62025132348202106
CCNA_03063,quintero_wt-lowK_vs_ΔkdpE-lowK,0.00770754460521644,0.996622663272792
CCNA_03064,quintero_wt-lowK_vs_ΔkdpE-lowK,0.128776447895573,0.902446533835842
CCNA_03065,quintero_wt-lowK_vs_ΔkdpE-lowK,-0.230636443462914,0.649684672040208
CCNA_03066,quintero_wt-lowK_vs_ΔkdpE-lowK,-0.213344574148152,0.606077269339524
CCNA_03067,quintero_wt-lowK_vs_ΔkdpE-lowK,-0.133652922566721,0.873517744585788
CCNA_03068,quintero_wt-lowK_vs_ΔkdpE-lowK,-0.476876344994421,0.115386692068948
CCNA_03069,quintero_wt-lowK_vs_ΔkdpE-lowK,-0.428725065930715,NA
CCNA_03070,quintero_wt-lowK_vs_ΔkdpE-lowK,-0.051017933558084,0.966972926487221
CCNA_03071,quintero_wt-lowK_vs_ΔkdpE-lowK,0.0419232893117516,0.966276259130522
CCNA_03072,quintero_wt-lowK_vs_ΔkdpE-lowK,-0.0695989288659846,0.933001706522734
CCNA_03073,quintero_wt-lowK_vs_ΔkdpE-lowK,0.0301759241956726,NA
CCNA_03074,quintero_wt-lowK_vs_ΔkdpE-lowK,-0.152585029627641,0.870838719732606
CCNA_03075,quintero_wt-lowK_vs_ΔkdpE-lowK,-0.319965710178135,0.509869544259708
CCNA_03076,quintero_wt-lowK_vs_ΔkdpE-lowK,0.0977217843850519,0.888070713772228
CCNA_03077,quintero_wt-lowK_vs_ΔkdpE-lowK,0.14673201202843,0.832818174551146
CCNA_03078,quintero_wt-lowK_vs_ΔkdpE-lowK,0.0160552808830591,0.996622663272792
CCNA_03079,quintero_wt-lowK_vs_ΔkdpE-lowK,-0.287480682852599,0.54255295663422
CCNA_03080,quintero_wt-lowK_vs_ΔkdpE-lowK,0.0110183306360873,0.996622663272792
CCNA_03884,quintero_wt-lowK_vs_ΔkdpE-lowK,0.184500765536741,NA
CCNA_03081,quintero_wt-lowK_vs_ΔkdpE-lowK,0.208746757938411,0.732000375139041
CCNA_03082,quintero_wt-lowK_vs_ΔkdpE-lowK,0.199017700776682,0.60725072287363
CCNA_03083,quintero_wt-lowK_vs_ΔkdpE-lowK,-0.112880562754759,0.882508540055804
CCNA_03084,quintero_wt-lowK_vs_ΔkdpE-lowK,-0.0175395465455972,0.990640399994165
CCNA_03085,quintero_wt-lowK_vs_ΔkdpE-lowK,0.120284454526477,0.878462045891448
CCNA_03086,quintero_wt-lowK_vs_ΔkdpE-lowK,0.0595548153860408,0.941129450745627
CCNA_03087,quintero_wt-lowK_vs_ΔkdpE-lowK,-0.412066244717089,0.299526011711989
CCNA_03088,quintero_wt-lowK_vs_ΔkdpE-lowK,-0.163689778626348,0.763122831580805
CCNA_03089,quintero_wt-lowK_vs_ΔkdpE-lowK,0.106626313673536,0.878462045891448
CCNA_03090,quintero_wt-lowK_vs_ΔkdpE-lowK,0.200564214646858,0.60255714471152
CCNA_03091,quintero_wt-lowK_vs_ΔkdpE-lowK,-0.0666593329416881,0.95404190888615
CCNA_03092,quintero_wt-lowK_vs_ΔkdpE-lowK,-0.249793015582133,0.602953599015083
CCNA_03093,quintero_wt-lowK_vs_ΔkdpE-lowK,-0.211730739100962,0.580340509958106
CCNA_03094,quintero_wt-lowK_vs_ΔkdpE-lowK,0.00662425436886778,0.996622663272792
CCNA_03095,quintero_wt-lowK_vs_ΔkdpE-lowK,-0.127432415786901,0.862478082432773
CCNA_03096,quintero_wt-lowK_vs_ΔkdpE-lowK,-0.438533396271331,0.141727617639086
CCNA_03097,quintero_wt-lowK_vs_ΔkdpE-lowK,-0.928909428959707,1.28634260712687e-5
CCNA_03098,quintero_wt-lowK_vs_ΔkdpE-lowK,-1.24401652504252,6.79910333535227e-14
CCNA_03099,quintero_wt-lowK_vs_ΔkdpE-lowK,-0.273115297631345,0.3686000467595
CCNA_03100,quintero_wt-lowK_vs_ΔkdpE-lowK,0.222830313393561,0.730936462095074
CCNA_03101,quintero_wt-lowK_vs_ΔkdpE-lowK,0.0196026366709801,0.988776687908575
CCNA_03102,quintero_wt-lowK_vs_ΔkdpE-lowK,-0.0969897942677484,0.913015530202387
CCNA_03103,quintero_wt-lowK_vs_ΔkdpE-lowK,0.181434410132854,0.797312242340999
CCNA_03104,quintero_wt-lowK_vs_ΔkdpE-lowK,0.189763577534918,0.74627264672556
CCNA_03105,quintero_wt-lowK_vs_ΔkdpE-lowK,0.164575402704827,0.764441124362869
CCNA_03106,quintero_wt-lowK_vs_ΔkdpE-lowK,-0.0547897165409586,0.952167566207004
CCNA_03107,quintero_wt-lowK_vs_ΔkdpE-lowK,-0.0966860277712481,0.889280418078436
CCNA_03108,quintero_wt-lowK_vs_ΔkdpE-lowK,0.459097471757956,0.133216278125544
CCNA_03110,quintero_wt-lowK_vs_ΔkdpE-lowK,-0.0615101582847354,0.948220924133938
CCNA_03112,quintero_wt-lowK_vs_ΔkdpE-lowK,0.0480453734672537,0.958927573897016
CCNA_03985,quintero_wt-lowK_vs_ΔkdpE-lowK,-0.096125389775309,0.898721748325962
CCNA_03113,quintero_wt-lowK_vs_ΔkdpE-lowK,-0.357003355186567,0.345089499183512
CCNA_03114,quintero_wt-lowK_vs_ΔkdpE-lowK,0.00760083998860382,NA
CCNA_03115,quintero_wt-lowK_vs_ΔkdpE-lowK,0.243194632031162,0.48876794418108
CCNA_R0179,quintero_wt-lowK_vs_ΔkdpE-lowK,-0.00534031049542952,NA
CCNA_03116,quintero_wt-lowK_vs_ΔkdpE-lowK,-0.11579695036422,NA
CCNA_03117,quintero_wt-lowK_vs_ΔkdpE-lowK,-0.767232200420534,3.32218018484341e-5
CCNA_R0180,quintero_wt-lowK_vs_ΔkdpE-lowK,-0.561994478685664,0.113133833605011
CCNA_03118,quintero_wt-lowK_vs_ΔkdpE-lowK,-0.318967821412142,0.2392405644343
CCNA_R0181,quintero_wt-lowK_vs_ΔkdpE-lowK,-0.279677814368591,NA
CCNA_03119,quintero_wt-lowK_vs_ΔkdpE-lowK,0.168710464133506,0.842237876614409
CCNA_03120,quintero_wt-lowK_vs_ΔkdpE-lowK,0.0407485213805114,0.964660641575699
CCNA_03121,quintero_wt-lowK_vs_ΔkdpE-lowK,0.0740361179376353,0.922574044312157
CCNA_03122,quintero_wt-lowK_vs_ΔkdpE-lowK,-0.247397660839592,0.483670601447068
CCNA_03123,quintero_wt-lowK_vs_ΔkdpE-lowK,-0.192590349505659,0.756133683725965
CCNA_03124,quintero_wt-lowK_vs_ΔkdpE-lowK,-0.174128639128619,0.798316925154424
CCNA_03125,quintero_wt-lowK_vs_ΔkdpE-lowK,-0.187765458554179,0.735640801899748
CCNA_03126,quintero_wt-lowK_vs_ΔkdpE-lowK,0.0117205155782869,0.996622663272792
CCNA_03127,quintero_wt-lowK_vs_ΔkdpE-lowK,0.0477602508276027,0.952380448532284
CCNA_03128,quintero_wt-lowK_vs_ΔkdpE-lowK,0.295799940696069,0.399130069001897
CCNA_03129,quintero_wt-lowK_vs_ΔkdpE-lowK,0.0621900094230031,0.937919850727579
CCNA_03130,quintero_wt-lowK_vs_ΔkdpE-lowK,0.0678898814629854,0.933001706522734
CCNA_03131,quintero_wt-lowK_vs_ΔkdpE-lowK,-0.131589994989894,0.833806841470856
CCNA_03132,quintero_wt-lowK_vs_ΔkdpE-lowK,0.0577695346280606,0.947897745008118
CCNA_03133,quintero_wt-lowK_vs_ΔkdpE-lowK,0.231262891635775,0.555341102675968
CCNA_03134,quintero_wt-lowK_vs_ΔkdpE-lowK,0.120471576507894,0.885611686096423
CCNA_03135,quintero_wt-lowK_vs_ΔkdpE-lowK,-0.193415057517031,0.69415710603506
CCNA_03136,quintero_wt-lowK_vs_ΔkdpE-lowK,-0.106802692174362,0.876203113376059
CCNA_03137,quintero_wt-lowK_vs_ΔkdpE-lowK,-0.144997233864058,0.768691625554576
CCNA_03986,quintero_wt-lowK_vs_ΔkdpE-lowK,0.110589312907999,0.896331396436136
CCNA_03138,quintero_wt-lowK_vs_ΔkdpE-lowK,-0.822720033705439,7.93457898424265e-4
CCNA_R0182,quintero_wt-lowK_vs_ΔkdpE-lowK,0.149734018574949,0.878462045891448
CCNA_03139,quintero_wt-lowK_vs_ΔkdpE-lowK,-0.073744563070326,0.940528575097107
CCNA_03140,quintero_wt-lowK_vs_ΔkdpE-lowK,-0.0371285373841218,0.973557788736547
CCNA_03141,quintero_wt-lowK_vs_ΔkdpE-lowK,-0.198553619861891,0.636014926784018
CCNA_03142,quintero_wt-lowK_vs_ΔkdpE-lowK,0.183443008908264,0.694751184320833
CCNA_R0183,quintero_wt-lowK_vs_ΔkdpE-lowK,0.112114140854903,0.888070713772228
CCNA_03143,quintero_wt-lowK_vs_ΔkdpE-lowK,-0.0315919218272236,0.974743822317701
CCNA_03144,quintero_wt-lowK_vs_ΔkdpE-lowK,-0.143490901793083,0.777014643126103
CCNA_03146,quintero_wt-lowK_vs_ΔkdpE-lowK,0.0537179938767457,0.948220924133938
CCNA_03147,quintero_wt-lowK_vs_ΔkdpE-lowK,0.137739612623341,0.832818174551146
CCNA_03148,quintero_wt-lowK_vs_ΔkdpE-lowK,0.0196244831282464,0.987184707454109
CCNA_03149,quintero_wt-lowK_vs_ΔkdpE-lowK,-0.305557714399034,0.500432556298532
CCNA_03150,quintero_wt-lowK_vs_ΔkdpE-lowK,-0.296573740803655,NA
CCNA_03151,quintero_wt-lowK_vs_ΔkdpE-lowK,-0.0381194312545978,0.974743822317701
CCNA_03152,quintero_wt-lowK_vs_ΔkdpE-lowK,-0.260150499143538,0.660806591032547
CCNA_03153,quintero_wt-lowK_vs_ΔkdpE-lowK,-0.204155268233097,0.729984131231234
CCNA_03154,quintero_wt-lowK_vs_ΔkdpE-lowK,-0.285482259587713,0.600940731512361
CCNA_03155,quintero_wt-lowK_vs_ΔkdpE-lowK,0.990933277924873,9.78965776047933e-5
CCNA_03156,quintero_wt-lowK_vs_ΔkdpE-lowK,0.844762763705755,0.00353378133416479
CCNA_03157,quintero_wt-lowK_vs_ΔkdpE-lowK,0.901721214683365,7.93457898424265e-4
CCNA_03158,quintero_wt-lowK_vs_ΔkdpE-lowK,0.81147527165584,0.00361659028224039
CCNA_03159,quintero_wt-lowK_vs_ΔkdpE-lowK,0.59952503223544,0.0550527371847864
CCNA_03160,quintero_wt-lowK_vs_ΔkdpE-lowK,0.221004247852287,0.706452025668922
CCNA_03161,quintero_wt-lowK_vs_ΔkdpE-lowK,0.0268550161610384,0.981352551073175
CCNA_03162,quintero_wt-lowK_vs_ΔkdpE-lowK,0.0185549533269354,0.989621444518567
CCNA_03163,quintero_wt-lowK_vs_ΔkdpE-lowK,0.0828127365882961,0.910927646949931
CCNA_03164,quintero_wt-lowK_vs_ΔkdpE-lowK,0.117503916289842,0.882332527640147
CCNA_03165,quintero_wt-lowK_vs_ΔkdpE-lowK,-0.33419318051606,0.491201887971286
CCNA_03166,quintero_wt-lowK_vs_ΔkdpE-lowK,-0.0341234885889608,0.978652377991815
CCNA_03167,quintero_wt-lowK_vs_ΔkdpE-lowK,0.263914811481454,0.464575564611637
CCNA_03168,quintero_wt-lowK_vs_ΔkdpE-lowK,0.468636652433144,0.0780344687106925
CCNA_03169,quintero_wt-lowK_vs_ΔkdpE-lowK,0.0369491559019962,0.978652377991815
CCNA_R0184,quintero_wt-lowK_vs_ΔkdpE-lowK,9.01361375314383e-4,NA
CCNA_03170,quintero_wt-lowK_vs_ΔkdpE-lowK,-0.227605213098865,0.588056784594941
CCNA_03171,quintero_wt-lowK_vs_ΔkdpE-lowK,-0.265737805125756,0.402178818152697
CCNA_03172,quintero_wt-lowK_vs_ΔkdpE-lowK,-0.310832571402397,0.459756347078216
CCNA_03173,quintero_wt-lowK_vs_ΔkdpE-lowK,-0.0575477230698652,0.948220924133938
CCNA_03174,quintero_wt-lowK_vs_ΔkdpE-lowK,-0.0107991885277127,0.996622663272792
CCNA_03175,quintero_wt-lowK_vs_ΔkdpE-lowK,-0.0224325827361265,0.99016359138485
CCNA_03176,quintero_wt-lowK_vs_ΔkdpE-lowK,-0.0327732339558263,0.973557788736547
CCNA_03177,quintero_wt-lowK_vs_ΔkdpE-lowK,0.162688113162068,0.712868238061611
CCNA_03178,quintero_wt-lowK_vs_ΔkdpE-lowK,-0.0987086081860315,0.897367818490869
CCNA_03179,quintero_wt-lowK_vs_ΔkdpE-lowK,-0.0585141837616026,0.952167566207004
CCNA_03180,quintero_wt-lowK_vs_ΔkdpE-lowK,-0.00687982561128237,0.996622663272792
CCNA_03181,quintero_wt-lowK_vs_ΔkdpE-lowK,-0.109770865167861,0.846224470536715
CCNA_03182,quintero_wt-lowK_vs_ΔkdpE-lowK,-0.403389889169114,0.417155168465875
CCNA_03183,quintero_wt-lowK_vs_ΔkdpE-lowK,-0.0480491613675407,0.958927573897016
CCNA_03184,quintero_wt-lowK_vs_ΔkdpE-lowK,0.04865046803256,0.951890944567136
CCNA_03185,quintero_wt-lowK_vs_ΔkdpE-lowK,-0.040119652043111,0.966276259130522
CCNA_03186,quintero_wt-lowK_vs_ΔkdpE-lowK,-0.348941282866245,0.200846615249258
CCNA_03187,quintero_wt-lowK_vs_ΔkdpE-lowK,-0.186078632999399,0.735842036671484
CCNA_03188,quintero_wt-lowK_vs_ΔkdpE-lowK,0.162811945955254,0.841292106577595
CCNA_03189,quintero_wt-lowK_vs_ΔkdpE-lowK,-0.0439580931455099,0.973557788736547
CCNA_03190,quintero_wt-lowK_vs_ΔkdpE-lowK,0.282919531542612,0.458116538194999
CCNA_03191,quintero_wt-lowK_vs_ΔkdpE-lowK,-0.0616264043567114,0.943590937062561
CCNA_03192,quintero_wt-lowK_vs_ΔkdpE-lowK,-0.210787556316318,0.65720593600321
CCNA_03193,quintero_wt-lowK_vs_ΔkdpE-lowK,-0.382793510475951,0.139848524945333
CCNA_03194,quintero_wt-lowK_vs_ΔkdpE-lowK,0.0820444927412876,0.926000275021732
CCNA_03987,quintero_wt-lowK_vs_ΔkdpE-lowK,0.236407646073258,0.681836803848397
CCNA_03195,quintero_wt-lowK_vs_ΔkdpE-lowK,-0.395979516435362,0.187983570238356
CCNA_03196,quintero_wt-lowK_vs_ΔkdpE-lowK,-0.642199386004054,NA
CCNA_03197,quintero_wt-lowK_vs_ΔkdpE-lowK,0.166941314713606,0.772064230682535
CCNA_03198,quintero_wt-lowK_vs_ΔkdpE-lowK,-0.153176888902318,0.76243208338267
CCNA_03199,quintero_wt-lowK_vs_ΔkdpE-lowK,0.00450288226467611,0.996622663272792
CCNA_03200,quintero_wt-lowK_vs_ΔkdpE-lowK,-0.121356896746155,0.873004097353089
CCNA_03201,quintero_wt-lowK_vs_ΔkdpE-lowK,0.19038920384365,0.682986386451956
CCNA_03202,quintero_wt-lowK_vs_ΔkdpE-lowK,0.222627009560311,0.519896511379164
CCNA_03203,quintero_wt-lowK_vs_ΔkdpE-lowK,-0.0463860817151765,0.958927573897016
CCNA_03204,quintero_wt-lowK_vs_ΔkdpE-lowK,0.10858632403954,0.873517744585788
CCNA_03205,quintero_wt-lowK_vs_ΔkdpE-lowK,0.150152601091616,0.794981926895211
CCNA_03206,quintero_wt-lowK_vs_ΔkdpE-lowK,0.288326788507934,0.479520372883687
CCNA_03207,quintero_wt-lowK_vs_ΔkdpE-lowK,0.163351982244766,0.716508809479726
CCNA_03208,quintero_wt-lowK_vs_ΔkdpE-lowK,-0.0341378014738569,0.974021796532869
CCNA_03209,quintero_wt-lowK_vs_ΔkdpE-lowK,0.0116427646071845,0.996622663272792
CCNA_03210,quintero_wt-lowK_vs_ΔkdpE-lowK,0.339239535779329,0.241245691019529
CCNA_03211,quintero_wt-lowK_vs_ΔkdpE-lowK,0.0610988962898047,0.943590937062561
CCNA_03212,quintero_wt-lowK_vs_ΔkdpE-lowK,-0.0785574568506808,0.933001706522734
CCNA_03213,quintero_wt-lowK_vs_ΔkdpE-lowK,-0.199952526713006,0.610999868643915
CCNA_03214,quintero_wt-lowK_vs_ΔkdpE-lowK,-0.102453187817226,0.900000564472675
CCNA_03215,quintero_wt-lowK_vs_ΔkdpE-lowK,-0.0134649280660899,0.996622663272792
CCNA_03216,quintero_wt-lowK_vs_ΔkdpE-lowK,0.313896404803979,0.4253719502659
CCNA_R0185,quintero_wt-lowK_vs_ΔkdpE-lowK,-0.0108559297600684,NA
CCNA_03217,quintero_wt-lowK_vs_ΔkdpE-lowK,0.153685428931969,0.860064622125898
CCNA_03218,quintero_wt-lowK_vs_ΔkdpE-lowK,-0.225610330344361,0.642387185463284
CCNA_03219,quintero_wt-lowK_vs_ΔkdpE-lowK,-0.218001107551084,0.634199744253735
CCNA_03221,quintero_wt-lowK_vs_ΔkdpE-lowK,-0.110577544826648,0.893021053128594
CCNA_03222,quintero_wt-lowK_vs_ΔkdpE-lowK,-0.0313290437318113,0.978652377991815
CCNA_03223,quintero_wt-lowK_vs_ΔkdpE-lowK,-0.0434187113844431,0.969291872532717
CCNA_03224,quintero_wt-lowK_vs_ΔkdpE-lowK,0.172347220874581,0.768118964542274
CCNA_03225,quintero_wt-lowK_vs_ΔkdpE-lowK,-0.0683217499271076,0.927991969097429
CCNA_03226,quintero_wt-lowK_vs_ΔkdpE-lowK,-0.230758144407678,0.642387185463284
CCNA_03227,quintero_wt-lowK_vs_ΔkdpE-lowK,-0.406413788882168,0.104022863771899
CCNA_03228,quintero_wt-lowK_vs_ΔkdpE-lowK,0.0835459635419049,0.901387296495574
CCNA_03229,quintero_wt-lowK_vs_ΔkdpE-lowK,0.256489241196189,0.512533250162098
CCNA_03230,quintero_wt-lowK_vs_ΔkdpE-lowK,0.228947695539458,0.609448675867348
CCNA_03988,quintero_wt-lowK_vs_ΔkdpE-lowK,0,NA
CCNA_03231,quintero_wt-lowK_vs_ΔkdpE-lowK,0,NA
CCNA_03232,quintero_wt-lowK_vs_ΔkdpE-lowK,0,NA
CCNA_03233,quintero_wt-lowK_vs_ΔkdpE-lowK,0.218754929759814,0.631208522975846
CCNA_03234,quintero_wt-lowK_vs_ΔkdpE-lowK,0.282643410937271,0.429887277834873
CCNA_03235,quintero_wt-lowK_vs_ΔkdpE-lowK,0.377171578231806,0.194624172290978
CCNA_03236,quintero_wt-lowK_vs_ΔkdpE-lowK,0.380339840303522,0.133216278125544
CCNA_03238,quintero_wt-lowK_vs_ΔkdpE-lowK,0.422189845571137,0.0448572977725861
CCNA_03239,quintero_wt-lowK_vs_ΔkdpE-lowK,0.653249387373605,0.00276856228782298
CCNA_03240,quintero_wt-lowK_vs_ΔkdpE-lowK,0.408806728880083,0.0762532201632315
CCNA_03241,quintero_wt-lowK_vs_ΔkdpE-lowK,0.185015779061937,0.755246079750994
CCNA_03242,quintero_wt-lowK_vs_ΔkdpE-lowK,0.0798288518767455,0.937919850727579
CCNA_03243,quintero_wt-lowK_vs_ΔkdpE-lowK,-0.22265129551191,0.706359274423738
CCNA_03244,quintero_wt-lowK_vs_ΔkdpE-lowK,-0.219976600594419,0.711067830541907
CCNA_03245,quintero_wt-lowK_vs_ΔkdpE-lowK,-0.181957243228299,0.797347321990269
CCNA_03246,quintero_wt-lowK_vs_ΔkdpE-lowK,-0.328501103338922,0.268290271899996
CCNA_03247,quintero_wt-lowK_vs_ΔkdpE-lowK,-0.247941687558295,0.508563792370256
CCNA_03248,quintero_wt-lowK_vs_ΔkdpE-lowK,0.0187647333409719,0.988776687908575
CCNA_03249,quintero_wt-lowK_vs_ΔkdpE-lowK,0.116187380506521,0.835145104166515
CCNA_03250,quintero_wt-lowK_vs_ΔkdpE-lowK,-0.151478616864943,0.802539892773751
CCNA_03989,quintero_wt-lowK_vs_ΔkdpE-lowK,-0.142715485024,0.814573127708933
CCNA_03252,quintero_wt-lowK_vs_ΔkdpE-lowK,-0.296176488272842,0.507474293301921
CCNA_03253,quintero_wt-lowK_vs_ΔkdpE-lowK,0.0888278985863858,0.907191149765063
CCNA_03254,quintero_wt-lowK_vs_ΔkdpE-lowK,0.0108052809278948,0.996622663272792
CCNA_R0186,quintero_wt-lowK_vs_ΔkdpE-lowK,-0.0127625880401239,NA
CCNA_03255,quintero_wt-lowK_vs_ΔkdpE-lowK,0.010529106766002,0.996622663272792
CCNA_03256,quintero_wt-lowK_vs_ΔkdpE-lowK,0.309236450869722,0.260544522173119
CCNA_03990,quintero_wt-lowK_vs_ΔkdpE-lowK,-0.0375877638092306,NA
CCNA_03257,quintero_wt-lowK_vs_ΔkdpE-lowK,0.354585219566474,0.155036825818236
CCNA_03258,quintero_wt-lowK_vs_ΔkdpE-lowK,-0.0863971801361999,0.922574044312157
CCNA_03259,quintero_wt-lowK_vs_ΔkdpE-lowK,0.0088837495764953,0.996622663272792
CCNA_03260,quintero_wt-lowK_vs_ΔkdpE-lowK,0.207401044106822,0.681836803848397
CCNA_03261,quintero_wt-lowK_vs_ΔkdpE-lowK,0.279804387750993,0.372130469045246
CCNA_03262,quintero_wt-lowK_vs_ΔkdpE-lowK,0.0698591718616817,0.933313267334845
CCNA_03263,quintero_wt-lowK_vs_ΔkdpE-lowK,-0.0836114026374552,0.916162964698925
CCNA_03265,quintero_wt-lowK_vs_ΔkdpE-lowK,-0.0500096128232223,0.948564388162675
CCNA_03266,quintero_wt-lowK_vs_ΔkdpE-lowK,0.17085149893421,0.788061459978073
CCNA_03267,quintero_wt-lowK_vs_ΔkdpE-lowK,-0.24378526572543,0.729984131231234
CCNA_03268,quintero_wt-lowK_vs_ΔkdpE-lowK,0.0282124599326527,0.982930521322842
CCNA_03269,quintero_wt-lowK_vs_ΔkdpE-lowK,-0.186837304735945,0.765584846921413
CCNA_03271,quintero_wt-lowK_vs_ΔkdpE-lowK,-1.06131293883847,4.5969243239649e-7
CCNA_03270,quintero_wt-lowK_vs_ΔkdpE-lowK,-0.0368183220601615,0.973557788736547
CCNA_03272,quintero_wt-lowK_vs_ΔkdpE-lowK,-0.026981998124586,0.983718113511712
CCNA_03274,quintero_wt-lowK_vs_ΔkdpE-lowK,0,NA
CCNA_03275,quintero_wt-lowK_vs_ΔkdpE-lowK,0,NA
CCNA_03276,quintero_wt-lowK_vs_ΔkdpE-lowK,-0.161116987727618,0.818522613395672
CCNA_R0075,quintero_wt-lowK_vs_ΔkdpE-lowK,0.0275695351280278,NA
CCNA_03277,quintero_wt-lowK_vs_ΔkdpE-lowK,0.170835848340038,0.727551258370868
CCNA_03278,quintero_wt-lowK_vs_ΔkdpE-lowK,0.1039201667253,0.891776851309692
CCNA_03279,quintero_wt-lowK_vs_ΔkdpE-lowK,0.0732709679414989,0.927991969097429
CCNA_03280,quintero_wt-lowK_vs_ΔkdpE-lowK,-0.521986776055573,0.131221800672155
CCNA_03281,quintero_wt-lowK_vs_ΔkdpE-lowK,0.262243126327678,0.455623044863258
CCNA_R0187,quintero_wt-lowK_vs_ΔkdpE-lowK,-0.161086652737704,NA
CCNA_03282,quintero_wt-lowK_vs_ΔkdpE-lowK,0.036428763810966,0.973557788736547
CCNA_03283,quintero_wt-lowK_vs_ΔkdpE-lowK,-0.0984707844869224,0.882332527640147
CCNA_03284,quintero_wt-lowK_vs_ΔkdpE-lowK,-0.0968626684272197,0.888938380619972
CCNA_03285,quintero_wt-lowK_vs_ΔkdpE-lowK,-0.0414565681140344,0.962869390746375
CCNA_03286,quintero_wt-lowK_vs_ΔkdpE-lowK,-0.0133187183874679,0.996622663272792
CCNA_03287,quintero_wt-lowK_vs_ΔkdpE-lowK,0.0680462087809146,0.943590937062561
CCNA_03288,quintero_wt-lowK_vs_ΔkdpE-lowK,-0.0672112362572271,0.94404726885049
CCNA_03289,quintero_wt-lowK_vs_ΔkdpE-lowK,0.0390450499018752,0.970508307273341
CCNA_03290,quintero_wt-lowK_vs_ΔkdpE-lowK,0.149599724817706,0.797312242340999
CCNA_03291,quintero_wt-lowK_vs_ΔkdpE-lowK,-0.434227249612778,0.0508987013418897
CCNA_03292,quintero_wt-lowK_vs_ΔkdpE-lowK,-0.0645203800738465,0.938949885446142
CCNA_03293,quintero_wt-lowK_vs_ΔkdpE-lowK,-0.203351391935175,0.650399419858922
CCNA_R0188,quintero_wt-lowK_vs_ΔkdpE-lowK,-0.00348158244658434,0.996622663272792
CCNA_03294,quintero_wt-lowK_vs_ΔkdpE-lowK,-0.170353622196475,0.712868238061611
CCNA_03295,quintero_wt-lowK_vs_ΔkdpE-lowK,-0.181015782573286,0.801781680983308
CCNA_03296,quintero_wt-lowK_vs_ΔkdpE-lowK,-0.0481460987308963,0.964660641575699
CCNA_03297,quintero_wt-lowK_vs_ΔkdpE-lowK,0.0695668888721124,0.944800724259362
CCNA_03298,quintero_wt-lowK_vs_ΔkdpE-lowK,-0.467263703196122,0.0943508419213702
CCNA_03299,quintero_wt-lowK_vs_ΔkdpE-lowK,-0.0778048384080018,0.927551435100477
CCNA_03300,quintero_wt-lowK_vs_ΔkdpE-lowK,-0.394631615987624,0.192026723977784
CCNA_03301,quintero_wt-lowK_vs_ΔkdpE-lowK,-0.81393797240062,2.26564788637092e-4
CCNA_03302,quintero_wt-lowK_vs_ΔkdpE-lowK,0.0455996423241395,0.962869390746375
CCNA_03303,quintero_wt-lowK_vs_ΔkdpE-lowK,-0.315742250340872,0.309314122320605
CCNA_03304,quintero_wt-lowK_vs_ΔkdpE-lowK,0.0746775747720746,0.935437926684829
CCNA_03305,quintero_wt-lowK_vs_ΔkdpE-lowK,0.213558287368933,0.644376993202726
CCNA_03306,quintero_wt-lowK_vs_ΔkdpE-lowK,0.316155322016105,0.418551679481234
CCNA_03307,quintero_wt-lowK_vs_ΔkdpE-lowK,0.442905693457695,0.0678739625711533
CCNA_03308,quintero_wt-lowK_vs_ΔkdpE-lowK,0.126341563601698,0.821946275519447
CCNA_03309,quintero_wt-lowK_vs_ΔkdpE-lowK,0.0098028639148311,0.996622663272792
CCNA_03310,quintero_wt-lowK_vs_ΔkdpE-lowK,0.222448975241393,0.624342943847391
CCNA_03311,quintero_wt-lowK_vs_ΔkdpE-lowK,0.371045571011075,0.246771726074277
CCNA_R0076,quintero_wt-lowK_vs_ΔkdpE-lowK,0.38772647920198,0.234298904817022
CCNA_03312,quintero_wt-lowK_vs_ΔkdpE-lowK,0.457061337889634,0.308785745531642
CCNA_03313,quintero_wt-lowK_vs_ΔkdpE-lowK,0.265473737466211,0.721112485710235
CCNA_03314,quintero_wt-lowK_vs_ΔkdpE-lowK,0.152971543961444,0.819794921404086
CCNA_03315,quintero_wt-lowK_vs_ΔkdpE-lowK,0.119043853991614,0.853084723503295
CCNA_03316,quintero_wt-lowK_vs_ΔkdpE-lowK,-0.0398341876698146,0.961905799823269
CCNA_03317,quintero_wt-lowK_vs_ΔkdpE-lowK,0.0103005895855988,0.996622663272792
CCNA_03318,quintero_wt-lowK_vs_ΔkdpE-lowK,-0.0619722576982247,0.943590937062561
CCNA_R0074,quintero_wt-lowK_vs_ΔkdpE-lowK,-0.114001759500651,NA
CCNA_03319,quintero_wt-lowK_vs_ΔkdpE-lowK,-0.107287963226161,0.90472250002508
CCNA_03320,quintero_wt-lowK_vs_ΔkdpE-lowK,-0.270626803268806,0.501406267037286
CCNA_03321,quintero_wt-lowK_vs_ΔkdpE-lowK,-0.275323210794602,0.484571324797276
CCNA_03322,quintero_wt-lowK_vs_ΔkdpE-lowK,-0.132967739358226,0.860876453879659
CCNA_03323,quintero_wt-lowK_vs_ΔkdpE-lowK,0.111098526109641,0.892619508730227
CCNA_03324,quintero_wt-lowK_vs_ΔkdpE-lowK,-0.329264290527326,0.222206668480587
CCNA_03325,quintero_wt-lowK_vs_ΔkdpE-lowK,0.110562443102909,0.876203113376059
CCNA_03326,quintero_wt-lowK_vs_ΔkdpE-lowK,-0.21181940414879,0.579994767171726
CCNA_03327,quintero_wt-lowK_vs_ΔkdpE-lowK,0.202137834873871,0.768618544764916
CCNA_03328,quintero_wt-lowK_vs_ΔkdpE-lowK,-0.00553847373034873,0.996622663272792
CCNA_03329,quintero_wt-lowK_vs_ΔkdpE-lowK,0.00242634146377792,NA
CCNA_03330,quintero_wt-lowK_vs_ΔkdpE-lowK,0.140097160334822,0.838974119457327
CCNA_03331,quintero_wt-lowK_vs_ΔkdpE-lowK,0.157335112213822,0.776204291509039
CCNA_03332,quintero_wt-lowK_vs_ΔkdpE-lowK,-0.0393822113979231,0.973557788736547
CCNA_03333,quintero_wt-lowK_vs_ΔkdpE-lowK,-0.00953949517126244,0.996622663272792
CCNA_03334,quintero_wt-lowK_vs_ΔkdpE-lowK,-0.0578659285369431,0.937919850727579
CCNA_03335,quintero_wt-lowK_vs_ΔkdpE-lowK,0.188831426615166,0.748706273570073
CCNA_03336,quintero_wt-lowK_vs_ΔkdpE-lowK,0.23652383459466,0.461938538391
CCNA_03337,quintero_wt-lowK_vs_ΔkdpE-lowK,0.260666791363691,0.44677778081527
CCNA_03338,quintero_wt-lowK_vs_ΔkdpE-lowK,0.0654284334687379,0.927780362284331
CCNA_03339,quintero_wt-lowK_vs_ΔkdpE-lowK,0.280384364262172,0.340219119915622
CCNA_03340,quintero_wt-lowK_vs_ΔkdpE-lowK,0.127783221585099,0.822002845657489
CCNA_03341,quintero_wt-lowK_vs_ΔkdpE-lowK,0.170628461571896,0.681836803848397
CCNA_03342,quintero_wt-lowK_vs_ΔkdpE-lowK,0.0176847574399446,0.990640399994165
CCNA_03343,quintero_wt-lowK_vs_ΔkdpE-lowK,-0.290868956002133,0.375581021651677
CCNA_03344,quintero_wt-lowK_vs_ΔkdpE-lowK,-0.158081474498425,0.730936462095074
CCNA_03345,quintero_wt-lowK_vs_ΔkdpE-lowK,-0.247080570821957,0.469532882775352
CCNA_03346,quintero_wt-lowK_vs_ΔkdpE-lowK,-0.347257133026858,0.180578267579087
CCNA_03347,quintero_wt-lowK_vs_ΔkdpE-lowK,0.0778087217235669,0.916162964698925
CCNA_03991,quintero_wt-lowK_vs_ΔkdpE-lowK,0.209591477519754,NA
CCNA_03348,quintero_wt-lowK_vs_ΔkdpE-lowK,-0.0394640097561346,0.973557788736547
CCNA_03349,quintero_wt-lowK_vs_ΔkdpE-lowK,0.0279064003086774,0.985022854056456
CCNA_03350,quintero_wt-lowK_vs_ΔkdpE-lowK,0.0674428841797702,0.959180217097343
CCNA_03351,quintero_wt-lowK_vs_ΔkdpE-lowK,0.296118021370165,0.353478895416955
CCNA_03352,quintero_wt-lowK_vs_ΔkdpE-lowK,0.246863341084646,0.588056784594941
CCNA_03353,quintero_wt-lowK_vs_ΔkdpE-lowK,0.197628943998948,0.615571742462922
CCNA_03354,quintero_wt-lowK_vs_ΔkdpE-lowK,0.0990685684756047,0.898629722166575
CCNA_R0077,quintero_wt-lowK_vs_ΔkdpE-lowK,0.189910504477428,0.681836803848397
CCNA_03355,quintero_wt-lowK_vs_ΔkdpE-lowK,-0.0286511140097544,0.978652377991815
CCNA_R0189,quintero_wt-lowK_vs_ΔkdpE-lowK,0,NA
CCNA_03356,quintero_wt-lowK_vs_ΔkdpE-lowK,0.0991075378464636,0.896331396436136
CCNA_03357,quintero_wt-lowK_vs_ΔkdpE-lowK,0.0388805191112976,0.966276259130522
CCNA_03358,quintero_wt-lowK_vs_ΔkdpE-lowK,0.255630782280696,0.526820732249218
CCNA_03359,quintero_wt-lowK_vs_ΔkdpE-lowK,0.223612921227387,0.641107836112364
CCNA_03360,quintero_wt-lowK_vs_ΔkdpE-lowK,0.209269674929987,0.706359274423738
CCNA_03905,quintero_wt-lowK_vs_ΔkdpE-lowK,0.184717886027155,0.748706273570073
CCNA_03273,quintero_wt-lowK_vs_ΔkdpE-lowK,0.00718721823188752,0.996622663272792
CCNA_03362,quintero_wt-lowK_vs_ΔkdpE-lowK,0.0517083417691393,0.958927573897016
CCNA_03363,quintero_wt-lowK_vs_ΔkdpE-lowK,0.142301849544429,0.820789827060551
CCNA_03364,quintero_wt-lowK_vs_ΔkdpE-lowK,0.192828394085725,0.644228623326748
CCNA_03365,quintero_wt-lowK_vs_ΔkdpE-lowK,0.0886578348486681,0.920280456034305
CCNA_03366,quintero_wt-lowK_vs_ΔkdpE-lowK,0.275849398510722,0.483670601447068
CCNA_03367,quintero_wt-lowK_vs_ΔkdpE-lowK,-0.324923758509759,0.207047223794547
CCNA_03368,quintero_wt-lowK_vs_ΔkdpE-lowK,0.22231653713709,0.620036912166275
CCNA_03369,quintero_wt-lowK_vs_ΔkdpE-lowK,0.0291777136255985,0.982930521322842
CCNA_03370,quintero_wt-lowK_vs_ΔkdpE-lowK,0.301597744704277,0.541172579234246
CCNA_03371,quintero_wt-lowK_vs_ΔkdpE-lowK,0.239042532703834,0.730936462095074
CCNA_03372,quintero_wt-lowK_vs_ΔkdpE-lowK,1.04697382229375,5.20040352289716e-8
CCNA_03373,quintero_wt-lowK_vs_ΔkdpE-lowK,0.272060612138338,0.402961052203512
CCNA_03374,quintero_wt-lowK_vs_ΔkdpE-lowK,-0.39990625193634,0.135965381760059
CCNA_03375,quintero_wt-lowK_vs_ΔkdpE-lowK,-0.477829818743197,0.101941181003298
CCNA_03376,quintero_wt-lowK_vs_ΔkdpE-lowK,-0.00305763579352733,0.997335077762414
CCNA_03377,quintero_wt-lowK_vs_ΔkdpE-lowK,0.0667504793314492,0.958927573897016
CCNA_03378,quintero_wt-lowK_vs_ΔkdpE-lowK,0.296195525463605,0.406190631629738
CCNA_03379,quintero_wt-lowK_vs_ΔkdpE-lowK,0.271417901555876,0.538329268350282
CCNA_03380,quintero_wt-lowK_vs_ΔkdpE-lowK,0.0982121737595448,0.88425917260937
CCNA_03381,quintero_wt-lowK_vs_ΔkdpE-lowK,-0.117128078249056,0.853771021002398
CCNA_03382,quintero_wt-lowK_vs_ΔkdpE-lowK,0.00940501954103317,0.996622663272792
CCNA_03383,quintero_wt-lowK_vs_ΔkdpE-lowK,0.0899763036568742,0.914219273453641
CCNA_03384,quintero_wt-lowK_vs_ΔkdpE-lowK,0.435379867405522,0.0871168354005284
CCNA_R0190,quintero_wt-lowK_vs_ΔkdpE-lowK,-0.120709868091776,NA
CCNA_03385,quintero_wt-lowK_vs_ΔkdpE-lowK,0,NA
CCNA_03386,quintero_wt-lowK_vs_ΔkdpE-lowK,-0.0241651022058176,0.981352551073175
CCNA_03387,quintero_wt-lowK_vs_ΔkdpE-lowK,0.125500421091819,0.853771021002398
CCNA_03388,quintero_wt-lowK_vs_ΔkdpE-lowK,-0.334685810004047,0.304949895535621
CCNA_03389,quintero_wt-lowK_vs_ΔkdpE-lowK,-0.260241018630251,0.523756173605779
CCNA_03390,quintero_wt-lowK_vs_ΔkdpE-lowK,0.181248721357964,0.744540653462284
CCNA_03391,quintero_wt-lowK_vs_ΔkdpE-lowK,-0.0758109406817935,0.948564388162675
CCNA_03392,quintero_wt-lowK_vs_ΔkdpE-lowK,0.333789400908214,0.305163575363701
CCNA_03393,quintero_wt-lowK_vs_ΔkdpE-lowK,0.27752396479114,0.504167252525351
CCNA_03394,quintero_wt-lowK_vs_ΔkdpE-lowK,-0.0701559478867434,0.927991969097429
CCNA_03395,quintero_wt-lowK_vs_ΔkdpE-lowK,-0.070380591018091,0.942455981670952
CCNA_03396,quintero_wt-lowK_vs_ΔkdpE-lowK,-1.02138292615594,7.24417546420426e-7
CCNA_03397,quintero_wt-lowK_vs_ΔkdpE-lowK,-0.0834172210512994,0.927129769795032
CCNA_03398,quintero_wt-lowK_vs_ΔkdpE-lowK,0.013631715504865,0.996622663272792
CCNA_03399,quintero_wt-lowK_vs_ΔkdpE-lowK,-0.0417984801401668,0.966276259130522
CCNA_03400,quintero_wt-lowK_vs_ΔkdpE-lowK,0.234289946670138,0.756133683725965
CCNA_03401,quintero_wt-lowK_vs_ΔkdpE-lowK,0.180797510441865,0.768618544764916
CCNA_03402,quintero_wt-lowK_vs_ΔkdpE-lowK,-0.206312443739687,0.581780131805135
CCNA_03403,quintero_wt-lowK_vs_ΔkdpE-lowK,-0.093194193732546,0.927780362284331
CCNA_03404,quintero_wt-lowK_vs_ΔkdpE-lowK,-0.397449073677194,0.0821963740521227
CCNA_03405,quintero_wt-lowK_vs_ΔkdpE-lowK,-0.130703330554251,0.838974119457327
CCNA_03406,quintero_wt-lowK_vs_ΔkdpE-lowK,0.586583096006579,0.0519321320864506
CCNA_03407,quintero_wt-lowK_vs_ΔkdpE-lowK,0.0565051101237524,0.947639518548912
CCNA_03408,quintero_wt-lowK_vs_ΔkdpE-lowK,0.106003268355998,0.873885673443268
CCNA_03409,quintero_wt-lowK_vs_ΔkdpE-lowK,-0.171443734117747,0.706359274423738
CCNA_03410,quintero_wt-lowK_vs_ΔkdpE-lowK,-0.216604232429748,0.636014926784018
CCNA_03906,quintero_wt-lowK_vs_ΔkdpE-lowK,0.116138116559203,0.913170513657892
CCNA_03412,quintero_wt-lowK_vs_ΔkdpE-lowK,-0.01252147476687,0.996622663272792
CCNA_03413,quintero_wt-lowK_vs_ΔkdpE-lowK,-0.00454320238327988,0.996622663272792
CCNA_03414,quintero_wt-lowK_vs_ΔkdpE-lowK,0.0822949018895995,0.90472250002508
CCNA_03415,quintero_wt-lowK_vs_ΔkdpE-lowK,0.18691354330363,0.614732508978039
CCNA_03416,quintero_wt-lowK_vs_ΔkdpE-lowK,0.121676503888091,0.857508302716287
CCNA_03417,quintero_wt-lowK_vs_ΔkdpE-lowK,-0.101324598257357,0.90938466453702
CCNA_03418,quintero_wt-lowK_vs_ΔkdpE-lowK,-0.0955443450314491,0.916162964698925
CCNA_03419,quintero_wt-lowK_vs_ΔkdpE-lowK,-0.0165868208704179,0.996622663272792
CCNA_03420,quintero_wt-lowK_vs_ΔkdpE-lowK,-0.181531629907505,0.735734965755887
CCNA_03421,quintero_wt-lowK_vs_ΔkdpE-lowK,-0.423101411175372,0.0541741244452485
CCNA_03422,quintero_wt-lowK_vs_ΔkdpE-lowK,-0.230340919672774,0.485846488691107
CCNA_03423,quintero_wt-lowK_vs_ΔkdpE-lowK,-0.104011349479261,0.894855577835273
CCNA_03424,quintero_wt-lowK_vs_ΔkdpE-lowK,-0.213335109325376,0.538329268350282
CCNA_03425,quintero_wt-lowK_vs_ΔkdpE-lowK,-0.333729694171263,0.310413356304847
CCNA_03426,quintero_wt-lowK_vs_ΔkdpE-lowK,-0.410573113102571,0.0525543618219031
CCNA_03907,quintero_wt-lowK_vs_ΔkdpE-lowK,0.259800078791562,0.479365328275796
CCNA_03428,quintero_wt-lowK_vs_ΔkdpE-lowK,0.460414746891867,0.133216278125544
CCNA_03429,quintero_wt-lowK_vs_ΔkdpE-lowK,0.255574274903979,0.538329268350282
CCNA_03430,quintero_wt-lowK_vs_ΔkdpE-lowK,0.450828841214541,0.104618661953037
CCNA_03431,quintero_wt-lowK_vs_ΔkdpE-lowK,0.0946428372104758,0.907191149765063
CCNA_03432,quintero_wt-lowK_vs_ΔkdpE-lowK,0.136372990826377,0.840556075826212
CCNA_03433,quintero_wt-lowK_vs_ΔkdpE-lowK,0.0293912685483575,0.978652377991815
CCNA_03434,quintero_wt-lowK_vs_ΔkdpE-lowK,-0.0226590635212789,0.982930521322842
CCNA_R0191,quintero_wt-lowK_vs_ΔkdpE-lowK,0,NA
CCNA_03435,quintero_wt-lowK_vs_ΔkdpE-lowK,0.00105621986450474,0.998165061132049
CCNA_03436,quintero_wt-lowK_vs_ΔkdpE-lowK,-0.0137733367358277,0.996622663272792
CCNA_03437,quintero_wt-lowK_vs_ΔkdpE-lowK,-0.283484923241231,0.418551679481234
CCNA_03438,quintero_wt-lowK_vs_ΔkdpE-lowK,-0.0380471557916535,0.973127850738155
CCNA_03439,quintero_wt-lowK_vs_ΔkdpE-lowK,0.182423028594421,0.74627264672556
CCNA_03440,quintero_wt-lowK_vs_ΔkdpE-lowK,-0.190541999928652,NA
CCNA_03441,quintero_wt-lowK_vs_ΔkdpE-lowK,0,NA
CCNA_03442,quintero_wt-lowK_vs_ΔkdpE-lowK,-0.258791105232587,NA
CCNA_03443,quintero_wt-lowK_vs_ΔkdpE-lowK,-0.112757962151228,0.885611686096423
CCNA_03444,quintero_wt-lowK_vs_ΔkdpE-lowK,-0.193984478334303,0.706452025668922
CCNA_R0192,quintero_wt-lowK_vs_ΔkdpE-lowK,-0.141708649913009,NA
CCNA_03445,quintero_wt-lowK_vs_ΔkdpE-lowK,-0.070559814717417,0.933001706522734
CCNA_03446,quintero_wt-lowK_vs_ΔkdpE-lowK,-0.130777400374965,0.836941036463421
CCNA_03447,quintero_wt-lowK_vs_ΔkdpE-lowK,-0.107121462328877,0.927780362284331
CCNA_03448,quintero_wt-lowK_vs_ΔkdpE-lowK,-0.309706318884062,0.306022282002648
CCNA_03449,quintero_wt-lowK_vs_ΔkdpE-lowK,-0.208545699652905,0.661921920955506
CCNA_03450,quintero_wt-lowK_vs_ΔkdpE-lowK,0.579675226748183,0.0762813049840896
CCNA_03451,quintero_wt-lowK_vs_ΔkdpE-lowK,-0.204476059862837,0.76027105147352
CCNA_03452,quintero_wt-lowK_vs_ΔkdpE-lowK,-0.219020451613433,0.788976201947821
CCNA_03453,quintero_wt-lowK_vs_ΔkdpE-lowK,-0.147423530213018,0.797312242340999
CCNA_03454,quintero_wt-lowK_vs_ΔkdpE-lowK,0.0363743376182338,0.968427682180628
CCNA_03455,quintero_wt-lowK_vs_ΔkdpE-lowK,0.211341784473467,0.549396895558381
CCNA_03456,quintero_wt-lowK_vs_ΔkdpE-lowK,-1.06182960012652,2.36012193239619e-6
CCNA_03457,quintero_wt-lowK_vs_ΔkdpE-lowK,-0.215659634329072,0.731510675477812
CCNA_03458,quintero_wt-lowK_vs_ΔkdpE-lowK,0.08733580478661,0.922574044312157
CCNA_03992,quintero_wt-lowK_vs_ΔkdpE-lowK,0.188156304793812,NA
CCNA_03459,quintero_wt-lowK_vs_ΔkdpE-lowK,-0.271384949407648,0.62025132348202106
CCNA_03460,quintero_wt-lowK_vs_ΔkdpE-lowK,0.147612370103802,0.831818232412691
CCNA_03461,quintero_wt-lowK_vs_ΔkdpE-lowK,0.0705782801926074,0.922574044312157
CCNA_03462,quintero_wt-lowK_vs_ΔkdpE-lowK,-0.440389203834591,0.0797945577706622
CCNA_03463,quintero_wt-lowK_vs_ΔkdpE-lowK,-0.125272496929749,0.853771021002398
CCNA_03464,quintero_wt-lowK_vs_ΔkdpE-lowK,-0.0301627936283909,0.981352551073175
CCNA_03465,quintero_wt-lowK_vs_ΔkdpE-lowK,0.202300681459523,0.636014926784018
CCNA_03466,quintero_wt-lowK_vs_ΔkdpE-lowK,0.184103525359752,0.73909447869369
CCNA_03467,quintero_wt-lowK_vs_ΔkdpE-lowK,-0.21049028439745,0.621613207657958
CCNA_03468,quintero_wt-lowK_vs_ΔkdpE-lowK,-0.42983205279157,0.191935114221002
CCNA_03469,quintero_wt-lowK_vs_ΔkdpE-lowK,0.112267502050502,0.875165625311806
CCNA_03909,quintero_wt-lowK_vs_ΔkdpE-lowK,0.0815396776479241,0.907191149765063
CCNA_03471,quintero_wt-lowK_vs_ΔkdpE-lowK,-0.0681624635810511,0.927780362284331
CCNA_03472,quintero_wt-lowK_vs_ΔkdpE-lowK,0.126725082176542,0.853771021002398
CCNA_03473,quintero_wt-lowK_vs_ΔkdpE-lowK,0.0858637605992061,0.913015530202387
CCNA_03474,quintero_wt-lowK_vs_ΔkdpE-lowK,0.0328321557448714,0.980720161190795
CCNA_03475,quintero_wt-lowK_vs_ΔkdpE-lowK,0.363304276069405,0.204904715312001
CCNA_03476,quintero_wt-lowK_vs_ΔkdpE-lowK,0.302472603305146,0.504167252525351
CCNA_03477,quintero_wt-lowK_vs_ΔkdpE-lowK,0.209077959675445,0.763122831580805
CCNA_03478,quintero_wt-lowK_vs_ΔkdpE-lowK,-0.105570585815652,0.897367818490869
CCNA_03479,quintero_wt-lowK_vs_ΔkdpE-lowK,-0.201710485539741,0.712868238061611
CCNA_03480,quintero_wt-lowK_vs_ΔkdpE-lowK,-0.33133438195729,0.372130469045246
CCNA_03481,quintero_wt-lowK_vs_ΔkdpE-lowK,-0.192135300940231,0.752805497627718
CCNA_03482,quintero_wt-lowK_vs_ΔkdpE-lowK,-0.271026897150547,0.412982657221511
CCNA_03483,quintero_wt-lowK_vs_ΔkdpE-lowK,-0.217872669295895,0.549396895558381
CCNA_03484,quintero_wt-lowK_vs_ΔkdpE-lowK,-0.0437820124098662,0.966276259130522
CCNA_03485,quintero_wt-lowK_vs_ΔkdpE-lowK,0.0188473131182771,0.99407751141813006
CCNA_03486,quintero_wt-lowK_vs_ΔkdpE-lowK,0.0327384148733729,0.978652377991815
CCNA_03487,quintero_wt-lowK_vs_ΔkdpE-lowK,-0.130765756416056,0.907191149765063
CCNA_03488,quintero_wt-lowK_vs_ΔkdpE-lowK,-0.268540202889275,0.538329268350282
CCNA_03489,quintero_wt-lowK_vs_ΔkdpE-lowK,-0.158142563208396,0.821946275519447
CCNA_03490,quintero_wt-lowK_vs_ΔkdpE-lowK,-0.211738512476976,0.668533790815862
CCNA_03491,quintero_wt-lowK_vs_ΔkdpE-lowK,-0.370087979347213,0.198417785874967
CCNA_03492,quintero_wt-lowK_vs_ΔkdpE-lowK,-0.108551771700832,0.878462045891448
CCNA_03493,quintero_wt-lowK_vs_ΔkdpE-lowK,0.0147175929907328,0.996622663272792
CCNA_03494,quintero_wt-lowK_vs_ΔkdpE-lowK,0.119417574556953,0.870129066192597
CCNA_03495,quintero_wt-lowK_vs_ΔkdpE-lowK,0.254646723957892,0.404084641949576
CCNA_03496,quintero_wt-lowK_vs_ΔkdpE-lowK,0.014439030597298,0.996622663272792
CCNA_03497,quintero_wt-lowK_vs_ΔkdpE-lowK,-0.156709436690088,0.801781680983308
CCNA_03498,quintero_wt-lowK_vs_ΔkdpE-lowK,-0.179382604951758,0.812973024734299
CCNA_03499,quintero_wt-lowK_vs_ΔkdpE-lowK,0.21862115156361,0.748706273570073
CCNA_03500,quintero_wt-lowK_vs_ΔkdpE-lowK,-0.0883625955031188,0.901253730972181
CCNA_03501,quintero_wt-lowK_vs_ΔkdpE-lowK,0.00750126634889289,0.996622663272792
CCNA_03502,quintero_wt-lowK_vs_ΔkdpE-lowK,-0.386586715653976,0.125770370538641
CCNA_03503,quintero_wt-lowK_vs_ΔkdpE-lowK,-0.572384201150183,0.00297637869952142
CCNA_03504,quintero_wt-lowK_vs_ΔkdpE-lowK,0.0835752735797949,0.913170513657892
CCNA_03505,quintero_wt-lowK_vs_ΔkdpE-lowK,-0.0932113652573371,0.900000564472675
CCNA_03506,quintero_wt-lowK_vs_ΔkdpE-lowK,-0.0581616649923047,0.95404190888615
CCNA_03507,quintero_wt-lowK_vs_ΔkdpE-lowK,-0.0695303268925477,0.927551435100477
CCNA_03508,quintero_wt-lowK_vs_ΔkdpE-lowK,-0.104830904872131,0.888070713772228
CCNA_03509,quintero_wt-lowK_vs_ΔkdpE-lowK,0.333920611549515,0.3975751927535
CCNA_03510,quintero_wt-lowK_vs_ΔkdpE-lowK,0.0429567351792711,0.966276259130522
CCNA_03511,quintero_wt-lowK_vs_ΔkdpE-lowK,-0.272254426433803,0.48876794418108
CCNA_03512,quintero_wt-lowK_vs_ΔkdpE-lowK,-0.142553166440983,0.869529836170238
CCNA_03513,quintero_wt-lowK_vs_ΔkdpE-lowK,-0.278202251717577,0.320962025573569
CCNA_03514,quintero_wt-lowK_vs_ΔkdpE-lowK,-0.384174964248668,0.125770370538641
CCNA_03515,quintero_wt-lowK_vs_ΔkdpE-lowK,-0.34662983890519,0.328575599790262
CCNA_03516,quintero_wt-lowK_vs_ΔkdpE-lowK,-0.254920956450214,0.583786620737503
CCNA_03517,quintero_wt-lowK_vs_ΔkdpE-lowK,-0.200048163041308,0.721112485710235
CCNA_03518,quintero_wt-lowK_vs_ΔkdpE-lowK,-0.0134561149498255,0.996622663272792
CCNA_03519,quintero_wt-lowK_vs_ΔkdpE-lowK,-0.18620117939709,0.812973024734299
CCNA_03520,quintero_wt-lowK_vs_ΔkdpE-lowK,-0.350418998036155,0.403626275924533
CCNA_03521,quintero_wt-lowK_vs_ΔkdpE-lowK,-0.189450754503875,0.768618544764916
CCNA_03522,quintero_wt-lowK_vs_ΔkdpE-lowK,-0.017865438407707,0.990640399994165
CCNA_03523,quintero_wt-lowK_vs_ΔkdpE-lowK,0.261598450735559,0.542591296592568
CCNA_R0078,quintero_wt-lowK_vs_ΔkdpE-lowK,0.356845804776235,NA
CCNA_R0210,quintero_wt-lowK_vs_ΔkdpE-lowK,0,NA
CCNA_03524,quintero_wt-lowK_vs_ΔkdpE-lowK,0.400379576801978,0.12620077926315
CCNA_03525,quintero_wt-lowK_vs_ΔkdpE-lowK,-0.136389740015858,NA
CCNA_03526,quintero_wt-lowK_vs_ΔkdpE-lowK,0.0255377892313868,NA
CCNA_03527,quintero_wt-lowK_vs_ΔkdpE-lowK,-0.149185934039167,0.765584846921413
CCNA_03528,quintero_wt-lowK_vs_ΔkdpE-lowK,-0.0433115970696459,0.964983304302624
CCNA_03529,quintero_wt-lowK_vs_ΔkdpE-lowK,-0.132474202337088,0.826063400077891
CCNA_03530,quintero_wt-lowK_vs_ΔkdpE-lowK,-0.151614813338139,0.826725830637318
CCNA_03531,quintero_wt-lowK_vs_ΔkdpE-lowK,0.107453990172739,0.888070713772228
CCNA_03532,quintero_wt-lowK_vs_ΔkdpE-lowK,-0.0820564785817949,0.922574044312157
CCNA_03533,quintero_wt-lowK_vs_ΔkdpE-lowK,-0.0212172048351544,0.99016359138485
CCNA_03534,quintero_wt-lowK_vs_ΔkdpE-lowK,-0.0081523072137765,0.996622663272792
CCNA_03535,quintero_wt-lowK_vs_ΔkdpE-lowK,-0.048453864623319,0.969291872532717
CCNA_03536,quintero_wt-lowK_vs_ΔkdpE-lowK,0.254785197850031,0.596982541407048
CCNA_03537,quintero_wt-lowK_vs_ΔkdpE-lowK,0.0451319840838681,0.964891812713494
CCNA_03538,quintero_wt-lowK_vs_ΔkdpE-lowK,0.0589706883363815,0.947639518548912
CCNA_03539,quintero_wt-lowK_vs_ΔkdpE-lowK,-0.0393823732877457,0.966972926487221
CCNA_03540,quintero_wt-lowK_vs_ΔkdpE-lowK,0.094200159944062,0.890895465244537
CCNA_03541,quintero_wt-lowK_vs_ΔkdpE-lowK,-0.0858788453143522,0.907191149765063
CCNA_03542,quintero_wt-lowK_vs_ΔkdpE-lowK,0.040057450245496,0.966276259130522
CCNA_R0193,quintero_wt-lowK_vs_ΔkdpE-lowK,0.107229310469757,NA
CCNA_03543,quintero_wt-lowK_vs_ΔkdpE-lowK,0.0546504568970145,0.947179879827685
CCNA_03544,quintero_wt-lowK_vs_ΔkdpE-lowK,-0.0172483469313372,0.996622663272792
CCNA_03545,quintero_wt-lowK_vs_ΔkdpE-lowK,-0.0287020182879644,0.980185324414684
CCNA_03546,quintero_wt-lowK_vs_ΔkdpE-lowK,-0.117699991068357,0.907191149765063
CCNA_03547,quintero_wt-lowK_vs_ΔkdpE-lowK,-0.0705225468505537,0.927991969097429
CCNA_03548,quintero_wt-lowK_vs_ΔkdpE-lowK,-0.02273793552787,0.987184707454109
CCNA_03549,quintero_wt-lowK_vs_ΔkdpE-lowK,0.161365706890108,0.768118964542274
CCNA_03552,quintero_wt-lowK_vs_ΔkdpE-lowK,-0.00113826940012372,0.998011173787633
CCNA_03553,quintero_wt-lowK_vs_ΔkdpE-lowK,-4.88755136115291e-4,0.999404812702136
CCNA_03554,quintero_wt-lowK_vs_ΔkdpE-lowK,-0.0596326297288894,0.946838660291468
CCNA_03555,quintero_wt-lowK_vs_ΔkdpE-lowK,-0.0144924198782594,0.994600242562073
CCNA_03556,quintero_wt-lowK_vs_ΔkdpE-lowK,-0.0172187740773081,0.994299433496019
CCNA_03557,quintero_wt-lowK_vs_ΔkdpE-lowK,0.0666204721796781,0.922574044312157
CCNA_03558,quintero_wt-lowK_vs_ΔkdpE-lowK,-0.73321223500645,3.46246506624693e-4
CCNA_03559,quintero_wt-lowK_vs_ΔkdpE-lowK,-0.64863627455541,0.00432652928113821
CCNA_03560,quintero_wt-lowK_vs_ΔkdpE-lowK,-0.441934291432099,0.127231129269401
CCNA_R0194,quintero_wt-lowK_vs_ΔkdpE-lowK,0,NA
CCNA_03561,quintero_wt-lowK_vs_ΔkdpE-lowK,0.0411027550972157,0.969567217199533
CCNA_03562,quintero_wt-lowK_vs_ΔkdpE-lowK,0.218939790610888,0.647104041980428
CCNA_03563,quintero_wt-lowK_vs_ΔkdpE-lowK,0.508050450628776,0.0276292216731095
CCNA_03564,quintero_wt-lowK_vs_ΔkdpE-lowK,0.0426399911201104,0.97044961684226
CCNA_03565,quintero_wt-lowK_vs_ΔkdpE-lowK,-0.444873101819924,0.125770370538641
CCNA_03993,quintero_wt-lowK_vs_ΔkdpE-lowK,-0.161062921244039,0.76027105147352
CCNA_03567,quintero_wt-lowK_vs_ΔkdpE-lowK,-0.0256428313500578,0.987184707454109
CCNA_03568,quintero_wt-lowK_vs_ΔkdpE-lowK,-0.609263934599851,0.0455667520770838
CCNA_03569,quintero_wt-lowK_vs_ΔkdpE-lowK,-0.695499006321433,0.00992268349902724
CCNA_03570,quintero_wt-lowK_vs_ΔkdpE-lowK,-0.634003048602975,0.0291868198728127
CCNA_03571,quintero_wt-lowK_vs_ΔkdpE-lowK,-0.543133898597616,0.0273242995485153
CCNA_03994,quintero_wt-lowK_vs_ΔkdpE-lowK,0,NA
CCNA_03572,quintero_wt-lowK_vs_ΔkdpE-lowK,-0.334725582340121,0.320802461337317
CCNA_03573,quintero_wt-lowK_vs_ΔkdpE-lowK,-0.189429178809157,0.739006622465662
CCNA_03574,quintero_wt-lowK_vs_ΔkdpE-lowK,-0.405168955867342,0.0783986300666226
CCNA_03575,quintero_wt-lowK_vs_ΔkdpE-lowK,-0.293619090414722,0.383459588624477
CCNA_03576,quintero_wt-lowK_vs_ΔkdpE-lowK,-0.0698200402944553,0.958927573897016
CCNA_03577,quintero_wt-lowK_vs_ΔkdpE-lowK,0.0304523059383562,0.973127850738155
CCNA_03578,quintero_wt-lowK_vs_ΔkdpE-lowK,0.341563983547267,0.225694580320526
CCNA_03579,quintero_wt-lowK_vs_ΔkdpE-lowK,0.144931192081935,0.878462045891448
CCNA_03580,quintero_wt-lowK_vs_ΔkdpE-lowK,-0.0161013724313724,0.996622663272792
CCNA_03581,quintero_wt-lowK_vs_ΔkdpE-lowK,0.111323260010136,0.89236210032225
CCNA_03582,quintero_wt-lowK_vs_ΔkdpE-lowK,0.227763978414887,0.690318091508828
CCNA_03583,quintero_wt-lowK_vs_ΔkdpE-lowK,0.285988676491581,0.507474293301921
CCNA_03584,quintero_wt-lowK_vs_ΔkdpE-lowK,0.142500506752965,0.80530628850682
CCNA_03585,quintero_wt-lowK_vs_ΔkdpE-lowK,-0.188131855149689,0.672913512122135
CCNA_03586,quintero_wt-lowK_vs_ΔkdpE-lowK,-0.270562057508907,0.402961052203512
CCNA_03587,quintero_wt-lowK_vs_ΔkdpE-lowK,0.191195867590644,0.831705528695961
CCNA_03588,quintero_wt-lowK_vs_ΔkdpE-lowK,-0.137049745831986,0.878462045891448
CCNA_03589,quintero_wt-lowK_vs_ΔkdpE-lowK,-0.105586923209092,0.89236210032225
CCNA_03590,quintero_wt-lowK_vs_ΔkdpE-lowK,-0.162629829695821,0.727551258370868
CCNA_03591,quintero_wt-lowK_vs_ΔkdpE-lowK,-0.165069021128375,0.798662605460421
CCNA_03592,quintero_wt-lowK_vs_ΔkdpE-lowK,-0.307962291486559,0.326966247553589
CCNA_03593,quintero_wt-lowK_vs_ΔkdpE-lowK,-0.305886764926993,0.485191391632945
CCNA_03594,quintero_wt-lowK_vs_ΔkdpE-lowK,-0.115658615833094,0.878462045891448
CCNA_03595,quintero_wt-lowK_vs_ΔkdpE-lowK,-0.276350896925367,0.438951690379286
CCNA_03596,quintero_wt-lowK_vs_ΔkdpE-lowK,-0.404834593647108,0.150991608005115
CCNA_03597,quintero_wt-lowK_vs_ΔkdpE-lowK,-0.17106520241055,0.744540653462284
CCNA_03598,quintero_wt-lowK_vs_ΔkdpE-lowK,0.209812693860015,0.538329268350282
CCNA_03995,quintero_wt-lowK_vs_ΔkdpE-lowK,0.18412862521946,0.716508809479726
CCNA_03599,quintero_wt-lowK_vs_ΔkdpE-lowK,-0.137456168812346,0.832818174551146
CCNA_03600,quintero_wt-lowK_vs_ΔkdpE-lowK,-0.267372206319466,0.529747488793333
CCNA_03601,quintero_wt-lowK_vs_ΔkdpE-lowK,-0.206110614756113,0.593688085752539
CCNA_03602,quintero_wt-lowK_vs_ΔkdpE-lowK,-0.157299829302639,0.76027105147352
CCNA_03603,quintero_wt-lowK_vs_ΔkdpE-lowK,-0.049956093464768,0.953564306410016
CCNA_03604,quintero_wt-lowK_vs_ΔkdpE-lowK,0.0630686891738431,0.937919850727579
CCNA_03605,quintero_wt-lowK_vs_ΔkdpE-lowK,-0.558068846046401,0.0222044581631569
CCNA_03607,quintero_wt-lowK_vs_ΔkdpE-lowK,0.127642466292302,0.802618678082021
CCNA_03609,quintero_wt-lowK_vs_ΔkdpE-lowK,-0.111474914928583,0.839712837136247
CCNA_03610,quintero_wt-lowK_vs_ΔkdpE-lowK,-0.419492228782268,0.0871168354005284
CCNA_03611,quintero_wt-lowK_vs_ΔkdpE-lowK,0.355277120119453,0.222206668480587
CCNA_03612,quintero_wt-lowK_vs_ΔkdpE-lowK,0.466955397173606,0.0375824792910395
CCNA_03613,quintero_wt-lowK_vs_ΔkdpE-lowK,0.436989858426588,0.078209529371741
CCNA_03614,quintero_wt-lowK_vs_ΔkdpE-lowK,0.132351896848901,0.822002845657489
CCNA_03615,quintero_wt-lowK_vs_ΔkdpE-lowK,-0.250052793162752,0.643750705303587
CCNA_03616,quintero_wt-lowK_vs_ΔkdpE-lowK,-0.207947068814665,0.639695382336502
CCNA_03617,quintero_wt-lowK_vs_ΔkdpE-lowK,0.0285632005737986,0.985022854056456
CCNA_03618,quintero_wt-lowK_vs_ΔkdpE-lowK,0.0649855095860426,0.958927573897016
CCNA_03619,quintero_wt-lowK_vs_ΔkdpE-lowK,-0.423182610394837,0.0981382594331308
CCNA_03620,quintero_wt-lowK_vs_ΔkdpE-lowK,-0.16710589068047,0.834543961670974
CCNA_03621,quintero_wt-lowK_vs_ΔkdpE-lowK,-0.128595178157423,0.87769565788083
CCNA_03622,quintero_wt-lowK_vs_ΔkdpE-lowK,-0.0558087291809401,0.966276259130522
CCNA_03623,quintero_wt-lowK_vs_ΔkdpE-lowK,0.284174465985892,0.431771575308195
CCNA_03624,quintero_wt-lowK_vs_ΔkdpE-lowK,NA,NA
CCNA_03625,quintero_wt-lowK_vs_ΔkdpE-lowK,0.079518295305427,0.926000275021732
CCNA_R0079,quintero_wt-lowK_vs_ΔkdpE-lowK,0.126050805072681,NA
CCNA_R0093,quintero_wt-lowK_vs_ΔkdpE-lowK,0,NA
CCNA_03626,quintero_wt-lowK_vs_ΔkdpE-lowK,-0.444407757986483,0.0907536313807944
CCNA_03627,quintero_wt-lowK_vs_ΔkdpE-lowK,-0.255823436574057,0.581780131805135
CCNA_03628,quintero_wt-lowK_vs_ΔkdpE-lowK,0.0819230590621741,0.916162964698925
CCNA_R0080,quintero_wt-lowK_vs_ΔkdpE-lowK,0.43435837615563,0.0587961608327685
CCNA_03629,quintero_wt-lowK_vs_ΔkdpE-lowK,0.219813557172346,0.609448675867348
CCNA_03630,quintero_wt-lowK_vs_ΔkdpE-lowK,0.107388396304384,0.900000564472675
CCNA_R0195,quintero_wt-lowK_vs_ΔkdpE-lowK,0.214834071848415,0.730936462095074
CCNA_03631,quintero_wt-lowK_vs_ΔkdpE-lowK,0.148632383112341,NA
CCNA_03632,quintero_wt-lowK_vs_ΔkdpE-lowK,-0.125184510303404,NA
CCNA_03633,quintero_wt-lowK_vs_ΔkdpE-lowK,0.0849464277914933,0.935437926684829
CCNA_03634,quintero_wt-lowK_vs_ΔkdpE-lowK,0.114725424766056,0.901253730972181
CCNA_03996,quintero_wt-lowK_vs_ΔkdpE-lowK,0.0119090950721973,NA
CCNA_03635,quintero_wt-lowK_vs_ΔkdpE-lowK,0.332303749529006,0.341515949544731
CCNA_R0196,quintero_wt-lowK_vs_ΔkdpE-lowK,0.0104583404380381,NA
CCNA_03636,quintero_wt-lowK_vs_ΔkdpE-lowK,0.290987591786169,0.306022282002648
CCNA_03637,quintero_wt-lowK_vs_ΔkdpE-lowK,0.0428565627636622,0.959661793444286
CCNA_R0082,quintero_wt-lowK_vs_ΔkdpE-lowK,0.227816619747791,0.720321155746814
CCNA_R0083,quintero_wt-lowK_vs_ΔkdpE-lowK,-0.0318769588277667,0.982930521322842
CCNA_R0211,quintero_wt-lowK_vs_ΔkdpE-lowK,-0.104829699901646,NA
CCNA_R0084,quintero_wt-lowK_vs_ΔkdpE-lowK,0.36991429858014,0.126633504177819
CCNA_R0085,quintero_wt-lowK_vs_ΔkdpE-lowK,-0.103890649105498,NA
CCNA_R0086,quintero_wt-lowK_vs_ΔkdpE-lowK,0.138978792780803,NA
CCNA_R0087,quintero_wt-lowK_vs_ΔkdpE-lowK,-0.0955335253240399,0.907798934437514
CCNA_03639,quintero_wt-lowK_vs_ΔkdpE-lowK,0.0249874058209456,0.980254400861855
CCNA_03640,quintero_wt-lowK_vs_ΔkdpE-lowK,-0.0564768934584662,0.952167566207004
CCNA_03641,quintero_wt-lowK_vs_ΔkdpE-lowK,-0.267722258337211,0.538329268350282
CCNA_03642,quintero_wt-lowK_vs_ΔkdpE-lowK,-0.0603863407874342,0.948220924133938
CCNA_03643,quintero_wt-lowK_vs_ΔkdpE-lowK,0.065417697512216,0.933001706522734
CCNA_03644,quintero_wt-lowK_vs_ΔkdpE-lowK,0.0519229520017184,0.958927573897016
CCNA_03645,quintero_wt-lowK_vs_ΔkdpE-lowK,0.210399576699847,0.652410705045978
CCNA_03646,quintero_wt-lowK_vs_ΔkdpE-lowK,0.324048047907902,0.35889710946827
CCNA_03647,quintero_wt-lowK_vs_ΔkdpE-lowK,0.0703159041937271,0.933001706522734
CCNA_03648,quintero_wt-lowK_vs_ΔkdpE-lowK,0.290668321283024,0.404084641949576
CCNA_03649,quintero_wt-lowK_vs_ΔkdpE-lowK,0.199708279725725,0.62025132348202106
CCNA_03650,quintero_wt-lowK_vs_ΔkdpE-lowK,0.107716048478065,0.90472250002508
CCNA_03651,quintero_wt-lowK_vs_ΔkdpE-lowK,0.0621737034561812,0.943590937062561
CCNA_03652,quintero_wt-lowK_vs_ΔkdpE-lowK,-0.0404281099539884,0.966276259130522
CCNA_03653,quintero_wt-lowK_vs_ΔkdpE-lowK,-0.0324173833984064,0.974743822317701
CCNA_03910,quintero_wt-lowK_vs_ΔkdpE-lowK,-0.172895661250549,0.822002845657489
CCNA_03655,quintero_wt-lowK_vs_ΔkdpE-lowK,-0.0488964614694236,0.959661793444286
CCNA_03656,quintero_wt-lowK_vs_ΔkdpE-lowK,-0.0134850157540814,0.996622663272792
CCNA_03657,quintero_wt-lowK_vs_ΔkdpE-lowK,0.1455147960795,0.812973024734299
CCNA_03658,quintero_wt-lowK_vs_ΔkdpE-lowK,0.29919873288261,0.35984747029703
CCNA_03659,quintero_wt-lowK_vs_ΔkdpE-lowK,0.16341156007445,0.797312242340999
CCNA_03660,quintero_wt-lowK_vs_ΔkdpE-lowK,0.112454972886381,0.922574044312157
CCNA_03661,quintero_wt-lowK_vs_ΔkdpE-lowK,-0.0827521480025426,NA
CCNA_03662,quintero_wt-lowK_vs_ΔkdpE-lowK,0.526837019809464,0.022251813936942
CCNA_03663,quintero_wt-lowK_vs_ΔkdpE-lowK,0.121784098053039,0.809678558923015
CCNA_03664,quintero_wt-lowK_vs_ΔkdpE-lowK,0.130212372632201,0.812440502739885
CCNA_03665,quintero_wt-lowK_vs_ΔkdpE-lowK,0.137556630352847,0.798662605460421
CCNA_03666,quintero_wt-lowK_vs_ΔkdpE-lowK,0.260589798077104,0.406404607268618
CCNA_03667,quintero_wt-lowK_vs_ΔkdpE-lowK,0.236222976097976,0.553860051926524
CCNA_03668,quintero_wt-lowK_vs_ΔkdpE-lowK,0.17360307072377,0.827669587894679
CCNA_R0081,quintero_wt-lowK_vs_ΔkdpE-lowK,-0.0310046218021272,0.982892728438974
CCNA_03669,quintero_wt-lowK_vs_ΔkdpE-lowK,-0.051615018188537,0.958927573897016
CCNA_03670,quintero_wt-lowK_vs_ΔkdpE-lowK,-0.0891468382687032,0.916392833287982
CCNA_03671,quintero_wt-lowK_vs_ΔkdpE-lowK,-0.120235441445924,0.873004097353089
CCNA_03672,quintero_wt-lowK_vs_ΔkdpE-lowK,-0.25023235163404,0.555341102675968
CCNA_03673,quintero_wt-lowK_vs_ΔkdpE-lowK,0.0746413635249206,0.913597080288088
CCNA_03674,quintero_wt-lowK_vs_ΔkdpE-lowK,0.138399966905522,0.821946275519447
CCNA_03675,quintero_wt-lowK_vs_ΔkdpE-lowK,0.1515377685486,0.827831986454338
CCNA_03676,quintero_wt-lowK_vs_ΔkdpE-lowK,0.310115894906186,0.345089499183512
CCNA_03677,quintero_wt-lowK_vs_ΔkdpE-lowK,0.0994076915596801,0.889280418078436
CCNA_03678,quintero_wt-lowK_vs_ΔkdpE-lowK,-0.262173844062308,0.412982657221511
CCNA_03679,quintero_wt-lowK_vs_ΔkdpE-lowK,0.136048340731543,0.841292106577595
CCNA_03680,quintero_wt-lowK_vs_ΔkdpE-lowK,0.0300873638251207,0.973557788736547
CCNA_03681,quintero_wt-lowK_vs_ΔkdpE-lowK,-0.157751559476054,0.73909447869369
CCNA_03682,quintero_wt-lowK_vs_ΔkdpE-lowK,0.0426183266864969,0.959005183720087
CCNA_03683,quintero_wt-lowK_vs_ΔkdpE-lowK,0.130674765501253,0.802618678082021
CCNA_03684,quintero_wt-lowK_vs_ΔkdpE-lowK,0.0721946704355059,0.927551435100477
CCNA_03685,quintero_wt-lowK_vs_ΔkdpE-lowK,0.323760908023069,0.269734643438536
CCNA_03686,quintero_wt-lowK_vs_ΔkdpE-lowK,-0.174407188016724,0.763122831580805
CCNA_03687,quintero_wt-lowK_vs_ΔkdpE-lowK,0.0191588460860148,0.990640399994165
CCNA_03688,quintero_wt-lowK_vs_ΔkdpE-lowK,-0.267933604583439,0.509869544259708
CCNA_03689,quintero_wt-lowK_vs_ΔkdpE-lowK,-0.600707653750013,0.0891344146096439
CCNA_03690,quintero_wt-lowK_vs_ΔkdpE-lowK,-0.238662354584905,0.538329268350282
CCNA_03691,quintero_wt-lowK_vs_ΔkdpE-lowK,-0.144817394882567,0.763122831580805
CCNA_03692,quintero_wt-lowK_vs_ΔkdpE-lowK,-0.00632119519052234,0.996622663272792
CCNA_03693,quintero_wt-lowK_vs_ΔkdpE-lowK,0.0503555995322276,0.961147858763621
CCNA_03694,quintero_wt-lowK_vs_ΔkdpE-lowK,-0.0562916065698563,0.964660641575699
CCNA_03695,quintero_wt-lowK_vs_ΔkdpE-lowK,0.333108469375657,0.529958707416946
CCNA_03696,quintero_wt-lowK_vs_ΔkdpE-lowK,0.413800267480259,0.213180170173862
CCNA_03697,quintero_wt-lowK_vs_ΔkdpE-lowK,0.585902266833678,0.0135834849894014
CCNA_03698,quintero_wt-lowK_vs_ΔkdpE-lowK,0.298418520514627,0.425036780507063
CCNA_03699,quintero_wt-lowK_vs_ΔkdpE-lowK,-0.590103115524091,0.00276856228782298
CCNA_R0197,quintero_wt-lowK_vs_ΔkdpE-lowK,0,NA
CCNA_03700,quintero_wt-lowK_vs_ΔkdpE-lowK,0.126089521582064,0.883086242278468
CCNA_03701,quintero_wt-lowK_vs_ΔkdpE-lowK,0.423560236587461,0.101653698543353
CCNA_03702,quintero_wt-lowK_vs_ΔkdpE-lowK,0.3684551499872,0.25824769080248
CCNA_03703,quintero_wt-lowK_vs_ΔkdpE-lowK,0.647363890680888,9.38116492621072e-5
CCNA_03704,quintero_wt-lowK_vs_ΔkdpE-lowK,0.36704424285056,0.276246030823597
CCNA_03705,quintero_wt-lowK_vs_ΔkdpE-lowK,0.532948272625111,0.0214124217957365
CCNA_R0089,quintero_wt-lowK_vs_ΔkdpE-lowK,0.557496896504474,0.03145389790405
CCNA_03706,quintero_wt-lowK_vs_ΔkdpE-lowK,-0.420445849797417,0.0538449171541648
CCNA_03707,quintero_wt-lowK_vs_ΔkdpE-lowK,-0.234113607696743,0.56370262925549
CCNA_03708,quintero_wt-lowK_vs_ΔkdpE-lowK,-0.33974265660482,0.417155168465875
CCNA_03709,quintero_wt-lowK_vs_ΔkdpE-lowK,0.0563459905590231,NA
CCNA_03710,quintero_wt-lowK_vs_ΔkdpE-lowK,-0.0997835785567439,0.910927646949931
CCNA_03711,quintero_wt-lowK_vs_ΔkdpE-lowK,-0.0567865715788767,0.964660641575699
CCNA_03712,quintero_wt-lowK_vs_ΔkdpE-lowK,0.0107035244575384,0.996622663272792
CCNA_03713,quintero_wt-lowK_vs_ΔkdpE-lowK,-0.204388865249447,0.60260242085357
CCNA_03714,quintero_wt-lowK_vs_ΔkdpE-lowK,0.130894503448722,0.79708205527082
CCNA_03715,quintero_wt-lowK_vs_ΔkdpE-lowK,0.11504412549283,0.853771021002398
CCNA_03716,quintero_wt-lowK_vs_ΔkdpE-lowK,0.0994239338276608,0.889280418078436
CCNA_03717,quintero_wt-lowK_vs_ΔkdpE-lowK,0.0990541933595621,0.888070713772228
CCNA_R0090,quintero_wt-lowK_vs_ΔkdpE-lowK,-0.0523618245040753,0.967788920691794
CCNA_03718,quintero_wt-lowK_vs_ΔkdpE-lowK,-0.0555848502190351,0.948220924133938
CCNA_R0198,quintero_wt-lowK_vs_ΔkdpE-lowK,-0.0391150238026667,NA
CCNA_03719,quintero_wt-lowK_vs_ΔkdpE-lowK,-0.508154233066794,0.0121851638047008
CCNA_03721,quintero_wt-lowK_vs_ΔkdpE-lowK,-0.951759425527368,5.22292110869322e-6
CCNA_03722,quintero_wt-lowK_vs_ΔkdpE-lowK,-0.152519912022853,0.840556075826212
CCNA_03723,quintero_wt-lowK_vs_ΔkdpE-lowK,0.126741886643198,0.896834139023419
CCNA_03724,quintero_wt-lowK_vs_ΔkdpE-lowK,-0.0624932873404992,0.951890944567136
CCNA_03725,quintero_wt-lowK_vs_ΔkdpE-lowK,-0.0599448304034589,0.943590937062561
CCNA_03726,quintero_wt-lowK_vs_ΔkdpE-lowK,0.0166756563167395,0.990640399994165
CCNA_03727,quintero_wt-lowK_vs_ΔkdpE-lowK,0.114561097849157,0.870838719732606
CCNA_03728,quintero_wt-lowK_vs_ΔkdpE-lowK,0.412635601512414,0.0778860435420958
CCNA_03729,quintero_wt-lowK_vs_ΔkdpE-lowK,0.239268696579887,0.523363784838003
CCNA_03730,quintero_wt-lowK_vs_ΔkdpE-lowK,0.295136429255991,0.41565710797698
CCNA_03731,quintero_wt-lowK_vs_ΔkdpE-lowK,0.104586820677094,0.888070713772228
CCNA_03732,quintero_wt-lowK_vs_ΔkdpE-lowK,0.204347591876284,0.573633939023478
CCNA_03733,quintero_wt-lowK_vs_ΔkdpE-lowK,0.046025855551092,0.958927573897016
CCNA_03734,quintero_wt-lowK_vs_ΔkdpE-lowK,0.144764668875732,0.770090578431311
CCNA_03735,quintero_wt-lowK_vs_ΔkdpE-lowK,0.345579232933637,0.296193397417453
CCNA_R0091,quintero_wt-lowK_vs_ΔkdpE-lowK,0.297145753154545,0.483657081945995
CCNA_03736,quintero_wt-lowK_vs_ΔkdpE-lowK,-0.0477460199545752,0.958927573897016
CCNA_03737,quintero_wt-lowK_vs_ΔkdpE-lowK,-0.372846158908293,0.201413924446461
CCNA_03738,quintero_wt-lowK_vs_ΔkdpE-lowK,-0.0852180806917279,0.907191149765063
CCNA_03739,quintero_wt-lowK_vs_ΔkdpE-lowK,0.0806667169529084,0.933001706522734
CCNA_03740,quintero_wt-lowK_vs_ΔkdpE-lowK,0.011098930211331,0.996622663272792
CCNA_03741,quintero_wt-lowK_vs_ΔkdpE-lowK,0.0256550120477258,0.982892728438974
CCNA_03742,quintero_wt-lowK_vs_ΔkdpE-lowK,-0.0374444642904344,0.973557788736547
CCNA_03743,quintero_wt-lowK_vs_ΔkdpE-lowK,-0.0866854410295485,0.90472250002508
CCNA_03744,quintero_wt-lowK_vs_ΔkdpE-lowK,0.469852767312906,0.0975229076467181
CCNA_03745,quintero_wt-lowK_vs_ΔkdpE-lowK,0.439442048066361,0.120638486167408
CCNA_03746,quintero_wt-lowK_vs_ΔkdpE-lowK,-0.0347575145558304,0.974743822317701
CCNA_03747,quintero_wt-lowK_vs_ΔkdpE-lowK,0.087169322623309,0.907191149765063
CCNA_03748,quintero_wt-lowK_vs_ΔkdpE-lowK,0.186271484949557,0.724999528102934
CCNA_03749,quintero_wt-lowK_vs_ΔkdpE-lowK,0.0850265389371372,0.916162964698925
CCNA_03750,quintero_wt-lowK_vs_ΔkdpE-lowK,0.338101981877248,0.258705856331913
CCNA_03751,quintero_wt-lowK_vs_ΔkdpE-lowK,0.0717730539700047,0.927780362284331
CCNA_03752,quintero_wt-lowK_vs_ΔkdpE-lowK,0.135578706366131,0.822002845657489
CCNA_03753,quintero_wt-lowK_vs_ΔkdpE-lowK,0.150272047116924,0.780223186186995
CCNA_03754,quintero_wt-lowK_vs_ΔkdpE-lowK,-0.0993271885940625,0.893454536403694
CCNA_03755,quintero_wt-lowK_vs_ΔkdpE-lowK,0.0844216829994341,0.916162964698925
CCNA_03756,quintero_wt-lowK_vs_ΔkdpE-lowK,-0.14904593827949,0.761470945614713
CCNA_03757,quintero_wt-lowK_vs_ΔkdpE-lowK,0.0140815558902422,0.996622663272792
CCNA_03758,quintero_wt-lowK_vs_ΔkdpE-lowK,-0.185453340422731,0.768618544764916
CCNA_03759,quintero_wt-lowK_vs_ΔkdpE-lowK,-0.338857273668797,0.268670453899281
CCNA_03760,quintero_wt-lowK_vs_ΔkdpE-lowK,0.097076846327758,0.888772257678313
CCNA_03761,quintero_wt-lowK_vs_ΔkdpE-lowK,0.108151231095477,0.878462045891448
CCNA_03762,quintero_wt-lowK_vs_ΔkdpE-lowK,0.0523742049478832,0.969802236305544
CCNA_03763,quintero_wt-lowK_vs_ΔkdpE-lowK,-0.275814925120427,0.46924790327702
CCNA_03764,quintero_wt-lowK_vs_ΔkdpE-lowK,0.287271351632489,0.39601236729411
CCNA_03765,quintero_wt-lowK_vs_ΔkdpE-lowK,-0.0726410620306885,0.922574044312157
CCNA_03766,quintero_wt-lowK_vs_ΔkdpE-lowK,-0.036311093721629,0.973557788736547
CCNA_03767,quintero_wt-lowK_vs_ΔkdpE-lowK,-0.173636770817399,0.792111378499706
CCNA_03768,quintero_wt-lowK_vs_ΔkdpE-lowK,0.0915150320531605,0.907191149765063
CCNA_03769,quintero_wt-lowK_vs_ΔkdpE-lowK,-0.223598596787454,0.628479871775958
CCNA_03770,quintero_wt-lowK_vs_ΔkdpE-lowK,-0.228852178081143,0.614583153684983
CCNA_03771,quintero_wt-lowK_vs_ΔkdpE-lowK,0.0394448311246555,0.964983304302624
CCNA_03772,quintero_wt-lowK_vs_ΔkdpE-lowK,0.168002346294875,0.768691625554576
CCNA_03773,quintero_wt-lowK_vs_ΔkdpE-lowK,-0.128616241341847,0.853084723503295
CCNA_03774,quintero_wt-lowK_vs_ΔkdpE-lowK,-0.143677625448994,0.769168617763526
CCNA_03775,quintero_wt-lowK_vs_ΔkdpE-lowK,0.0100321055926271,0.996622663272792
CCNA_03776,quintero_wt-lowK_vs_ΔkdpE-lowK,-0.10303809131805,0.894619273609802
CCNA_03777,quintero_wt-lowK_vs_ΔkdpE-lowK,0.135455612966799,0.827831986454338
CCNA_03778,quintero_wt-lowK_vs_ΔkdpE-lowK,-0.0823208368551056,0.922574044312157
CCNA_03779,quintero_wt-lowK_vs_ΔkdpE-lowK,0.0276018803266393,0.987184707454109
CCNA_R0088,quintero_wt-lowK_vs_ΔkdpE-lowK,0.198478130751171,0.817447945941775
CCNA_R0092,quintero_wt-lowK_vs_ΔkdpE-lowK,0.063670400492283,0.958927573897016
CCNA_03780,quintero_wt-lowK_vs_ΔkdpE-lowK,-0.0667122693389257,0.927991969097429
CCNA_03781,quintero_wt-lowK_vs_ΔkdpE-lowK,-0.124620307040165,0.855578929489837
CCNA_03782,quintero_wt-lowK_vs_ΔkdpE-lowK,-0.0275275822050122,0.98248793002861
CCNA_03783,quintero_wt-lowK_vs_ΔkdpE-lowK,-0.0467123428284087,0.966276259130522
CCNA_03784,quintero_wt-lowK_vs_ΔkdpE-lowK,-0.172942593569248,0.767482601892328
CCNA_03997,quintero_wt-lowK_vs_ΔkdpE-lowK,-0.0893180737069632,0.92923972462657
CCNA_03786,quintero_wt-lowK_vs_ΔkdpE-lowK,-0.303719147301673,0.458116538194999
CCNA_03787,quintero_wt-lowK_vs_ΔkdpE-lowK,-0.325266135397019,0.567028549853211
CCNA_03788,quintero_wt-lowK_vs_ΔkdpE-lowK,0.153729194081459,0.789549885391193
CCNA_03789,quintero_wt-lowK_vs_ΔkdpE-lowK,0.0816534762011807,0.927991969097429
CCNA_03790,quintero_wt-lowK_vs_ΔkdpE-lowK,0.0221433056134316,0.990640399994165
CCNA_03791,quintero_wt-lowK_vs_ΔkdpE-lowK,0.0753359331891169,0.933001706522734
CCNA_03792,quintero_wt-lowK_vs_ΔkdpE-lowK,0.11201007027414,0.885611686096423
CCNA_03793,quintero_wt-lowK_vs_ΔkdpE-lowK,0.247111423719132,0.525672207166654
CCNA_03794,quintero_wt-lowK_vs_ΔkdpE-lowK,0.21702603623455,0.681836803848397
CCNA_03795,quintero_wt-lowK_vs_ΔkdpE-lowK,-0.275041400227159,0.606077269339524
CCNA_03796,quintero_wt-lowK_vs_ΔkdpE-lowK,-0.0478522535438404,0.957667449530516
CCNA_03797,quintero_wt-lowK_vs_ΔkdpE-lowK,-0.0815939950647202,0.935628228385954
CCNA_03798,quintero_wt-lowK_vs_ΔkdpE-lowK,-0.0545849661419597,0.958927573897016
CCNA_03799,quintero_wt-lowK_vs_ΔkdpE-lowK,0.11531534343933,0.860064622125898
CCNA_03800,quintero_wt-lowK_vs_ΔkdpE-lowK,-0.123573616566072,0.826063400077891
CCNA_03801,quintero_wt-lowK_vs_ΔkdpE-lowK,-0.00929013574280259,0.996622663272792
CCNA_03802,quintero_wt-lowK_vs_ΔkdpE-lowK,-0.0378410507379708,0.966276259130522
CCNA_03803,quintero_wt-lowK_vs_ΔkdpE-lowK,-0.003659989954909,0.996622663272792
CCNA_03804,quintero_wt-lowK_vs_ΔkdpE-lowK,-0.586104399935991,0.0149930638737356
CCNA_03805,quintero_wt-lowK_vs_ΔkdpE-lowK,-0.837923125149931,1.0913125474389e-5
CCNA_03806,quintero_wt-lowK_vs_ΔkdpE-lowK,-0.378441355380654,0.269734643438536
CCNA_03807,quintero_wt-lowK_vs_ΔkdpE-lowK,-0.520814578664806,0.112176279583645
CCNA_03808,quintero_wt-lowK_vs_ΔkdpE-lowK,-0.589075152325056,0.0596853710311306
CCNA_03809,quintero_wt-lowK_vs_ΔkdpE-lowK,-0.48267877292555,0.0788321678118938
CCNA_03810,quintero_wt-lowK_vs_ΔkdpE-lowK,-0.651282883538707,0.0194257227337248
CCNA_03811,quintero_wt-lowK_vs_ΔkdpE-lowK,-0.247711759523596,0.581780131805135
CCNA_03812,quintero_wt-lowK_vs_ΔkdpE-lowK,-0.265371318834783,0.529975013509478
CCNA_03813,quintero_wt-lowK_vs_ΔkdpE-lowK,0.110338347924227,0.841292106577595
CCNA_03814,quintero_wt-lowK_vs_ΔkdpE-lowK,-0.102082686592975,0.901387296495574
CCNA_03815,quintero_wt-lowK_vs_ΔkdpE-lowK,-0.264597662853069,0.509869544259708
CCNA_03816,quintero_wt-lowK_vs_ΔkdpE-lowK,-0.486910386410866,0.02190882093118
CCNA_03817,quintero_wt-lowK_vs_ΔkdpE-lowK,-0.0680841463722521,0.933001706522734
CCNA_03818,quintero_wt-lowK_vs_ΔkdpE-lowK,0.284315799649053,0.636014926784018
CCNA_03819,quintero_wt-lowK_vs_ΔkdpE-lowK,-0.09677662330952,0.883086242278468
CCNA_03820,quintero_wt-lowK_vs_ΔkdpE-lowK,0.102106234118762,0.888070713772228
CCNA_R0199,quintero_wt-lowK_vs_ΔkdpE-lowK,0.202287010538954,0.681836803848397
CCNA_03821,quintero_wt-lowK_vs_ΔkdpE-lowK,0.178113788089217,0.681836803848397
CCNA_03822,quintero_wt-lowK_vs_ΔkdpE-lowK,-0.0805542601480384,0.922574044312157
CCNA_03823,quintero_wt-lowK_vs_ΔkdpE-lowK,0.111958330378335,0.849056391111969
CCNA_03824,quintero_wt-lowK_vs_ΔkdpE-lowK,0.133408829973997,0.826725830637318
CCNA_03825,quintero_wt-lowK_vs_ΔkdpE-lowK,0.191769615887378,0.67214335448349
CCNA_03826,quintero_wt-lowK_vs_ΔkdpE-lowK,0.239320569456396,0.529392296552836
CCNA_03827,quintero_wt-lowK_vs_ΔkdpE-lowK,0.0215173476188392,0.982930521322842
CCNA_03828,quintero_wt-lowK_vs_ΔkdpE-lowK,0.141233285748199,0.775202555370571
CCNA_03829,quintero_wt-lowK_vs_ΔkdpE-lowK,0.0379837558902055,0.973557788736547
CCNA_03830,quintero_wt-lowK_vs_ΔkdpE-lowK,-0.20436724104097,0.643750705303587
CCNA_03831,quintero_wt-lowK_vs_ΔkdpE-lowK,-0.330243187890943,0.372512513392861
CCNA_03832,quintero_wt-lowK_vs_ΔkdpE-lowK,-0.0117222214433747,0.996622663272792
CCNA_03833,quintero_wt-lowK_vs_ΔkdpE-lowK,0.022179595964338,0.982930521322842
CCNA_03834,quintero_wt-lowK_vs_ΔkdpE-lowK,-0.0506220674863393,0.958927573897016
CCNA_03835,quintero_wt-lowK_vs_ΔkdpE-lowK,-0.0934271347413448,0.883086242278468
CCNA_03836,quintero_wt-lowK_vs_ΔkdpE-lowK,0.17159859148014,0.706359274423738
CCNA_03837,quintero_wt-lowK_vs_ΔkdpE-lowK,0.00128040907349396,0.998011173787633
CCNA_03838,quintero_wt-lowK_vs_ΔkdpE-lowK,0.0215597089757696,0.989832344800825
CCNA_03839,quintero_wt-lowK_vs_ΔkdpE-lowK,0.122027700128814,0.870129066192597
CCNA_03840,quintero_wt-lowK_vs_ΔkdpE-lowK,0.0958805833634016,0.889280418078436
CCNA_03841,quintero_wt-lowK_vs_ΔkdpE-lowK,-0.297296452386838,0.334780614754131
CCNA_03842,quintero_wt-lowK_vs_ΔkdpE-lowK,0.0389159198196572,0.971010544153477
CCNA_03843,quintero_wt-lowK_vs_ΔkdpE-lowK,-0.269054092011191,0.412982657221511
CCNA_03844,quintero_wt-lowK_vs_ΔkdpE-lowK,-0.378903350237789,0.127231129269401
CCNA_03845,quintero_wt-lowK_vs_ΔkdpE-lowK,-0.208819680082323,0.597192758513073
CCNA_03846,quintero_wt-lowK_vs_ΔkdpE-lowK,-0.306540827371759,0.372130469045246
CCNA_03847,quintero_wt-lowK_vs_ΔkdpE-lowK,-0.0370645820213042,0.969802236305544
CCNA_03848,quintero_wt-lowK_vs_ΔkdpE-lowK,-0.0105646144719954,0.996622663272792
CCNA_03849,quintero_wt-lowK_vs_ΔkdpE-lowK,0.380380328379608,0.212431560653309
CCNA_03850,quintero_wt-lowK_vs_ΔkdpE-lowK,0.212066942694518,0.679611689871066
CCNA_03851,quintero_wt-lowK_vs_ΔkdpE-lowK,0.253498825460024,0.583366634027047
CCNA_03852,quintero_wt-lowK_vs_ΔkdpE-lowK,-0.0649288319769334,0.934054267244209
CCNA_03853,quintero_wt-lowK_vs_ΔkdpE-lowK,-0.206310289598547,0.660374189956775
CCNA_03854,quintero_wt-lowK_vs_ΔkdpE-lowK,-0.0432263894023759,0.971770787800336
CCNA_03855,quintero_wt-lowK_vs_ΔkdpE-lowK,-0.169388732067919,0.765584846921413
CCNA_03856,quintero_wt-lowK_vs_ΔkdpE-lowK,-0.11829280041681,0.841292106577595
CCNA_03857,quintero_wt-lowK_vs_ΔkdpE-lowK,-0.170000543690682,0.730734491011103
CCNA_03858,quintero_wt-lowK_vs_ΔkdpE-lowK,0.256999551987774,0.497725141365937
CCNA_03859,quintero_wt-lowK_vs_ΔkdpE-lowK,0.167722055142239,0.743158536452369
CCNA_03860,quintero_wt-lowK_vs_ΔkdpE-lowK,0.0908030898738567,0.90472250002508
CCNA_03861,quintero_wt-lowK_vs_ΔkdpE-lowK,-0.0215303188020753,0.985381992621398
CCNA_03862,quintero_wt-lowK_vs_ΔkdpE-lowK,-0.0750256831116947,0.922574044312157
CCNA_03863,quintero_wt-lowK_vs_ΔkdpE-lowK,-0.00521469494687005,0.996622663272792
CCNA_03864,quintero_wt-lowK_vs_ΔkdpE-lowK,-0.151895399965821,0.768691625554576
CCNA_03865,quintero_wt-lowK_vs_ΔkdpE-lowK,0.0447193634257592,0.966276259130522
CCNA_03866,quintero_wt-lowK_vs_ΔkdpE-lowK,-0.185186836610348,0.678826389272505
CCNA_03867,quintero_wt-lowK_vs_ΔkdpE-lowK,-0.200794976468744,0.633709468343663
CCNA_03868,quintero_wt-lowK_vs_ΔkdpE-lowK,-0.311590105815533,0.410307666820956
CCNA_03869,quintero_wt-lowK_vs_ΔkdpE-lowK,-0.158412180313367,0.806106831215112
CCNA_03870,quintero_wt-lowK_vs_ΔkdpE-lowK,-0.0564014378892087,0.948220924133938
CCNA_03871,quintero_wt-lowK_vs_ΔkdpE-lowK,-0.0576553990915136,0.948220924133938
CCNA_03872,quintero_wt-lowK_vs_ΔkdpE-lowK,0.0660337219046819,0.927780362284331
CCNA_03873,quintero_wt-lowK_vs_ΔkdpE-lowK,0.112067103944006,0.856087697430302
CCNA_03874,quintero_wt-lowK_vs_ΔkdpE-lowK,0.201050167317412,0.672913512122135
CCNA_03875,quintero_wt-lowK_vs_ΔkdpE-lowK,0.244065928339649,0.570431657816741
CCNA_03876,quintero_wt-lowK_vs_ΔkdpE-lowK,0.189417028735763,0.706452025668922
CCNA_03877,quintero_wt-lowK_vs_ΔkdpE-lowK,0.0722102954650668,0.927551435100477
CCNA_03878,quintero_wt-lowK_vs_ΔkdpE-lowK,0.00527410340480519,0.996622663272792
CCNA_03879,quintero_wt-lowK_vs_ΔkdpE-lowK,0.100248874012145,0.878462045891448
